521927
898930
880641
860438
17227
923039
543252
145550
71870
367229
560378
378902
534462
158538
512518
592774
438044
489470
337030
136312
407640
900504
75846
133847
778186
139171
694564
510483
776060
985030
870049
283238
569843
792299
708362
446657
653321
450286
642917
400725
29142
627409
108472
590608
594919
738922
778998
994387
378144
179206
254146
35122
97219
271177
664454
710194
124433
210464
210811
988980
800244
368052
135146
602753
561021
775135
207968
414232
659604
677111
981331
253942
542041
509478
952102
353342
450955
532467
419867
154233
390940
78342
971436
253477
724916
685641
164063
13804
611532
412858
884695
229634
547058
838619
822052
608376
91275
918163
739879
7066
314696
750294
629657
610641
750458
663378
413216
242706
566607
758208
798360
299794
12224
941323
472782
176947
277862
517218
726591
702824
150951
495089
73199
104984
179397
693578
990156
195672
177906
730610
13432
415105
337445
198524
138993
27856
454944
251255
966027
289918
93663
484877
141390
145384
435008
342420
109314
321106
118712
255828
908362
496619
666087
990894
141881
80511
172555
192110
636301
109356
364016
792872
647898
667179
108351
26924
104705
203880
71627
351643
532244
360081
759982
858970
952741
139120
424062
415572
957131
966424
821526
806788
969401
549221
648442
432529
638696
912039
93536
141165
228258
403098
186003
991175
884375
595128
381606
954794
349515
706480
418975
511250
809590
555791
33798
177194
174703
157854
47365
907955
415814
837673
811736
989101
453101
387121
844130
369779
947764
834046
784061
329414
788493
425046
131324
803409
854121
98227
917945
474803
890136
623551
935071
621536
544179
401386
527091
997655
527076
584101
309865
474355
229038
484055
315924
674118
511884
164163
96932
52296
714620
15162
405089
29019
389344
738687
28096
347861
94806
122575
543249
254741
633935
431794
368582
71958
129800
184655
97971
73322
172782
614262
225696
935636
59658
420973
244913
419740
709182
993380
733693
413671
338221
347378
943736
209813
725776
207936
830786
843487
583142
55843
8410
322456
423711
525676
797068
214435
174560
764603
282924
8069
71791
132037
655465
855875
20360
354244
379891
302610
208833
124665
641714
749973
521916
594813
936213
412473
756958
737622
824504
521384
712522
449113
291290
623039
95875
337331
47160
179232
328108
958081
236323
467549
836867
544369
719179
985087
540774
653717
695708
169057
88345
377330
180277
588953
576842
384630
661672
590638
840350
392904
559289
442830
670250
465823
442451
883963
806997
574639
955985
623129
722296
52872
353589
19689
375178
627749
546240
423611
899806
362894
233103
354183
879479
94882
832351
750400
788350
361370
319361
269321
599678
171545
819001
702602
251571
903021
259583
577591
724614
311264
293077
651585
727326
908037
104071
797464
190567
876519
767305
516408
566823
415309
190877
687478
754397
873524
1697
631647
789328
595449
270871
274823
697012
432473
654705
449827
960202
588151
337094
872025
463362
134893
177202
338274
406300
927107
130213
719039
36094
357240
486107
712290
973240
911422
864054
789111
927371
127760
211251
59441
690760
828587
601984
842415
496089
694604
400119
737225
497188
574490
777952
228553
580058
64969
58131
285294
557896
507328
268338
35172
205021
425151
641770
193388
830710
976382
989772
136267
622933
845292
504912
707708
803213
826266
728757
631831
416521
159719
988794
254775
514010
752546
565340
455044
989700
905793
787239
816618
10206
198989
494952
216890
760657
20620
142009
90725
547609
956867
988504
627188
62382
15186
461772
145710
964241
609222
295806
804488
203919
91051
884798
918006
572924
52229
553968
550869
584409
901513
88650
952672
836301
973152
632111
477295
180595
958206
553792
991826
741643
93502
833738
626475
454589
859038
820289
471526
526534
402832
559405
428636
334260
126153
547084
105093
797659
668762
265649
928382
957467
941716
222761
690843
681182
393274
915144
754714
923098
318120
507969
329311
919344
735467
198159
122011
322498
534593
470014
181620
171603
935265
587539
785099
69581
184840
937630
35246
445120
927320
360084
406022
236788
471034
675654
827200
563214
252202
613004
656997
861599
721610
176238
526696
778781
732187
629985
342357
157264
973443
343366
955525
479188
157745
417619
73693
233947
763540
654876
447627
494400
345236
820618
622821
422632
362060
304828
871985
679947
134238
89398
456739
735597
475966
273950
968405
750430
358089
436310
696221
765238
843058
573687
687772
899236
662125
627856
586855
890208
461251
481850
484996
353411
317332
307366
590780
79620
560636
607361
627644
980201
906570
266391
513344
261545
896252
216089
31517
769472
624693
489535
169203
673940
336100
252972
348274
158932
374042
926653
107366
939548
7161
899811
566335
715424
92294
952733
365415
452879
60031
597551
199136
983143
713941
665334
8066
897664
260875
683049
142382
299110
559824
466376
119194
7662
958522
303630
564933
945879
604741
995960
164536
483830
14867
607199
639857
13909
892362
388922
708759
248905
760778
460705
848062
236248
133399
73773
902211
316702
451028
526513
603885
232085
89591
886132
944853
795928
428261
546519
954049
18707
114083
789355
669177
312042
838081
941925
500187
991489
391738
827738
990337
21026
764976
546712
255265
902673
355768
872972
100090
99753
809476
106632
801256
3523
72174
598327
356749
262681
234014
474150
772722
853307
623059
504703
399282
595362
370921
218912
403199
142932
912695
732125
657401
872099
47680
731613
657465
590856
202711
142472
713618
352936
277992
14595
722636
705658
34652
91726
806033
48025
796830
257671
901558
748854
646769
574029
82592
541756
825726
415856
889723
466505
66024
467217
74870
260586
784574
448884
475944
913446
822201
477976
404933
419461
872519
395997
828778
360456
805690
771660
768219
595546
301990
358240
71847
922297
134826
593204
605504
610923
696694
925690
397624
296220
945445
759034
798508
380398
531695
449743
919721
552549
659348
642924
349961
126608
971052
706548
469808
287615
892880
841164
150470
86902
59823
839955
117435
7513
309030
391750
855987
544247
799824
956526
74917
938320
727558
530104
570834
442400
229259
980535
574235
861292
916017
170347
903099
346864
980112
467196
741688
16238
131372
98463
787950
297499
410936
269201
106533
520070
828130
923904
792677
96037
923082
796657
279720
408456
294925
589615
54877
286703
193568
14154
834325
671846
426478
752912
551944
457138
545394
191376
31709
53514
401298
901455
770468
777983
172054
437217
848220
190432
209445
591246
691720
271729
205553
440223
17490
338707
395649
274847
912975
459339
35393
188621
515054
20487
822838
69648
631709
79090
63097
739322
786527
553383
929286
170544
832453
152834
334841
329355
332445
115308
449021
385380
583900
49749
577016
399028
780346
128850
102156
214832
750549
314184
627498
852180
70851
977630
772743
85496
812584
968591
957479
53587
185688
892347
903206
179038
156323
653072
154388
65449
98635
493383
768766
756559
55117
462889
779192
537448
395325
559420
386842
202554
759498
418427
688080
279835
680004
357174
769214
901876
730899
904477
439163
136633
747133
298481
279877
662411
237005
674434
937233
52095
601884
230609
834312
774966
890861
42110
301626
714661
927913
657643
298972
41239
72828
445025
400164
148927
12106
188908
718161
722995
176531
190740
820039
767030
398267
519579
884911
616780
854902
619110
739721
292845
626616
261072
727225
657479
784014
619166
765329
705334
660854
307600
159626
338708
19469
877280
246368
604055
865754
390174
761940
244461
698214
982178
543913
621789
551048
415670
284704
298335
188396
315261
34410
650944
535276
742800
942238
844614
638468
507845
218750
887639
56099
533155
934201
515345
558879
903762
531906
974417
244474
701831
840902
302791
875135
117182
739843
511991
64281
411179
693380
648190
282941
303386
806945
431605
703824
616883
464250
875813
224666
734318
848836
231224
755075
359732
237529
148279
78897
161594
183389
300084
264803
321392
522948
183473
551469
764463
433485
240062
601279
708519
661114
140154
983646
156541
525441
458805
177817
949059
163
530717
34943
507636
256339
593842
997765
384138
972578
414271
396774
256359
888388
187311
656095
772902
728223
69090
570474
325458
551926
140735
318324
654397
810097
408621
716901
836413
155977
919627
767855
835255
631350
355040
330873
767352
173689
792622
941598
331789
304789
925085
424641
736998
138397
487443
209282
534071
103383
830956
525649
329723
904883
673080
799882
61631
218908
8518
482530
804517
233031
107430
486380
108264
310295
88601
271347
93902
86264
721245
649618
19210
730257
215856
836181
103093
111353
6932
962069
404319
889878
566352
430361
649379
614936
343534
843308
269408
186378
309916
122739
850585
835835
900542
425623
510322
520351
563646
830623
866272
887151
769030
691947
824358
211089
210466
846829
991391
40896
806320
855158
661780
890524
716846
969066
686966
181711
371613
155643
226593
83666
307173
309472
677429
220534
680857
488691
188201
263843
129741
433981
913910
128601
667789
483698
798100
459427
558386
856590
43493
986346
718953
34027
100337
792991
96081
837955
822343
189784
904678
222324
397658
160581
104053
408089
649262
876907
263720
438695
160538
2464
579967
627473
512018
46094
127443
182413
71154
762877
162929
117576
259995
293727
618844
682498
903230
275004
617479
825002
298984
231348
633386
220573
455583
836650
261328
24263
108460
866974
783486
674483
59094
407465
353348
813310
901517
903661
868346
817278
348422
339835
72600
413631
198071
87798
676994
95475
519400
494087
577837
440614
401181
689742
465210
625320
796286
648245
776646
224690
364184
173112
349326
67640
675857
752879
757856
801459
749465
340875
186008
120314
344976
418556
815177
272400
849517
51832
964294
558981
840340
66536
580981
435550
766466
659495
32952
992614
197925
415953
262645
954467
256773
940465
440579
983095
493713
518156
987668
664034
285933
543847
226309
699277
417014
530347
852122
846315
140261
70574
552166
503981
996234
221222
635433
518245
33800
409834
12591
620944
13096
679430
632338
282019
686096
871945
347244
162584
351187
366758
834720
222217
428290
557473
524452
652423
950317
395240
754006
487498
589588
888704
824928
117493
601745
87043
370979
721030
582606
624878
109462
552577
608821
567877
7077
465034
250347
629648
526480
119866
158981
802875
908179
65274
16920
59479
733651
51377
238877
267055
99948
443650
875099
425915
323895
928796
839917
275108
350920
194833
169426
174270
860263
543263
394764
872842
228439
90300
66910
718357
898528
840677
274949
166919
203669
652408
261905
795690
845310
941938
70819
959710
311554
423959
464695
940818
947834
959032
118303
249710
265251
903435
438469
639460
170931
840623
737249
613903
172906
440222
44124
546697
433987
616418
125622
562946
879176
227964
129309
721183
152203
712454
228265
925087
551163
799508
445665
920961
651755
458707
915529
751182
119875
608094
369040
443062
284468
80848
810188
906343
814088
748060
113963
230385
311898
206816
40761
802540
179885
275916
843411
514806
253903
685423
112576
103912
310588
863206
868863
607148
357496
241953
512743
86459
290773
532790
275592
308062
721757
816492
2144
225206
912006
533716
417035
293386
977750
289466
509189
716125
242177
737165
710492
912026
772630
387576
2471
388510
270362
274973
150314
792426
701129
865330
309215
236569
23417
898015
724377
795266
1807
651677
341121
560574
321454
212057
310705
331665
849915
291743
375858
607669
267546
875606
12837
506689
175394
917632
444785
728352
934458
717694
602919
883821
742005
879018
687038
309206
415087
428995
315091
135403
238086
105958
261908
115840
910266
600108
773738
451343
915345
623358
593852
875087
350546
176520
954300
892530
54879
739810
782958
586650
784758
857618
357110
447827
563996
88065
663335
317225
320641
590489
294341
382915
794573
83472
482069
990397
120830
673350
760666
573103
772603
379071
420647
974330
770146
51933
329336
383105
151222
261493
316457
885162
347859
605294
956220
391911
767822
585304
92341
353984
678931
41028
430666
156763
533209
204121
419565
277130
149442
243548
31442
978570
309939
388771
12327
116980
429336
480763
89396
993824
485762
686653
818520
587453
959232
697818
718764
983898
86641
374247
104243
654934
92162
490556
737541
343371
406806
713928
230085
739991
504666
539494
117683
410689
170225
140465
697513
238295
947358
406242
231113
666105
569331
155927
848073
142738
657146
264002
970858
379659
72292
848444
344136
48825
170217
69815
617733
861704
622324
622328
49582
159813
550331
754249
122077
499052
124269
717355
90845
417690
418318
670010
8036
862137
578410
604255
919041
351350
371972
80061
60638
792272
975974
160775
972837
536145
155873
199599
676759
297033
848173
771349
130191
542476
545206
332605
791998
913951
570708
167773
741293
732807
83568
72110
726707
51900
773846
373580
979183
252042
366836
868431
784289
115364
75494
879248
664631
352693
791231
141646
199862
152612
699479
907996
110610
962401
966922
322954
518749
260604
511632
651887
58910
888044
289869
619257
619598
193232
732107
43294
636170
716455
224588
834049
84094
407911
611233
357649
213696
563582
767376
100099
119758
660628
774208
142853
853995
320857
731686
884463
341611
565239
98245
53083
112530
710870
924415
699164
821600
947204
904227
525972
258510
701389
399504
924760
451603
551241
471271
281933
367346
148567
641931
859993
837611
458081
564137
581251
820226
831458
111503
603257
714388
173278
587540
629428
643004
708872
601673
523601
150067
804927
448957
646275
137952
251654
4656
999378
584530
493568
669862
551369
462309
558824
104992
258652
289632
292363
274948
813869
611699
260660
808657
87249
56103
793460
23181
322428
179309
30140
666280
375353
16687
469130
940093
48239
47821
745925
138890
48630
277459
402267
825008
120889
812347
741173
837400
795300
665686
416652
771620
78060
165397
74284
759667
761491
339137
751233
450661
509653
404733
636157
56197
176141
882980
830164
390234
109071
553754
143218
825230
564822
773490
489620
731481
609349
320456
922880
308972
343707
602873
940205
669914
482369
218282
397691
120323
778855
510109
340840
493542
56797
221714
498579
340120
243046
696845
513012
284319
331867
822849
567078
24536
454763
739756
299108
276534
676768
304939
311888
981499
465818
997453
818980
77634
907476
490529
132411
339080
522001
403661
38358
295275
991293
345910
820510
257840
927155
609258
311793
556166
120714
998143
581491
140507
766355
557489
738929
364153
215950
774278
825564
228748
932095
911351
282156
337960
748213
721415
635238
604466
773278
516190
19114
807535
922643
401513
573705
944037
425787
481948
98665
740546
690512
147079
500594
624522
541690
804077
837826
432852
567829
229594
144580
370003
168453
960593
947932
530801
356942
418295
646925
471323
173712
108766
282971
367398
314006
735481
201330
141974
300154
931288
880304
920513
511672
329587
47807
926005
466794
611194
962604
739129
890524
626702
311408
860465
616742
347229
937004
863463
374116
132172
679950
235442
249867
682855
68516
635723
546323
538382
804922
829452
452158
822620
232082
632294
334912
343140
263072
962143
687656
266628
730388
161538
199239
450594
232937
742768
51091
132664
950612
710537
493977
351783
650258
589769
41624
635493
663801
1375
583120
576133
426470
50234
791014
922402
11802
174191
793693
224378
513614
685043
6696
196363
491933
604204
99200
481671
79192
55162
153209
172513
835651
73535
32323
259853
288027
819704
788387
191838
902591
668574
422778
613216
944230
585552
883489
108769
989397
467145
486099
217522
219359
319713
645075
580607
335824
545229
881151
179679
195686
807120
672253
806486
437943
442599
817044
923025
147265
154427
226720
913717
644831
728562
256910
714968
393076
818428
548542
16277
221795
348899
552141
542538
770870
204957
923948
143701
76224
332621
753456
792399
2884
959359
259783
874227
994905
119514
836851
801088
875043
109309
714617
464146
879468
663027
90165
584903
764867
541926
199438
255532
689702
195839
411201
121348
148117
127929
14769
383281
317004
694951
716910
308300
772647
724103
93391
858356
442430
554801
850022
850798
721150
804008
975792
197989
189885
227386
122624
934305
867241
804897
21858
201816
339558
66252
16560
89516
937335
453071
973354
243118
547201
433863
1445
319780
887042
464549
281816
522545
961167
898189
28188
8744
716514
746370
439233
984014
872689
925843
835937
427727
88871
926698
446119
666054
376834
778405
816142
860418
764661
89065
720910
151801
306572
596827
310930
970762
601625
804062
818027
316236
314115
746284
351778
568229
241349
226440
140300
84884
750894
495505
245987
530323
635042
563953
396502
101545
118578
656820
866375
942315
717918
483754
946756
394606
1966
865653
580463
664117
780279
823115
640038
376408
983085
370404
682733
696632
147334
453457
162510
239297
804322
958702
388460
40423
292627
597334
338489
719623
735927
424136
299472
766985
440651
708707
743424
143897
90899
930628
505262
554397
398347
856005
220311
386276
34450
261659
833579
883765
549941
460681
868224
965872
356317
455950
565036
242206
135435
716838
563524
142280
58915
93169
953634
550194
82769
909606
905664
596113
347279
766030
436432
149650
213036
407926
852736
925070
899493
942652
401719
963135
240610
221266
93011
431961
715265
623028
563310
817512
44272
741930
636219
223644
140063
647906
523108
407954
523736
666972
780536
263951
180906
674546
61071
962339
581030
590442
853851
564195
968438
614695
703695
97847
945942
842933
351185
423879
556153
322957
832828
192214
741285
387886
913315
912232
84261
39174
978091
245252
525069
739637
171306
313853
998028
708334
353942
770939
862417
793819
526708
595332
192298
123012
920181
830214
323567
880918
763929
805731
35321
762832
144737
242721
991586
819674
875075
509453
684137
736619
352094
922347
863921
642368
86667
427563
912054
655313
879003
751810
567769
583684
111156
754408
934081
617725
399412
441481
723547
769610
90530
47556
388896
510333
961982
597378
165726
328595
337114
792290
402340
991726
471540
96039
979186
267966
868411
243001
480762
247321
839980
206096
850229
499605
359600
833083
712704
801368
381261
405399
520622
176776
159967
233081
531403
669037
763622
557317
458292
412013
255912
588786
955108
439324
138075
26384
30358
662655
818999
858146
162189
370492
986060
581330
177511
551495
379290
631435
307593
409447
342263
208528
586489
112263
356402
279829
294720
37993
70836
812386
769700
414711
661672
890586
541983
596140
851415
46189
149274
634929
199180
777853
328736
833667
905196
933402
106471
451010
87764
674821
828764
493662
514018
938819
162241
681285
497007
815705
414079
955957
575099
243304
790125
839375
842234
852267
216756
354814
840377
19981
819208
525018
525042
234166
848933
246565
741098
505313
235980
636906
23726
472771
754062
488930
784730
374481
942857
968154
383341
474121
664476
543953
741042
714002
29015
108691
953539
492202
873803
240036
258352
961807
493921
865159
244376
739532
527912
131380
599213
798738
383356
290493
950227
518511
186671
227183
431446
978238
714673
511039
110291
180421
279764
888335
293269
556523
452324
209119
126994
274581
991484
313221
348713
189513
136363
913493
84031
766284
768592
612273
283307
294005
925533
49839
722301
532063
118681
867303
586732
802843
610596
753797
366986
132666
896558
237181
835972
629560
550442
674882
474714
969803
273530
959921
904379
620479
424908
860936
375681
883161
537882
590035
322689
476961
376350
989421
961684
243387
719469
378126
494049
179732
321951
490729
551032
425321
447713
815257
436935
813504
716172
16890
516449
331188
159718
929111
355224
351316
845580
910820
654896
237999
280707
95140
561769
512429
229515
741316
514843
479644
950280
409872
521952
224862
231226
246111
917005
719912
121660
524823
220317
305724
698878
526664
125934
721991
632405
749389
412779
561301
910344
467700
480569
225921
570741
902020
49770
929487
248458
859794
545316
153385
112356
802117
430824
933844
661665
631912
100343
404362
386683
619836
938262
407854
455293
419512
120319
191799
467145
538985
842870
337917
213895
144980
586568
345878
121879
842683
477066
36471
191917
249277
199600
398384
722880
409263
589322
347439
152682
770883
527151
192175
573741
431092
334983
139698
338420
996200
889883
356059
301088
651609
113822
465074
505756
390116
169177
834704
328311
104237
990214
133551
453384
267397
428849
585480
209812
835716
655369
466347
864603
250862
484903
894276
427363
494612
934260
420844
165035
81244
257854
879028
945822
543074
256871
360349
296893
611353
989315
222207
187256
550121
61341
140687
932104
261705
227252
961564
837441
122558
2871
374803
836539
566066
277308
943847
712613
820610
917644
536333
325954
355462
784681
433274
214641
237098
976564
6491
527185
507617
888037
793110
366327
568951
989865
551502
848894
982394
747438
871446
113947
564842
312811
533710
919873
374164
788041
488271
719824
444141
143949
164402
602199
321137
209439
327253
330298
99822
696451
190953
43773
341112
538814
983692
618681
686168
609086
150229
662002
262803
414334
433798
960739
675085
321152
696953
808201
580039
473277
74192
449081
849992
22787
783143
964116
221796
299535
548265
506512
339510
291449
690231
502834
571349
830628
811358
722734
64107
679227
687921
976715
345171
940710
972888
951916
389947
188906
736384
966310
321444
770287
405639
58992
267593
950938
355476
796670
252699
456068
523685
266215
5815
289288
407940
193747
538396
269927
121383
142748
842600
421734
431391
904667
377947
543528
274402
995452
173846
276395
951173
383079
665738
142588
595745
22536
283020
687989
622689
948673
354757
337226
802372
920283
804139
162842
961003
613639
155477
549655
689400
277879
332202
15165
767232
421605
695627
503056
844188
789022
258708
878909
633220
707497
481370
858378
630213
287005
541279
597328
352870
901594
879731
35416
138825
229777
377023
798839
93409
249600
395270
694515
645134
925792
763104
593303
318713
9835
887774
565092
326499
741057
100404
998141
331945
998488
700991
482081
207894
492001
476936
415251
330917
59801
140768
649900
803090
507622
494758
641287
787164
922288
208598
544279
367036
988747
208548
317226
363476
803636
965645
396495
74248
927940
524549
24846
894430
543229
687976
416117
376195
866471
812015
565070
615906
38247
526695
826864
995924
240998
122369
261172
793747
756130
138408
711821
298036
844389
232952
231646
399840
180435
994979
754623
404409
807308
405990
776277
327474
477626
769803
111616
540076
393395
695592
651777
536273
685865
489232
623692
776115
738638
319655
997887
42092
515033
783432
329722
274685
668376
549823
462880
534202
716529
324512
915793
231434
877033
643204
33414
668692
483105
286826
26904
587069
46452
557708
563132
530002
904235
98051
984788
766135
798590
794793
868852
652340
667908
880909
529485
893057
810667
312475
473802
155779
174486
989546
683647
344356
172655
924399
780519
923869
30582
946309
51514
433479
72572
531937
220918
698537
139330
733764
971495
841729
148927
163803
191700
364348
450406
820268
69152
744505
748566
412197
987716
321705
580712
612229
99477
101030
213807
114355
256383
868899
192625
755130
143029
637600
334462
856398
215607
190467
880630
8507
834536
85323
130993
711381
467118
821949
652647
643984
117645
644481
85029
407506
289130
313415
899113
457746
903368
844804
818318
249538
178773
454868
184958
254900
144089
639118
322150
96508
950891
205401
913562
581616
822793
993247
994103
389064
812896
250880
129339
152286
843515
220488
691536
941721
981052
640567
485360
896403
536904
1375
127947
293979
982205
197578
859792
451040
375147
560290
887644
167928
694476
13646
97686
700739
498869
392217
486420
335553
473636
607671
86540
357611
583623
42811
997638
276838
441337
388959
608768
826710
519855
471973
736690
645100
312295
241812
163943
434572
996253
993689
993984
659165
198666
200685
893876
325990
984523
28800
760206
876744
630967
439106
486616
509783
191070
13921
514445
55052
511511
399451
671433
769528
948671
767925
589341
872142
659185
486838
208347
858403
165758
161920
233627
605877
51604
972465
143483
273617
79497
988835
250472
581945
469288
716880
880000
74475
405376
424156
401676
950173
542607
124004
901053
587807
495545
277322
541411
31013
880869
880966
706391
684153
262140
941210
836999
462887
343752
103910
208040
827902
833430
602925
366793
618718
20593
414675
36392
299639
981610
959315
166001
906885
514471
489022
567375
33373
628471
352086
480355
672931
909696
971342
612629
499993
388999
523357
396614
273370
434178
673067
945472
830902
298004
885777
352388
755585
57565
113359
815234
856461
422638
907919
860292
756237
888172
611889
315874
264677
227848
977761
556428
120365
844145
84662
332389
194845
407575
283984
645421
958736
422787
555395
512835
691107
430923
28478
200299
971828
18813
822260
485338
108213
921168
334446
564898
336497
174290
938118
188445
9478
228743
608518
38098
14515
631650
871589
526191
854742
640259
491207
328225
578588
462874
592397
799227
715597
948598
436891
169083
583790
808058
382477
427685
902753
235635
593875
693562
587107
888642
409187
565970
47857
423172
325402
881217
635825
464370
449457
510882
498514
968668
94303
145006
25973
646481
475095
836079
412915
362634
782944
620653
579416
173950
759339
94162
893880
270693
818397
244435
307883
799931
477144
872739
932520
555649
515654
276125
714096
65082
456383
807173
499308
370974
87321
320296
157304
107289
383791
797574
501359
342040
728782
525087
214976
748144
319678
597155
982782
983454
694815
807812
892671
285579
928910
206083
170766
469472
475661
639507
688774
256512
742337
275453
176778
456952
827703
38402
131721
803801
266960
819412
597916
804355
209818
25309
180001
896500
69786
128218
937538
333701
103026
411724
114605
582941
6013
783034
842261
927132
326053
646393
885047
409941
96918
578934
335518
429816
333339
854479
364369
750565
842754
175396
541255
411942
793660
252811
305020
879710
174
757169
500401
910756
435658
384241
994825
919280
334164
370458
503024
495121
199668
894753
219214
250752
790347
445031
62444
849839
462869
483252
350506
479506
901078
675976
815449
163967
791579
70960
376077
688601
167712
352606
495054
531737
390635
478974
375958
897783
654747
269714
91117
18339
645930
577240
378896
604858
791914
36716
776594
111047
262237
446774
250907
667705
842402
453256
147414
51980
713549
165986
278574
622022
360570
312311
907496
760489
783318
615942
720639
69304
215234
916368
607156
568135
612697
3356
207694
609611
423109
69609
85501
93206
688832
984529
776921
646147
218326
682780
16520
154140
52863
898352
234274
930604
726047
749471
962231
418511
725585
246053
403730
959942
321424
81292
442255
482990
499057
154899
660592
13534
406342
734843
947743
270494
594865
764005
556696
437055
884578
88794
984628
838007
4192
652433
841043
802751
431014
842151
82647
402274
484611
48306
326661
846876
923726
498802
925647
151372
625731
403823
810402
798642
911027
428765
543911
236841
269344
441334
538120
301676
568499
224212
358679
256460
250873
151119
622692
578471
41365
989632
856369
573558
414690
943556
508578
994177
233922
58688
461715
107318
176537
946192
670778
212477
228489
556269
171756
554963
242768
812244
676583
55296
962337
376384
396631
403924
698453
276921
115716
749736
958097
870226
879189
295577
251818
294302
318714
465410
242297
894438
68790
621666
193949
68023
600387
451010
438526
41491
96311
453643
132549
148882
216888
513380
313151
226523
613332
5271
765066
759262
432096
26773
270098
35046
363861
143329
816958
143849
624523
421224
869356
75873
816177
376364
681040
122043
381550
446385
156918
706320
246865
533964
691221
558078
323174
557804
114191
928926
842238
666206
590967
722067
904780
497139
864425
329380
177178
518490
75883
985591
154746
424495
818098
338144
922788
630248
980874
535890
704397
642910
705332
912376
262855
373742
382776
575426
58611
273189
864344
60357
67999
745415
455280
807298
354912
866834
282381
893921
34066
306174
24122
191660
322769
162529
207918
336661
607444
870716
287922
678533
725120
816684
542621
535736
507904
251626
80756
217135
676567
637603
706950
383116
961082
216963
176062
617266
384148
951346
263993
418251
500103
70586
752658
57021
603529
687507
461249
280845
767797
812335
454641
812928
382954
472138
726897
161446
511589
315758
712293
497628
98059
566542
726881
721318
667539
23683
827867
644760
196454
825465
826450
902191
957841
589984
822918
3453
123059
443368
85171
252234
619907
710365
809084
438330
841740
48371
235926
241586
285482
652219
588788
343726
173475
859147
825798
633208
399822
231571
389730
611090
440890
541121
14303
966812
894513
430630
463821
374985
382336
755324
768327
217870
128678
221354
916750
764049
811909
917435
109205
444305
491710
973258
623535
27800
67112
505658
473643
740212
646326
262936
19592
87982
849945
355005
163255
966722
321472
668392
441436
274638
213000
337333
619414
885814
149419
94919
474664
93605
648561
248
147784
24574
472494
284946
939406
223521
854969
892912
344972
234482
600910
66862
191357
889318
850466
722776
357431
205081
274139
22423
303413
561948
116418
875595
277539
367771
98244
700032
177658
116222
774899
172103
529063
775601
38715
534683
767478
384972
864052
359972
112817
18941
627284
640717
531800
343491
332506
530830
815624
353374
387482
857681
984551
402339
525954
868095
401601
162944
299825
898692
7598
143990
645234
32697
226948
593385
301898
700004
887743
465038
553967
61085
456429
417582
757460
748431
903513
321370
432324
937426
226924
405953
912559
921867
87008
572513
919570
916341
380676
646770
824033
342168
698924
716609
165145
238671
840841
806824
953409
163444
783962
268048
611257
621626
870154
349172
834715
444173
668737
810693
332967
989740
521295
869495
111667
543794
22818
773660
752728
209768
369370
309889
616384
121621
690127
99600
862644
652284
219275
425485
559893
966868
519236
195722
71997
627447
558590
887025
140776
899224
391714
567383
974673
763594
144503
785745
57529
455136
287325
976917
797520
834373
902142
431342
825807
306607
265285
40129
766673
943260
381639
329604
426837
61538
835882
101949
178752
923091
570502
301299
504359
759067
746170
995650
651807
175124
60865
172888
246801
496333
863188
920623
598281
66048
551169
419925
198962
927871
134655
221147
327264
19179
44035
541796
820793
203165
732910
744869
298998
703537
39748
737997
118126
669977
989139
591038
611863
585939
796332
806903
136868
469171
433974
34182
63660
560637
332318
767246
326848
232209
53453
522792
216963
979067
125146
74807
354834
303865
587079
254612
911415
192760
71967
438235
940534
817593
374257
397467
397856
298110
529365
125457
640588
307029
763048
93819
458038
621104
418307
930346
758791
330755
717188
805434
522318
354406
779927
912035
23057
264716
161184
200299
926988
119340
894108
587498
923298
976308
327506
163090
998427
673370
839921
615085
638519
206003
221943
798026
807453
402789
866307
417104
482468
469460
222959
752180
637087
859344
624137
308928
793087
149797
273981
938271
120246
122898
228025
826733
386017
644391
330033
598832
216
455691
847774
995058
945455
207802
148010
452451
515718
628822
313964
612913
532257
738255
476362
817445
289724
413914
77591
139980
881543
393877
197504
466025
866861
749851
572501
487761
271604
111945
830570
141362
843702
120156
372248
159657
719236
136497
468837
33827
955041
601070
763697
654785
784455
853281
606337
659497
807870
289509
420190
827078
117247
959444
471962
519682
616078
10752
734075
404120
253193
807115
986690
45738
456017
240916
466722
325698
725769
109909
160089
49695
682609
984074
96719
300840
188531
770438
65546
86098
318572
868042
515651
407344
609317
953117
62817
239274
418462
62953
659762
208134
2828
638874
490179
847360
258905
474957
139618
227840
694549
558811
690985
603599
123436
388073
105467
398886
879571
788642
739269
158316
630282
938514
39320
330981
399169
37623
513458
824881
260327
170307
759281
10659
71530
800743
546640
363689
310661
780484
619223
364130
923858
921520
198192
955698
137335
925536
262237
215880
489967
907811
923331
78623
260195
339926
996255
865615
196394
541854
86860
339632
160545
409788
197358
283490
89907
605289
846695
296686
786768
320645
789186
362864
543403
822971
400593
655658
430303
402354
288445
70050
115057
893012
194649
55679
304428
354027
713604
891497
966763
112059
903644
368436
980450
995351
863988
897227
878873
651221
9932
534053
282563
596494
765758
264886
768208
329808
765488
661478
862105
520971
764338
247054
811317
419196
218590
825127
622078
613380
233142
980328
266582
994237
71980
840662
247610
495060
61744
843521
714320
853428
790967
761895
464602
695657
494579
957337
144826
119016
531692
446307
236083
996160
824190
966959
208459
762031
310195
984155
820798
138387
654522
310947
453304
961587
188705
949650
396259
532977
139343
755246
836952
75043
596187
708552
597289
932723
578341
13812
662644
950716
857492
413029
207437
814110
637048
423015
326235
880042
917833
412825
372693
60731
621841
352639
121946
750946
620891
460780
575423
831107
191073
233561
498104
562553
669372
189475
237816
190807
431900
875216
572334
444571
515687
647122
930331
288862
207268
894900
437702
835583
287876
976471
391257
675944
352505
37854
347393
468440
45946
239060
99041
973988
36802
84148
900770
766387
414453
117258
733839
258616
372949
216278
318121
288908
49057
929853
786048
4456
57710
146967
963513
624884
298804
61820
546466
924608
1252
977499
414124
17060
53857
146892
489264
822500
139817
429992
381362
838598
536372
260937
693307
981556
585190
421168
199250
341571
73851
866782
452826
670286
118384
148209
382819
623281
279455
334034
389148
895574
997529
6066
431433
176058
920921
67345
449417
765007
660499
350347
766203
538278
675798
493718
280312
15076
10262
42244
666656
368164
331996
224112
912035
838381
650412
975928
923935
213727
860484
678655
683640
802809
331484
822639
297069
862388
788100
610218
601513
96086
977391
174221
806003
885644
262215
76004
111325
482004
563659
485078
244891
683977
7559
697099
735742
411715
322826
900757
128381
325892
25712
126405
730625
975511
182050
979240
251843
594883
952144
173814
697095
944453
687647
284786
301000
578895
690665
205319
68634
406490
58254
276810
821558
986854
51003
260270
458645
594404
387761
124648
881254
557074
469445
239012
972974
503397
916819
986500
873060
661775
82234
519294
437991
951956
307490
875669
346881
329478
972332
238197
42591
268532
916881
415141
709857
444954
822969
880756
896657
42345
527035
681439
386302
620432
867581
745880
104996
425444
936059
203350
311565
19518
504080
439821
353135
769428
548156
866230
82062
666762
203993
775647
400928
98332
18909
488320
920792
193826
464410
32194
485595
148550
79693
765832
931011
24807
542990
438485
821724
668974
596104
100507
82795
533317
113921
103982
695385
50486
708569
216495
750446
611294
108765
625860
731638
648160
525298
870906
174557
314721
742425
832269
764718
617127
156403
637213
42563
804816
799422
285689
453054
95153
869144
793753
199345
614233
470784
803453
318046
657347
617203
621419
5581
207868
824611
826525
279212
647104
674014
845830
201828
80793
870309
986112
371638
335419
48990
250232
384613
288308
239994
877244
453771
222764
822360
84401
829206
272649
273016
994292
614729
363509
825331
154130
983913
164161
525320
21460
926876
264021
19157
284226
138926
997453
507896
283061
379309
203487
884387
578508
608675
816969
296536
239516
121969
387583
431730
730150
82067
612186
964763
847690
798468
689285
472629
912565
969370
497906
750157
991705
800205
727511
37444
254674
198330
783007
93825
557563
517650
245726
935506
791256
563470
507525
501273
964489
225856
248158
600592
403406
601774
636939
698640
52860
519075
277559
957114
164922
606177
610801
274389
50100
279388
505349
137815
73394
673583
251017
766974
7351
390764
40461
108746
967858
968231
835234
642523
642315
815789
719949
465370
824184
886115
403788
598660
625498
862570
396617
91109
446635
108569
616290
78652
514999
963717
50132
663643
920501
658440
472526
447368
352086
493860
257394
75948
631280
248934
784683
320122
199305
508334
68139
467037
47323
127760
810340
224646
985815
930533
389369
43276
708815
198308
962554
805387
863354
625670
641724
686113
201226
572069
820642
328584
290546
467185
317982
908336
783946
66301
236866
519090
399064
345936
812239
886786
245794
767849
619707
667270
692648
731843
157996
459312
442516
694109
817991
219358
998426
782923
118706
449840
657327
375723
595934
608898
751715
421719
149122
350239
261002
803803
271049
278823
925498
721814
745094
605019
5380
375319
637548
620548
695570
87219
747773
178705
237771
958890
374150
18172
269516
308467
95404
735665
127455
754139
989198
774886
915796
337093
32963
346283
836823
796425
939586
311252
144257
63436
502204
938317
474753
97167
467532
840414
437876
555143
995277
112828
919016
414053
826851
814771
80223
630560
785429
43941
552827
476381
369152
341978
207781
736687
726518
824174
700706
64961
307939
242956
620688
318178
354654
432006
528236
531650
372828
394181
59206
661813
97422
816522
274808
274661
613004
801928
375279
155987
894698
80505
163003
672902
166685
404283
387956
878879
925155
535068
802874
306744
104058
3047
113657
742382
563133
800892
936125
979843
486003
700286
312248
822695
756630
747575
786437
57692
894555
160294
34380
462626
938851
846277
799246
115515
695082
137291
651794
110449
777961
676031
93169
583969
697816
781448
565976
220040
57561
359727
600454
757820
653739
836966
737521
21458
921785
607419
460124
137080
72387
789983
511002
490398
483480
219026
644059
492029
289562
154666
679022
651652
171129
692049
802077
104535
544209
897200
409057
986695
536311
5927
150983
338089
318028
142417
535029
445192
289157
232962
47338
466882
867815
246722
788691
564120
638264
52718
829198
699914
365895
969684
133107
343059
820742
649846
306503
91463
572268
955146
362749
293366
228841
123142
953457
473178
222198
893786
611599
889864
675759
685141
655720
320334
514630
182701
178498
905130
99900
749423
285451
969810
210820
326940
436473
571575
814782
208031
524952
291471
216443
682566
111190
99034
421567
893211
540529
777916
991758
197932
457070
549176
210920
193809
180731
675960
606198
401666
843227
42310
116947
216521
549539
565239
29648
219531
355316
19244
508874
51105
415776
400616
943194
788605
542334
198473
400027
59748
135666
988340
813685
258159
674979
830709
651673
467271
198977
512891
583309
708094
685167
574863
719333
54748
637757
992843
301717
477513
147186
127931
77686
115754
500801
891224
496495
576452
821194
690436
707754
299079
899291
772680
504129
111134
471993
426988
573413
358655
819599
418626
656083
541145
306674
798287
647026
969072
672142
89104
873713
71018
351381
997586
215251
659921
825144
25341
519890
236782
214141
119751
124301
858857
456713
531308
49565
369429
576892
561545
677756
937103
971019
356315
825058
905309
708939
454790
857433
702339
219024
314617
640289
53661
788958
780218
654250
813707
351140
59260
556706
810555
34141
534490
773365
888704
955602
789486
717587
997368
307029
462482
36128
219283
261857
524648
483712
662003
203705
309532
277808
342577
939568
398398
719669
369149
780111
768486
592523
258605
969357
162653
245498
418686
806538
928501
717459
579263
127527
407488
967094
770327
898081
356009
702325
993900
720814
454395
581840
654080
612042
580495
140641
651488
546751
505970
673663
461850
829039
233469
478616
105033
949767
314003
144825
278813
323449
123240
300754
24662
596172
88542
609932
649149
97198
389236
671353
903386
772466
9693
508694
674184
360022
739540
789073
881624
725480
886595
640995
326001
284882
88652
166262
690921
812709
351079
125659
478594
506121
325654
885023
235251
924186
279221
262183
225094
959280
453902
984423
340104
12765
876981
234542
832656
968896
934926
520263
641550
618912
189319
595018
731765
693167
558602
866959
357954
413077
479725
567529
913567
637918
910621
630968
749098
20821
550048
959832
545832
716134
683006
349891
157687
386463
601668
789660
993561
895746
393985
132285
945555
16821
537946
143969
424887
518776
202657
659359
224266
3340
554218
21694
694950
157712
61596
623311
509779
884110
428849
233701
477666
594568
136995
403158
813722
245465
287176
162216
8116
321196
371385
461226
162716
877473
882081
613409
19021
675226
634100
822716
130523
647625
152947
677030
325459
875592
898678
240533
853714
978543
356182
363829
22399
874760
656852
534826
825241
943989
340725
759075
760704
1965
782830
645790
427943
324882
495723
300654
71530
120753
790582
130041
845374
268922
524098
434445
102970
381748
386083
353830
610837
874589
896056
893671
257178
21552
517602
296563
707185
578472
983181
366589
664700
858170
507760
861421
838363
623946
909115
649343
861722
581306
102425
533376
124164
949911
786678
110652
983487
958532
855117
656504
263417
434807
762619
433825
385741
70642
38684
400018
113722
909473
358534
1272
488090
623642
99448
651232
315572
343867
321062
639897
246471
671662
103459
922982
463381
709514
394971
52363
242059
645164
732514
662872
772970
609991
91517
523022
167488
839351
711314
489136
992988
203049
248152
938123
848010
819113
629965
411569
695168
555773
643373
327174
517858
45113
976897
438845
878873
153926
921207
565081
181890
500102
126607
758548
182081
762366
157650
761069
759195
711760
543943
807779
757931
511985
467338
913280
572548
994029
708953
255265
33962
671041
451143
914626
937488
71720
646886
309601
367747
684122
703336
824035
785917
800004
989144
505850
459411
295771
328576
907548
668733
373299
208328
585566
485394
743942
202009
741437
217920
300525
831086
684921
455214
791122
585455
262593
199281
464449
882076
49101
219125
318214
309808
616137
971658
655944
753379
352016
873159
827466
842214
814616
187381
418659
355516
597800
734996
783822
21427
520649
551420
630132
647298
164873
40547
701954
849234
794924
691789
562177
782082
726187
998692
455174
532021
329234
284564
397617
337243
103383
228297
277579
132593
521050
593071
910576
558259
746418
735048
740145
560932
385745
585
565219
514161
553735
647980
112942
925719
234897
381866
308921
165663
339239
297995
501579
353980
633714
53506
211546
129472
99690
524190
965800
487334
20227
457906
134126
246057
373580
355599
694197
779228
971825
377587
363122
277569
739239
975678
675064
163762
342902
912304
209772
534003
108892
854067
367565
92930
100268
841232
969674
768034
261121
22872
601921
312299
410148
85107
195933
444339
274223
319776
543890
590511
434930
118983
426078
752423
292930
740203
323903
147202
404069
621450
378470
685277
101088
178247
831796
644993
812207
573887
111147
703538
242815
252320
225859
474026
401522
135265
241632
800372
33567
990331
594515
453479
324713
587876
349735
673412
468781
578779
739567
129688
817596
485449
181499
731681
310970
492975
305140
926309
727727
700229
147736
321280
346156
212581
721182
65485
826706
222043
825937
64148
677925
515917
211862
308288
712279
95963
382526
643667
139609
612765
370096
714464
103400
471180
108336
90126
811094
509777
12232
410731
708151
183052
244030
682146
537483
523118
274587
581365
803834
388619
917075
695179
857812
873975
711472
829079
713954
372371
305190
805908
275502
752778
901150
332933
408564
631851
245613
260076
131235
379694
551372
413873
102896
420258
244733
50831
317172
489120
103314
375910
320228
180687
839196
557514
246440
567136
444264
177019
762160
649213
221624
446712
183372
821421
453834
838832
739254
533416
988129
229536
338140
532958
293402
345768
246606
98130
921987
185431
316184
137184
286792
22612
674533
725386
875981
554396
89485
743896
816530
967257
142051
20272
373222
839131
306867
447083
168745
164868
105330
513408
14048
260156
313472
958420
228204
991995
868171
39365
638766
350069
956994
992444
233710
648433
34571
931630
140564
218257
506901
801005
350686
759842
660316
228395
531924
951241
830573
466210
652014
416739
140206
853706
399486
507350
902640
647026
476886
851235
848043
793550
863558
732515
63435
248644
869505
29013
645225
549861
758025
278689
307328
833347
625967
741065
955490
308307
77415
91437
423452
283954
944489
897289
997885
83468
830700
941687
618549
96759
515055
236403
898526
77128
333296
550158
636320
319925
553535
365397
618619
209745
31588
455329
406713
83695
861101
516163
211763
634750
279325
90154
730587
764047
415174
789997
388954
432763
393556
644968
973453
151395
185009
412707
510521
959301
909868
915168
424010
939786
389405
254806
736432
581910
639836
603602
88098
718029
953657
638566
181125
367350
662585
505676
403765
76143
501790
90947
416389
130208
928989
954893
700787
524217
622375
404895
401576
266039
218149
18075
815235
267581
389932
573292
88228
566916
676039
745860
299988
277181
721295
178891
88
68661
637501
299640
905563
978233
507787
940269
330377
344284
968658
841907
736973
390673
16435
910048
879417
807441
692117
29700
812061
81907
734065
21248
438947
224411
640735
290749
121724
75621
822932
451909
869294
395546
206351
680635
315661
325152
803954
661807
198942
528607
146335
72268
144949
124939
21263
665484
920711
367625
494184
646527
107114
979508
324557
183635
884984
657608
450555
313446
197248
244419
761146
441757
639103
676727
128738
398974
777440
190338
427155
513594
878357
505524
852438
848757
764044
943263
64671
758085
873390
478430
771512
763669
316711
386504
783374
702991
506399
173807
880476
329586
583770
615237
251705
583155
427656
738092
848473
108131
383540
734273
758712
363572
274150
473117
916795
282444
389312
161611
641118
252662
14499
933946
576312
426219
393368
179562
666709
624583
283214
726565
426110
290413
15593
314920
148374
921803
776500
847251
637797
896752
406532
241728
144925
63328
531349
903009
790746
212332
480586
821184
617596
375776
187002
686363
891870
686813
55751
627602
490830
170332
562764
21029
621843
458527
936360
681004
996847
972696
799699
857336
137800
797153
964114
974948
711643
700375
612157
317715
951798
321395
728158
412369
924079
208215
644390
285754
943699
521309
302993
326764
235133
72663
949110
340649
13386
878631
467351
797496
824173
737956
342624
220585
380183
519664
619490
653772
528048
633518
555160
975386
574146
339231
311595
777678
64744
125398
24133
52104
300177
613673
453569
630597
22139
837878
772013
453367
32925
481642
658300
116974
683414
44926
906481
624666
15140
773448
398687
997764
69198
894707
655468
467925
632939
286958
632097
295462
83480
766177
714738
587987
658273
370189
543312
278057
326040
200332
926616
95445
356487
160334
541513
626867
123459
714521
278686
578593
545797
187543
185269
433313
453847
373717
594024
482619
5838
818233
669403
603049
516641
737542
241995
208555
722302
552976
66979
696163
827844
122251
200693
589135
570796
370743
385201
567367
723017
167711
141529
823721
73982
991888
597743
930824
518564
89912
454175
597374
15722
805643
396043
592821
595137
567822
988089
551587
642398
872561
518351
904519
598199
87576
22085
111545
751615
577947
627758
189143
416494
324609
691828
137829
340393
695857
506943
971152
255215
763537
837069
559720
932297
319759
751939
232684
982920
902864
512928
496323
246851
737710
274385
834881
437764
163370
559518
70888
526721
397767
289299
283640
747930
738302
771629
16511
83641
883302
507923
568000
405004
670400
569565
840336
484379
746812
476513
371962
641347
995923
79745
936326
51166
243164
66640
462974
655020
231710
688102
414742
26583
626705
632140
659784
485902
922485
721579
672066
975518
387027
840019
386660
181635
219065
180912
469696
705008
831493
393716
389355
688417
389121
936547
794677
765569
733544
764285
945445
966230
112242
131373
969823
624097
816287
408387
978712
351451
586961
625061
733353
809583
635981
585493
11307
475411
530739
933988
935116
495134
255137
665121
519138
834862
150693
103799
46319
487930
94401
940229
975923
481075
209715
193444
611002
427895
256270
896043
660472
678248
536705
321928
518463
474215
601471
73306
103485
273518
70733
784778
775012
928647
301871
4126
436321
385618
58752
621787
841689
462637
456384
49801
494621
408106
616669
839600
575451
113717
618550
936831
950008
294467
667736
847753
875651
280645
806704
716132
98384
37035
401997
833029
623935
250631
992
661795
386628
930138
938551
912337
477386
394650
790851
404107
938677
284498
513238
778698
219223
620980
428624
600494
307397
666714
384790
423369
635383
440253
307146
73309
924584
367735
362954
795647
640070
834241
365395
475851
808491
168820
280760
588272
406168
788070
79646
126468
481951
117348
754114
131915
514176
569725
461745
64509
79331
815488
731258
852686
325205
859478
490851
727129
379457
872588
128582
185836
351887
950370
52501
694175
635316
859285
287870
66368
603765
949239
9919
968495
48115
132252
994319
119204
902181
645332
594413
45629
835018
23674
73820
424452
968108
241558
738080
483379
241982
785616
374336
57597
836900
110619
800820
630392
400577
505179
652850
105936
600031
299264
159536
729807
786435
266167
836927
110989
443422
104453
714969
33106
330378
935845
381693
535586
455687
222364
611130
365238
983219
440151
453176
840977
488533
4843
533956
403222
820918
617261
813677
190429
466486
105191
929665
157090
899577
609879
524741
635201
557281
546849
179079
248580
809888
149310
649857
758306
950022
662465
606789
996771
204894
228575
658309
244855
891563
331316
707920
438604
707198
91296
602189
648129
741849
957401
455959
820057
896126
887834
190762
177403
493775
635786
324634
60883
953799
783600
9386
836320
647107
303791
825245
568326
100938
464444
775278
416557
669276
577239
761398
617818
40546
533932
47984
662410
417675
84905
356664
183863
602129
36627
293921
492022
836549
989147
335299
396824
203768
931637
220978
594639
842158
658826
974713
226052
738971
889571
305827
573343
749686
810786
955575
300805
684292
459807
536850
632619
900886
48962
84716
581025
806791
87933
162370
227564
486888
414336
652810
464324
11101
300303
991040
492509
425080
17948
978324
895056
365311
657376
848685
687841
766905
927684
979024
223376
909545
467052
477348
957409
791230
70590
17606
304552
17584
396572
703567
719195
827579
279042
38043
262730
668011
307909
974974
744526
656148
269536
228442
291206
947568
116125
281043
639178
86873
918458
448609
690955
838147
678696
809226
639241
708695
803470
501176
866264
400876
868002
592212
25399
470001
33204
672045
742975
584139
499194
992051
978702
484405
618154
620669
792150
894263
390589
334595
542676
135065
906631
851614
409766
38420
468534
300029
503008
591265
114941
572540
985891
841021
291596
414632
242486
454393
591009
484781
95310
896275
618227
565120
530543
138615
863707
465721
41188
723719
233230
892150
506509
184196
7540
910008
298276
428170
466543
231478
976955
100746
866949
622392
557435
94975
146721
52760
861607
348058
214763
202542
480370
804387
838399
434036
525106
658325
759984
190869
521572
801819
118455
955303
492153
480780
213349
365097
461239
247681
19844
764977
586886
25124
723712
48067
449168
843226
628317
552335
331358
721766
944959
928351
616357
341164
638416
105657
566090
581
918234
40818
531723
437165
326428
705328
807520
538578
364390
521110
72790
270980
860351
238608
515697
695345
841572
898133
899233
200558
413946
339990
878412
151038
526976
781012
337942
761056
685886
581019
340579
592356
75829
691098
583172
331942
388090
157707
737446
742680
177189
428028
893724
316617
155504
615485
955703
957902
346087
671481
545954
39251
411109
609489
815286
749370
76084
811759
426272
853040
826680
537852
518291
506648
994096
718191
543965
574415
775991
531772
804715
792098
972256
304990
175386
265171
541416
148009
714986
373705
284164
306530
511906
441582
975846
677835
760486
404636
772392
625024
146244
593377
456672
3643
342235
415492
154446
272331
306139
995613
45583
940475
157848
986079
748511
286449
834186
277604
204529
127220
652083
683826
555448
703926
458144
532634
698608
618402
93318
833493
993971
727905
197814
714
296444
185163
808847
447972
34011
295292
196617
537401
39192
265873
901292
653049
621616
645567
329905
524120
830357
607059
48558
259988
399478
970037
377054
599260
512537
25828
793956
740169
670431
512554
148969
253602
732482
259555
836699
102030
675688
374832
521913
561697
357077
288080
601621
684527
447916
5205
724271
98971
843496
490780
516028
630743
16219
234
38079
138544
432718
53540
66329
621148
818777
632939
808388
348831
216627
705815
832904
439053
74919
144702
138164
974372
145589
950127
197425
521153
16964
796760
469987
826136
59089
767704
238972
443196
194874
802674
141003
711691
757796
602745
493152
413974
233977
360514
419796
751434
29653
589120
122283
648401
901223
470994
760329
229714
52093
721197
466942
799323
945485
385925
66961
771206
781437
985083
136786
304589
797189
21272
185661
455159
610109
346605
360418
924591
396698
539595
746378
999733
584682
902950
705996
1675
822559
732454
199686
161902
334539
664094
756610
390450
454524
395608
6896
626957
690504
769825
104416
230107
972945
358866
812162
805463
124485
303602
516338
515805
348456
239418
95881
319783
311877
199818
978885
18918
201442
318502
919215
337878
974699
469969
900207
702344
674405
910944
554779
644827
786848
374574
18168
917675
114533
898297
790897
899694
723610
116333
349583
504890
645419
80200
185580
993514
389058
556914
584872
781222
309251
536253
537901
90689
802705
189918
382223
272106
984036
273643
539029
454492
875640
520523
516111
334034
282778
125071
580669
173203
546435
926310
993971
650456
931547
620572
310355
475380
339715
729600
522035
138924
170409
314442
871722
914274
439015
86995
479544
446965
272499
206784
113860
750821
558
407261
767875
423585
506544
824064
552201
431032
840425
7826
219693
208868
225292
538137
157412
219842
738607
942702
358316
632390
669713
363390
860355
412208
264543
954680
374356
42822
9441
426004
798410
464678
163976
227457
309807
670741
833984
595030
945737
14926
834861
743656
837602
733055
722306
345780
115870
18264
791159
385607
596971
330833
82481
191815
19256
791922
925090
143966
800373
13857
736288
197912
227330
823517
291745
729483
34619
385812
474104
608691
541181
420121
550497
625933
534901
829148
503983
730091
534409
332260
779207
892407
625978
520733
655496
120025
498680
937524
807017
375874
227017
399040
981991
186443
355763
905409
841870
489205
82942
951640
670692
900788
137048
969499
360261
619020
452560
14622
18858
944409
169378
550898
765912
959183
774761
284095
106995
392575
536801
305873
52228
305727
717723
932924
255888
113380
250866
155592
11006
434584
96898
337143
65504
160826
383078
125987
346956
733804
868919
543732
819770
78254
277492
846567
278467
543709
782519
710500
27198
346241
230934
424871
589649
980786
282638
930996
756858
592987
91556
648480
28798
537120
420790
277646
919184
466667
665797
935398
631231
153894
859776
602145
402639
28857
424437
638924
16111
741898
869759
404974
77575
485347
150044
945558
372820
294026
686770
763127
429383
62109
32943
7032
566678
499885
158459
414595
840702
485646
929935
588896
277568
382766
594658
956665
452324
162758
339074
11515
910838
934549
982091
599482
580144
390241
628522
642695
958063
464511
107428
398982
156747
867360
157705
399114
835231
609693
483958
445226
228781
15644
899867
336853
265522
735228
546792
296669
442758
13299
363524
785205
908833
706257
497280
854097
204813
265496
697772
55938
219969
76828
994366
434337
160935
359807
956406
428138
666171
32860
313264
877442
274860
684992
780661
342027
737794
469210
606181
46229
187492
879034
23403
686843
417100
259862
644986
942341
923328
755352
744987
864646
336315
302308
975236
295803
120099
576865
158975
338222
715193
211551
17501
379165
452598
300455
707739
105467
326761
794099
830922
775142
937326
384619
444842
869318
536970
458428
514252
322014
578123
478024
28156
715598
552872
170302
944077
303689
890648
575981
277547
504712
907301
535982
361763
936821
579225
557351
140420
545872
750384
688219
487702
348585
567474
133998
904011
438190
17121
536485
661913
413021
397179
828540
512074
185352
982833
851539
589963
363806
559524
932099
274018
654469
403808
728976
401162
546372
311996
821874
295012
581677
790323
706388
867703
131101
486484
858183
17679
294636
762305
748325
171289
245648
383427
999605
386779
404824
453681
794103
770592
114170
232526
820529
497078
164775
572673
157515
892359
16029
891904
399949
404895
464929
138232
457892
663978
623567
419836
168792
839782
70758
582682
698619
46607
682479
255925
501150
65494
215050
150039
566036
826727
201768
97654
492728
22869
466972
181873
816611
952607
804618
434987
867923
84474
223582
119372
106023
82100
171056
311248
226956
943755
546945
818125
238123
524536
195552
918835
521468
764192
946083
914763
868496
260334
673487
967892
626530
48791
949807
982224
132405
102678
923330
18610
611045
411618
906536
629928
995922
948857
577238
406439
866167
457741
377227
62914
687346
628157
187998
898176
826223
843841
795379
400843
866217
944806
312234
896145
721554
518707
583597
243833
627510
931638
223215
525122
681702
608421
947438
683044
71852
508433
476095
996768
611393
749918
786910
806340
618751
204501
60167
530514
133341
170471
824029
542820
809519
458591
734073
587262
517258
124324
489411
811216
71681
917653
939210
90511
949138
406816
953538
672615
992004
511436
499733
268245
848396
213715
550871
457655
136356
586735
25707
134969
622876
816588
958844
246576
497069
317823
762528
820372
423676
994324
723787
948640
845775
481592
497200
850943
542648
200077
240239
17605
650962
815453
316906
145663
422998
251924
544330
994304
883731
640034
553764
235541
125626
690030
500755
458145
755409
128001
761520
517874
274591
622035
307253
932332
614864
689991
991107
684806
915199
549376
733351
11363
996633
726158
490085
735012
671483
70260
820562
389129
490326
542395
343287
758150
906098
436979
683936
119772
631972
200806
884258
394980
518586
494179
650253
40376
114300
60613
768425
250545
469819
266475
150777
894308
424116
359253
396209
565978
285528
929146
662193
51256
525107
190168
577242
936634
718281
486849
215097
303760
841828
817266
613123
796875
447376
242135
987672
715191
948704
813583
24506
274756
132967
48130
460930
604644
883990
71671
358699
883950
355192
569524
91614
685378
148234
116952
262955
722105
591925
331098
754415
249885
610885
70914
264057
463841
828115
12362
9201
988307
51736
299954
702918
650409
852743
476720
548899
98291
166840
504666
379944
779078
997848
531525
65118
899597
612724
86023
547722
49418
39400
889270
714737
317
261975
587179
115917
920309
419249
681159
395111
229978
433207
881296
277726
334626
606491
834662
847217
491044
600114
13055
679068
954321
159008
461211
929654
792137
563649
691244
971048
838750
22637
423616
972306
393674
19344
471980
912968
902857
238933
441225
569046
549507
347699
110669
276414
32885
809807
856865
811538
769774
958028
412630
334032
270156
155367
168665
356230
885282
614172
978439
816105
41480
548317
141497
454620
277939
826345
661481
83351
786504
295025
565214
56104
402721
256425
987244
401056
251620
980233
83476
52960
732764
907236
595724
13317
602276
701268
744651
85777
238841
224308
708769
262759
964717
981633
256483
390834
643954
537146
868301
328625
854760
303976
184612
745082
787041
714726
209236
137196
399267
155970
274515
586068
494799
907753
834422
568906
18470
580936
879776
200821
381983
652470
573815
29081
505983
853486
359261
180015
955857
789517
60789
628795
798757
427767
426710
901
518699
611917
612576
247573
302345
38585
672992
357295
660798
113177
313565
609862
898722
191519
761625
25199
103557
263469
443836
110570
444372
769638
1712
393204
82620
377606
392425
594860
718637
343213
424919
171417
668638
185567
889350
886109
791804
825933
556811
164500
864428
233796
263234
460925
471383
794308
327729
249041
760569
850310
336394
75000
596268
412423
912100
692336
189864
527575
970035
233354
693443
177985
52754
702404
291835
605685
280094
686248
932372
292276
290421
419738
267331
328901
631877
567334
243613
107031
105220
507541
121773
237734
33190
122094
872770
423658
174704
784934
236400
994420
606613
981621
494092
180081
106933
924380
479995
907250
658253
998880
74254
572472
90242
770825
879808
677920
160944
95022
563954
925999
115978
130726
821946
403454
296355
812024
679818
760704
271932
926488
985024
351287
246833
199464
470882
620461
787143
82497
208650
971741
517906
407094
480414
924589
345702
223932
532556
914114
409078
406071
107350
936814
380422
183545
955970
940364
916612
545532
938984
177655
974267
297402
23492
320019
820327
92152
93202
549787
321089
559498
448927
934938
648664
901467
79002
214870
681321
484340
90175
386441
602341
521911
627822
379716
191655
906618
744829
665660
973976
678869
37586
759120
615128
576161
758697
623872
857060
956564
564293
97048
555123
79512
263085
485638
805047
84115
328275
148176
87805
461733
538436
50921
166423
576490
185519
234329
495659
906353
393333
280192
671921
754203
30198
702325
142028
445642
572654
250108
569694
809985
602973
194583
953841
288475
827397
485154
393871
841743
202549
893612
300494
27882
850293
758483
703449
46766
602472
540323
75851
678717
708804
359981
495255
174956
608396
345848
93047
803412
406873
124000
673119
579499
518400
560366
415961
703990
315927
434498
136845
124174
44260
175865
9438
69847
303656
572431
268811
392868
208753
255951
109050
198056
250793
48629
378521
173724
761195
828104
713300
810157
471467
237948
582792
563242
698613
450814
216550
422928
944124
567975
422605
111996
365739
308308
444718
117451
926838
272445
218214
158694
82052
156399
909702
388232
998856
598855
836630
925074
203022
707060
465612
858629
700072
428229
71597
607409
455680
687602
287872
372118
258445
477717
234381
486348
931749
542584
950750
857385
915294
933755
463106
361079
791569
681545
137670
454145
292285
250892
43127
257899
767271
769850
982353
670239
241594
769292
578502
583375
408723
88537
118048
16040
553617
617303
23182
227560
366539
571948
880647
740829
694402
563307
272912
612394
274022
553099
817036
232433
686408
546750
157941
86442
137186
593341
483705
934648
664187
28999
586715
658670
343998
557396
469136
226659
611851
756668
28443
823009
890107
568585
317646
909229
492792
349134
998180
391967
549158
607723
145340
669230
260636
378345
325692
117999
366768
159206
198820
946408
663683
767359
603615
468701
801774
198525
64944
679659
40181
950086
445740
935723
946412
42779
952859
549437
797155
591080
726479
566866
280289
68840
205454
510094
991986
142102
596899
53330
895112
943498
51811
373378
313142
423459
285639
870928
650317
181550
431838
51596
95460
558457
229685
879952
319669
824683
516075
841978
627078
141211
710649
60716
87936
390075
313210
766855
416347
909419
953843
211725
663781
397381
657728
243603
570457
479624
438471
509427
915639
98761
774999
965812
838360
210368
830899
564207
769082
951066
744938
313877
190207
830133
928303
44786
706635
765076
5526
100712
49457
842497
313831
350055
365983
453251
619573
69721
766711
253760
780688
655208
844909
72061
33252
671954
686840
344237
268954
292897
658926
316641
368566
229082
820692
874850
2126
735769
565391
574526
995054
996829
392093
226158
25244
509765
515018
419964
787091
319089
740934
849148
225654
771842
595513
732132
927585
837372
667204
601908
204276
347932
202034
904558
631159
623034
406133
12235
560220
240459
74861
873320
198809
298802
839292
932234
73017
550300
359907
562352
782151
614860
769048
461594
480173
654880
189341
983668
595188
394248
351656
459788
700846
712111
792128
691222
766323
721427
380179
680260
809713
727054
432334
460734
100322
188363
455491
26165
161584
542421
325060
670584
18719
851429
516368
539490
489116
469793
213897
33171
374672
911705
744012
664477
98634
164474
427737
658056
586131
434709
663078
67071
24590
848770
132187
243511
62465
130309
756632
526859
874542
178576
502488
754112
561322
130789
998079
364831
434400
256436
772879
76454
15345
483733
449561
471886
8068
109236
530821
880830
912100
689654
715253
117725
591066
506223
936608
79137
978384
527957
389957
3914
375504
167000
741202
112952
415954
552061
689931
399408
103876
299201
633552
761951
300748
218868
714667
298605
605050
437114
813295
238661
731665
423150
312547
107658
764628
253644
795667
186228
190549
424991
757399
771162
510328
279616
179677
224169
117995
37243
874053
21150
724217
425074
102641
331143
690545
384196
457331
510005
17943
776608
326978
115765
588947
990525
383567
483186
621057
953010
710627
918152
83882
688165
646384
935919
112056
176963
916022
96210
209828
231518
680932
911144
842266
257215
542557
85295
415672
606735
174331
783166
328586
442133
679772
266361
471988
175510
588901
551514
66445
165630
483623
865750
701527
629609
302965
652416
945589
320558
543301
705593
227346
953830
857273
924109
293958
600679
504678
526357
470214
228680
563504
57096
581610
874794
489432
710591
943405
578259
71701
47266
788764
776582
812906
392597
446658
138129
479304
473690
674910
538127
484064
178930
70080
419605
749912
967640
588435
697
618740
737389
106933
729248
639067
48228
391488
277829
837017
356166
543869
297857
667425
822156
485288
319291
779985
931561
55364
947412
14196
638776
456853
171766
366202
934145
774955
430997
766845
892184
669348
999487
288219
810898
667501
932906
405764
348447
978382
649487
553142
48867
736566
630867
463437
137794
546045
429602
877226
913830
975318
78299
582990
445043
188228
208955
381737
728096
519249
584471
473138
323214
900954
664968
633425
152615
234048
454145
223913
266336
789806
944996
299090
830981
439205
308581
91062
179402
221852
112859
398880
57185
821378
302360
984013
585517
197535
972038
737129
511003
325627
610309
53088
428127
919930
539447
265071
883521
634242
18339
896413
216402
869136
410454
14614
357395
116547
962652
230074
316695
530911
868820
74672
987606
189157
721118
197265
118782
290687
785809
537376
475815
754180
206780
30290
424336
821543
604215
414813
767646
825403
343487
144026
829392
727799
5743
233465
410262
20565
210697
400283
175186
170314
520443
932533
534309
289060
621160
624834
232624
724292
584222
688657
499510
125866
567602
407785
345724
286085
645074
723076
45660
752514
97493
284756
25666
81437
669913
83947
831364
853219
607292
935899
842725
726981
453250
916603
234020
348718
825038
502598
283260
723696
928548
218920
852011
658711
598147
232758
114156
765513
968044
882584
728802
499769
534488
898185
987973
667637
803952
754947
407401
629855
659277
126781
849731
63785
627323
86420
348590
154401
698783
335982
277903
461583
175757
810778
171894
664167
18755
316401
508935
325360
941841
671448
884249
681162
834861
626806
611043
30501
125337
528761
138169
698024
199157
271464
261395
743234
283583
33587
688382
705750
903361
622785
554603
288185
871829
738440
450650
415546
55398
266344
735139
114555
299538
84738
254836
940644
830154
380129
183895
183885
738903
163228
594845
290752
383571
9188
508009
481517
426717
208170
269469
427943
94316
610880
716502
308192
802038
425119
394151
721826
234106
508564
141354
427087
822278
178770
713124
781446
489419
317269
70654
595373
79242
583927
374406
228206
385655
83076
74917
777441
662156
845524
438315
257137
965250
256629
475257
69262
358195
147066
758094
470919
315217
613997
874057
710390
740290
187193
56350
312938
109440
914704
707612
173586
398866
476691
134525
935347
763457
216909
231487
310333
232262
541939
116551
316366
216688
992450
132226
673485
553668
975342
319282
392196
138686
229885
21348
176239
282845
531243
105374
376321
285891
883262
981562
11560
831542
305065
781290
241984
765412
118994
264425
180849
814497
299603
796443
282110
248415
997462
38176
728535
625279
381716
242251
786332
460502
760190
840279
154586
842627
124436
238330
784466
496295
438381
654473
230785
802086
228095
919067
884376
909036
399233
47212
948304
11445
149718
337015
201599
365446
699894
678153
442260
594785
454106
422635
488587
138489
459929
677852
697027
634198
399643
817885
257817
313566
594202
715931
224187
111722
973214
454708
186102
730996
214972
824920
201603
405461
33945
910176
49727
948200
149095
862999
200388
641338
817982
931785
205565
615476
383200
271811
893482
430185
372547
663986
14113
469866
115107
232030
946850
150629
731352
699929
354471
965057
265833
882422
455239
394172
289193
900776
260240
516477
694646
623135
456831
694123
757798
392387
634600
402176
383880
647533
324306
549625
776814
766798
313383
764490
766777
644350
396543
477393
610185
929697
505100
464052
523905
790127
460472
163569
153758
951622
677881
724346
506575
829867
242481
178098
368188
588541
780445
460015
490422
575683
775317
856565
407115
686840
939348
733943
69949
316982
824245
258543
369798
127882
399241
887560
57199
95683
755502
403520
738943
394268
29933
429025
824139
552359
475936
524640
412259
328338
403232
707164
697259
733973
807532
553881
397410
82731
303603
80781
86379
812162
574592
186762
87995
56073
355086
778329
764353
302770
949689
861497
921845
725400
773353
402614
68865
299226
979407
650731
320626
560633
154638
541030
34340
62160
982870
310174
652427
211875
610249
475637
896867
116864
982628
809960
61883
716649
142626
5390
35079
888340
843915
403780
19704
145489
442549
191821
929767
975784
159529
863058
191032
191856
663080
271512
417686
527939
802066
625685
392526
968000
677727
838386
350272
716892
274835
86010
986778
460337
347557
995052
853246
2499
680846
598247
163591
157879
283073
94704
792527
755516
393656
285299
75011
98548
918259
755464
710720
615535
602312
777156
109499
992818
39511
18390
54535
862047
288145
460823
483454
563670
785915
90930
376363
773872
800935
951646
688370
371327
740995
758380
65335
78264
607289
645068
281147
680259
861205
294695
976266
178559
487567
428236
432986
798257
577413
545858
647463
738825
688131
499154
75093
564991
143605
249565
821356
53184
689641
962975
665919
659088
763089
794241
436892
625639
312695
42702
449038
104204
828551
286545
612007
657423
636630
762442
659631
227774
488778
563297
42972
603411
650473
165319
532397
343759
617899
554082
541209
685339
160898
839197
696583
182149
466339
472169
109188
542568
575656
906191
447861
787553
302732
988771
858183
131360
883398
462202
546910
426874
854744
736892
120747
513512
736283
972879
319224
623139
459468
517321
26764
100215
680583
283222
786199
321000
542972
745364
839090
334312
596098
556901
260181
256802
890092
797195
269690
691226
193485
372137
121403
688196
208442
516658
286968
593336
767104
32764
142137
703768
620660
916682
579321
385599
998295
615987
663623
778126
1411
202461
817989
167680
569579
722693
60485
496387
962751
987713
565277
591709
617454
918958
624985
286179
15698
635892
574395
774474
138966
699569
183262
242486
188983
956509
722816
428048
636861
3840
572899
278282
821269
760642
179349
336136
691451
63950
971377
182749
943936
524606
806387
611315
862096
368715
383020
648201
711807
973659
607448
676357
247751
162290
54049
698104
916369
430544
699631
988980
538271
150210
782764
518841
585990
582694
575675
401970
673032
665709
33933
245483
276603
741900
814858
889740
775632
591107
571673
289423
766958
152055
613385
408774
282681
110350
469781
221664
214504
367245
503037
802018
782546
985814
37956
672459
93822
397314
428928
983656
7389
607526
445881
387741
853864
831186
8155
190288
523087
10694
799070
956467
31059
786165
294904
618515
268219
470583
829687
654615
361520
934358
217438
45556
286667
118588
577518
880268
271438
787337
394806
551529
752119
286612
605251
557601
350028
757520
710108
637869
124823
832105
298979
633873
406049
932807
123808
26671
455843
760678
716966
84212
855737
561262
934269
792597
585384
355419
588017
666420
692571
550441
162002
377872
696983
729573
617611
689102
933974
760179
388774
947127
985312
849466
796484
99814
752256
834426
29832
434260
984370
699028
16006
465755
617670
250695
644347
661357
585874
351748
557428
476833
849127
408605
742120
769428
915168
580050
707161
357345
149471
79620
773519
549356
391375
766295
783987
871012
630388
764217
382059
589763
991971
330705
831469
917461
757897
434424
908229
622471
969539
565668
922797
724964
475007
490595
331081
818566
652577
828228
860037
790641
85860
507232
471595
624932
585668
115636
503722
627878
829665
524165
906083
773301
437600
464874
145407
460797
678402
111649
581170
174084
922675
980721
783938
394072
956806
949628
102346
5020
979652
479849
713277
943741
480621
315102
470559
459623
466576
864840
461720
528648
814616
797573
788478
951189
677603
304899
901970
731591
725188
69612
210265
656258
642819
676124
849062
419785
383819
962046
807670
718444
261878
500938
441059
17676
632936
607477
362724
100526
850030
393565
553356
444760
214390
439398
644401
583225
468414
259347
627482
88028
85305
778857
957741
480158
464409
856768
344734
533638
983692
268806
758028
233784
440943
824463
93181
359203
518712
789193
861185
116196
312435
703898
169086
445959
921727
107014
97228
492489
206734
273619
471847
624300
158892
407185
537182
426331
186272
879336
496798
229340
440901
529755
253147
686604
302417
28878
251610
374410
617309
725513
837964
728470
177338
623285
540
730138
535586
505297
3680
496390
624387
124732
874537
887131
514385
448982
285740
630829
462774
164094
75483
799270
760492
559366
330615
38380
261583
438492
692970
633277
178519
805045
267274
848323
38488
3602
869695
137081
458246
861198
783250
494163
778244
622410
273664
260181
166125
325046
597804
209087
727404
394666
784718
780943
231581
567083
939643
727109
503326
885705
730494
116971
931304
83951
751683
399728
632809
584045
53260
202538
289918
862733
66407
44196
462372
245086
315888
709378
182025
624157
582319
22401
285803
727781
807369
772412
379145
528563
721136
205692
160998
225600
773600
153629
437598
748961
227753
71037
238027
694692
961083
94071
335338
835962
925504
716017
34774
145688
653607
21615
24401
42429
1107
717650
20343
769379
235573
978507
514480
227008
545164
342256
417488
906699
324051
918986
551018
540178
71859
612599
752536
35575
345134
795689
950864
129457
503544
373457
224184
788109
943895
216865
868993
798939
837387
813860
137092
598093
666740
679513
340288
562359
4353
121377
937163
312206
88605
693512
178215
150325
262552
61813
734088
649202
731979
843235
316384
951286
600710
878663
149617
990183
357280
716771
315779
912962
984271
19083
445707
262151
184504
534210
865632
803595
804505
880185
25735
823637
499922
545154
394139
884105
543314
619580
277049
393960
92501
938715
522613
906556
287968
373535
552332
350540
802173
987340
541844
616231
389961
751375
597521
795355
945664
478270
185676
212584
888249
377718
489756
9626
384229
700678
449073
152876
971899
268065
658246
588469
460411
155151
938569
862778
605714
132709
294442
183999
456724
178495
49699
593331
676715
601586
210561
99533
570238
530876
306876
295970
770745
679467
804067
109845
712
80515
833242
336028
682011
76150
258000
995003
895772
850111
324477
612192
302916
531550
35539
100380
607830
546934
323487
46106
900615
948005
747360
173051
708379
471733
549887
813949
73095
297978
453913
936972
606910
666022
997998
797654
943746
386860
185499
872093
473898
600426
714455
877574
439990
578750
176358
496474
395348
730747
981367
503300
127150
892036
126430
721832
94138
840959
149214
39234
194216
585817
673605
539604
269880
725369
917934
372731
642273
747397
576722
811182
997775
845623
462053
583132
705818
181381
693736
766474
221752
102572
471596
287240
138890
352674
214081
614122
140483
766094
169219
753991
865214
920484
393341
380347
594409
647294
431182
516106
378326
642601
584574
249975
844067
969641
168530
602985
783545
588161
939677
4530
211008
160391
495813
70911
275515
154639
458762
824559
374369
884133
741971
502112
713038
402074
732044
93699
918399
480976
80877
682951
474143
700691
185864
316844
804607
331422
586267
666569
67862
428971
720201
552314
102690
152935
609760
939256
183600
22787
116906
227409
886436
871808
711905
999806
958322
142909
240857
788341
127890
225459
69784
264144
480852
343584
819128
328789
315920
730202
257120
327705
855483
667695
748583
139193
395833
587566
991372
607727
408689
218722
645922
376498
602806
312168
469175
287468
284272
141294
923387
200741
888319
269389
895817
999480
885903
423667
154432
748093
702982
898559
20780
490172
287224
892511
56528
167579
143053
824751
905427
411907
742047
320590
587291
462250
856565
784262
811128
160239
22217
266061
448765
883906
373366
952766
350315
941342
334332
146725
662962
697881
113686
437746
518405
558206
367838
108633
595051
116577
534135
854135
487393
301697
833424
369811
4227
99142
208295
649403
258737
11473
695768
894853
678312
163546
695585
964689
821768
616820
95171
258245
321764
824441
563242
692794
338405
583529
637560
434128
58284
899586
852207
990628
510192
446952
767300
189537
353015
16987
658081
189116
624612
179421
915281
237235
236509
555841
751439
448432
116522
640683
709213
387014
466433
774777
907732
139722
31693
789989
543218
827577
235495
840379
141262
216747
725562
543846
664998
919473
856404
212471
661339
877020
813549
759210
741407
774811
376986
749941
13757
275781
356452
262413
541830
208571
161829
335498
548123
30031
176624
371473
149593
503004
123319
120349
765500
809733
718160
521601
356462
900356
377696
101634
550619
323168
167249
189030
812309
578692
597047
236547
131898
639541
631068
15094
312551
271837
137868
415530
134503
186194
796056
146787
993246
77839
585766
754199
83112
124686
321779
688890
503256
435904
227383
741045
838885
832649
254073
891508
408411
908330
655296
461996
173974
851559
333866
980113
935908
902335
721316
553688
66499
494650
675485
856763
292727
290949
111258
956175
85488
471430
460487
312401
679706
523507
909372
800374
251240
51755
688858
440196
254610
949815
336073
154489
85852
730473
649066
288244
676105
2780
305803
366066
14574
593947
372772
991101
290847
590094
49177
834709
114775
511427
104888
659728
982131
474155
405509
85353
344591
763535
672986
343001
828702
458844
169416
391621
76734
54235
497068
101531
583669
39010
81718
889215
169677
596055
183157
370730
532345
469817
191369
975182
528716
838103
72624
450599
276989
9426
667148
314737
983511
270650
581993
465775
132187
589731
178592
342455
131031
978806
911699
866402
79817
323930
873652
471079
69385
425647
383555
556928
448614
980982
772573
881608
430184
992266
877965
344896
441109
237660
99063
220707
624689
884041
720986
158828
430769
473737
395407
735278
406302
858118
848153
770765
781621
926762
361133
569260
269145
106374
887477
209094
910395
434263
278256
240086
291360
364094
637905
361067
544204
763150
192126
528635
999078
945842
411242
25230
855946
200952
463883
565434
452556
721581
82618
48564
959281
253466
835399
336989
391045
704882
998708
382678
187317
539914
345897
47449
371712
568299
61887
650448
902221
828936
454390
337205
530899
482167
812220
229520
765848
133865
974036
425180
477740
148456
291461
547008
764277
488060
29791
161271
198010
549077
409690
438134
842764
117047
221270
109275
199498
668250
776435
943314
700858
355087
610084
525971
564115
853340
335506
214146
84228
390520
830685
985375
516138
605199
490690
734410
899923
774038
234457
468638
67025
86035
82292
644549
568554
423464
156517
721036
683023
188168
705353
768431
61075
48520
741016
786174
101083
530786
540350
563334
502404
564704
818659
711988
42167
839083
804775
468441
993804
601929
373411
427267
219538
390033
216905
864844
768520
109740
684817
301793
150750
613216
803707
832232
376403
741381
538237
677170
249427
161918
398210
847657
864855
391686
534768
437972
193773
86592
874380
980624
304880
835942
812733
304109
871569
242674
990948
326189
706111
687778
357938
840915
915452
742491
965745
400675
56216
278435
467088
417159
515144
196764
782177
703486
413333
838183
745755
960998
299129
294415
275142
668915
717972
478433
279264
204731
813996
538397
331108
461018
918828
537329
378115
206863
492970
231731
544121
172103
227906
169117
577344
509919
219477
281672
534585
900455
510567
632933
690873
380937
57397
890794
140435
946001
951493
143382
800657
154759
601932
759479
862607
811956
31964
215258
245540
898106
582258
119176
887161
880889
930007
750417
988025
284632
449093
261313
508596
884
529374
838132
975082
205564
354919
192830
392897
870409
388851
954257
91508
323683
703156
23125
193440
873042
616424
964006
601182
200324
545329
447341
981346
578636
45453
385716
640871
27534
546393
190601
632599
575022
514655
288136
360231
546755
291809
114704
392373
195650
35625
71259
885856
800613
934264
420764
140883
556671
724646
809335
120946
163115
559171
780071
693660
167747
387555
979473
890529
81224
817727
243862
704347
961079
333620
717901
93458
655522
339584
603344
103669
172558
294894
992613
823561
625744
915680
318266
135299
79480
636351
91924
248637
685347
374970
242969
786347
891718
496613
82738
436634
12075
256512
446492
506770
892816
160933
302803
400994
383204
145748
261437
839993
638451
11423
614614
340046
794978
55346
858934
672953
789890
7238
452009
316593
952336
726991
547066
6608
297083
834023
937454
46693
4507
598291
785248
64895
508880
981452
223683
46804
2800
714549
641194
335387
847672
926490
656939
803458
141116
133990
476620
643992
58233
882913
689474
1450
868917
420964
839557
17558
557083
502901
253196
684037
262360
494061
645403
797295
652153
971018
132480
502376
564160
406498
336569
799645
302824
698647
795913
492121
52822
72195
684384
701319
869578
754844
407752
242091
24272
363932
54096
607279
59064
671277
495383
717731
936553
390586
47103
803417
673370
297195
647618
809810
3742
59094
612111
952846
541803
787057
511968
831592
513079
410888
667186
761300
36123
287104
769444
956692
192845
408847
229812
610895
283355
702880
583358
483370
980756
429293
91056
179960
876815
5530
252117
662636
77769
798780
767320
729004
335412
326421
231353
732646
887164
878283
742435
494771
161127
100506
800878
157663
226109
814422
92416
943533
236818
725191
219961
307502
75889
620440
529824
514570
829563
922268
587608
568487
949762
837790
176583
222861
231391
537528
330148
669508
941927
282086
503151
934665
238291
276010
103054
568157
686416
160086
675466
852339
476262
198342
304409
723973
603562
95101
132289
939302
937466
336565
505441
144032
501336
478016
571422
977421
775831
729392
761356
802750
389372
301984
831569
72019
85402
751272
469222
636078
981003
104206
850345
493874
399856
396680
892563
897631
458902
567647
723819
616426
484435
363159
236703
18994
586833
979777
349215
216408
303093
86688
323204
925725
994752
203064
90636
440396
292573
902910
65432
317718
961363
143730
27980
809551
502541
674532
919840
163025
531958
278160
219319
468527
857098
543724
342128
472401
765087
55943
326951
285944
427208
829416
208999
789415
598290
600848
303660
634837
810888
410648
665646
739000
73494
551068
492861
990429
535872
103200
138829
506016
307079
848216
81713
183068
607617
361104
737299
257408
664577
443845
944101
637035
94501
422576
760474
564725
382223
618682
774613
984275
989146
384764
313561
119713
330698
536665
824422
310018
861481
837351
278500
526725
749389
196691
786687
17179
123753
650807
188117
810042
75250
592584
31534
523839
421427
777705
187429
692912
88523
525305
242452
442547
5424
880497
982228
275498
101605
140738
305423
652848
569137
575794
771469
209361
482408
157007
425680
866751
974568
338385
689644
36676
300156
667752
735201
897668
162728
322968
845088
78937
62124
713824
297850
553713
434675
166077
1957
165114
891543
475544
337418
927150
170785
95832
650246
715070
352088
844343
399344
168283
151601
375150
188768
664235
875570
348764
12098
859328
165600
25508
949281
826790
395832
769249
700529
836814
875212
916165
80708
858210
221437
660371
41204
583491
470261
778943
183644
625277
717071
611539
528053
204817
635002
672215
588470
936689
579749
749800
916099
729772
332580
335880
581838
848394
493206
826112
831409
741143
784986
110001
307376
617905
864835
935829
55081
954766
964109
239331
419342
505717
765983
856131
608516
438377
97779
609227
761312
244409
7430
292195
380293
257161
407703
87225
445607
90266
684667
46424
883773
102388
843794
613899
178412
16054
334118
678340
69364
871858
804413
572491
573543
818515
193244
8200
336391
263807
740858
450185
928779
24685
530017
864257
143870
540902
634024
383507
78839
753599
928445
399673
519480
687889
380716
761082
620787
827679
421500
444441
74383
588496
598008
772
125999
6342
439066
122099
623631
271043
674083
131298
510913
30245
244858
860760
109195
194523
899975
798188
641212
91748
766898
726042
42494
4556
257424
240819
106215
253662
487555
105754
132366
221600
539030
93510
444524
922477
393668
238590
932052
420067
650174
368095
182497
106783
495036
263864
542766
742918
484458
291197
155642
298144
365423
539062
448111
878050
987683
13445
766406
564192
384089
312100
327609
763952
718219
536247
556464
111249
323037
666918
892398
612814
745661
674006
453445
361758
340916
505787
284252
455496
66972
541429
506363
864989
166999
980748
653915
339031
178213
108703
992308
779745
428812
783376
583403
809288
448119
382624
50754
463441
667664
343579
972266
829984
367500
301995
335485
536817
624439
682064
979268
704438
721110
13227
243148
983652
213769
692083
858000
685494
844033
739008
60149
79901
140546
970183
662925
412720
47398
39844
345567
931411
743659
280724
657997
275148
455297
274472
904255
24814
667656
561042
488136
756243
14805
510694
61693
169048
778882
719596
872389
353393
516994
873313
454321
480481
396322
237400
651208
308700
364793
11517
24084
149934
793454
338669
643248
277080
511436
726798
689584
92800
559136
150105
947504
80921
858659
948057
634635
11702
195271
974378
729572
189651
806864
445140
707135
745811
513606
842255
868873
366520
906589
232580
956897
705114
784049
532567
201273
488692
416105
278030
709228
171661
963306
153252
910448
531273
76400
97556
722709
265653
550830
225363
527399
960393
230028
568121
995865
887957
611682
552593
976476
247558
577989
406969
931005
336817
447126
10382
671130
544497
804327
593182
448841
198582
328991
718407
267613
273448
681236
35031
950047
867288
403068
77446
463338
14783
934669
268579
519431
638786
918525
745281
103668
664761
807236
1332
200361
182873
862499
962987
278286
72128
446102
336976
975271
999553
624317
956970
3445
628879
934512
213105
989697
306596
378258
227344
221732
869435
581842
325343
571527
382066
440198
705834
551196
993584
996987
766587
797794
522609
817885
712381
76301
187653
671261
203354
903707
253096
449609
798173
301757
317804
781708
650457
411820
170924
194814
792313
535708
949827
754857
574507
516155
453738
859805
888910
710848
128516
508510
965228
951462
760486
972293
543163
590581
900331
566657
1729
695360
980651
509387
912333
567933
589247
547256
124107
322375
432714
687464
36954
309322
661828
621723
323114
746951
305080
627716
797998
885383
54996
128015
290582
915215
883739
464943
977300
564093
767923
809109
323779
39693
108310
379331
91188
59846
105015
547613
748893
540421
96813
649752
126139
42310
435674
495486
103966
613029
486305
746387
600345
236954
273717
986802
563567
962976
94860
647534
634925
599276
125424
867480
850665
964481
6186
522617
926804
184517
654196
621262
265762
328922
729456
226387
216691
718678
459354
194354
318696
254153
563469
180545
289116
859560
729829
631315
118095
80673
769983
305397
516065
883790
862226
44673
483932
686677
311056
185616
304038
962731
648954
258894
399425
803758
713074
215172
466484
902343
751729
711392
458370
644820
196275
26098
124351
241375
1706
471614
347225
388422
621841
242402
381034
934879
943694
601246
383840
229764
803429
542534
824946
608343
246818
150489
586652
87595
771064
262729
350791
673029
146013
777930
634077
949921
776374
201901
35297
286395
394437
839181
80551
669240
971329
851693
60383
343237
972478
444869
749321
335207
982638
459197
693171
224836
299010
132131
956626
749120
182129
618300
17395
746098
333392
129373
120891
343707
440916
916109
166618
629676
844517
214652
626080
828512
269208
122897
999995
298666
798039
311935
198802
345327
806268
979660
179709
887307
588544
948984
467275
732550
354407
603359
375111
255264
37941
260157
201745
232336
641046
518524
411604
102696
415857
892271
615816
478978
267359
236042
559370
402875
771527
223970
195468
535218
125939
516911
83046
649136
226049
181448
449049
244909
995450
429369
883913
957235
942791
534268
196583
737491
464340
422746
516653
652479
13590
112854
143884
265455
876551
216299
386698
442150
285404
157785
9961
251474
897445
745293
25760
6510
333364
523665
230640
116910
481584
685615
994266
150463
512384
316723
40909
701582
12552
304502
518951
338541
499584
545833
3562
686427
26918
346511
935680
290195
304699
403239
32904
179239
730827
296116
956380
850566
149854
219077
438714
180883
800465
208799
234411
968624
710830
768514
292415
51657
86784
395848
915999
21097
8092
424737
118694
995067
891860
610390
975986
711642
950303
184823
233758
204803
961376
408733
5207
901862
592633
63255
263371
326817
340327
953323
122271
314341
424755
120500
677495
691054
568707
806543
291826
649243
864269
227920
178504
945501
748505
1192
481181
152598
673751
913964
961388
943450
939992
662500
464116
790893
221967
972426
464586
213487
458478
869757
383764
984674
357797
945433
256681
69143
876451
874341
375499
516400
460992
533146
14489
13575
491483
933632
513900
387515
572230
99565
446346
389037
835234
423408
927897
215788
678359
575479
481666
290624
536312
133425
193372
13573
118794
669681
241379
307460
405579
131038
333849
864914
296969
295626
897567
859019
390880
500619
100588
503784
542031
963158
119057
226521
91401
648025
626416
279506
989307
228005
736864
789652
766379
763784
528995
514916
300084
482308
830076
448550
844907
3807
74612
418121
98875
957824
581025
96808
248491
118126
584827
102859
845464
634670
261755
141167
188049
811973
685586
152005
168236
333573
600527
326128
782548
889997
978936
526129
673111
225566
121789
784742
881218
189734
545017
14280
111518
22637
870863
311006
509825
721372
569503
920032
781013
226994
661346
758804
710616
188990
353024
225844
551253
865755
353193
346845
297681
41031
199606
673759
850807
414171
792030
330550
803329
763676
849347
553760
542152
654977
149520
351278
746864
666978
245433
726560
414399
454178
670097
461238
572140
960386
381694
542809
492010
552006
8016
130848
441285
904914
447651
504917
66665
742889
772713
904441
888866
787700
881179
560718
304237
92994
46335
558206
284649
388454
407257
885640
673848
864188
83345
796143
532507
559074
372491
164674
757056
250784
252347
922071
258821
171881
758140
496141
220725
855412
163190
689690
186967
127214
582236
352121
109948
836546
986789
577320
169862
102564
674097
260608
954280
354509
395603
729926
141988
882084
159611
26327
427294
237712
271499
682231
611435
288694
329202
872093
146987
411911
677428
254833
658701
210126
321091
60758
996768
988338
382234
176021
108451
822629
432270
592036
677477
606112
174785
999114
791724
970996
660942
153533
265379
383078
883604
46948
140326
839359
346151
611958
786018
457265
289784
212388
261772
452750
256537
137847
226867
961801
131081
854563
544985
737809
670679
452184
768491
417397
613475
773487
753055
449044
56801
412391
945514
671586
984380
673362
701558
42731
28902
738608
650475
742456
899949
804357
975244
681081
475375
477329
552601
860599
309111
626034
639748
834356
460433
798271
920010
876839
987802
52024
228654
300716
223770
179528
231896
608776
26389
970122
332466
113362
445223
991485
523085
772786
782749
664885
666073
92425
765286
625680
691039
651981
531622
179256
33632
282324
133679
426983
320010
935040
276118
49459
555262
238902
629782
110343
861866
398781
27773
628798
376519
106903
456553
459451
213574
147992
4936
579447
405618
738968
469975
444966
850617
995164
763925
421486
126742
640489
160006
889930
545819
396478
265321
147037
982899
113489
70384
784797
629692
182366
191593
173512
768944
416128
171408
210693
654483
342502
871109
151786
884139
670010
840624
259569
735114
209587
407360
815157
102327
433878
682618
549990
904610
627663
816663
693980
647662
790795
762953
892303
939931
149104
694905
826660
240839
344325
463435
359169
475092
121195
126216
182223
78932
900413
140423
669395
918475
431986
820723
137590
193287
989527
217747
926597
324817
962381
255859
515994
64145
316637
485043
51311
279798
222668
724702
789348
247313
148923
20066
519469
425621
930862
141975
281034
397655
487690
669212
60856
39174
499570
50234
508086
17885
332354
641200
914609
142310
712974
221329
54264
360043
774409
207233
434710
374671
710071
381862
856618
591917
672991
45379
278020
512051
13995
179950
647056
702467
97344
458079
491285
548161
285302
911842
350818
204890
308967
773171
640576
527643
15375
177551
86893
616171
651327
102840
730025
553311
163157
44889
799777
620252
747336
179949
857753
137943
978622
357243
139586
410751
955599
683229
77860
53432
220996
633267
256180
504054
953343
120389
436224
357298
473270
515315
984245
283483
683724
605523
74807
3350
884738
497434
752678
475827
773831
440904
683059
971744
929057
562652
523789
275259
110757
87808
749585
937005
813561
47727
225099
180020
674997
892655
856058
902250
854536
749338
230874
586931
249730
197203
783742
820314
542823
822905
451200
684127
348402
530192
228654
417325
808516
401680
281537
471784
648862
99006
900501
230029
629444
657237
251209
808860
732643
979649
824255
255770
518046
271481
428106
272819
867101
718641
325115
587767
507677
812786
430894
37074
887791
601532
854737
620422
961450
481480
843964
630515
766857
920280
769795
634935
582286
330724
836233
971052
884760
748849
54114
857023
348764
138748
389034
494041
872568
18329
447560
63915
917099
834209
845343
955542
174331
909110
113265
903008
179629
383622
591743
215489
400616
233825
25564
987975
958436
685329
829646
346385
230948
564557
536168
146120
847767
941536
265193
781608
505632
920285
391570
628415
568014
745341
646940
38227
747505
84717
445900
624167
824278
569934
509447
176182
342724
190022
504357
804445
617916
29618
189042
703292
324069
762017
384911
849693
153785
127431
76169
911418
654552
424626
649142
819014
678546
244421
915523
99874
422106
596222
115064
612430
623729
755488
87101
30927
224552
803329
183230
276102
811323
610581
271985
680021
680697
944612
38260
14630
266865
949715
992974
906918
970249
600055
990277
964875
280435
453910
600515
449291
731060
916670
591962
608342
751457
672508
291724
493305
779174
610015
708098
379274
534754
905323
37580
259526
598804
893807
799406
674165
806211
491044
200177
619229
911637
127665
861352
302008
154457
444457
34857
390617
16043
602475
277986
236479
673168
36573
126442
856844
399986
360565
711646
784067
863544
402731
787544
264565
180471
20982
936703
785411
27658
68871
486024
57708
557063
196481
141761
609315
210081
373396
142068
848921
978108
610732
930122
36445
465496
114203
136800
942617
747911
15889
626804
173194
705681
914748
868164
102388
48037
625850
765854
59801
7386
858186
128404
777562
496890
749536
23569
715663
484574
254955
56788
856810
285279
149287
685224
861749
804287
489776
836605
580760
478915
188025
449114
681997
317960
900945
111161
370840
556704
291814
718873
959526
503505
907718
477724
591984
468181
535688
369190
793418
29808
883357
493997
240742
903774
675905
984537
410620
293733
985380
908336
264889
25810
478485
437331
470321
342843
567868
524917
861494
197535
208231
390580
957437
150329
358458
779907
582052
226979
258179
678482
286321
710123
493215
448327
48441
674509
323676
218440
465188
173558
294202
474697
821853
11521
430317
661692
66370
682799
988842
178000
596645
852368
228522
475731
966612
174075
860373
288447
470885
998619
98208
744792
94548
124111
941120
205983
782174
429831
157025
625858
457658
38164
408074
202386
695257
777164
249487
581215
452182
717528
454358
475072
805354
205860
343375
452336
649229
737808
610475
576273
984899
394435
756151
152120
502418
37496
209539
753139
101832
708609
847704
950438
946082
81074
16489
563479
359362
461626
302493
707861
562975
51013
210394
769578
480850
910481
307625
263909
533051
428533
723720
974668
105980
279404
702847
467970
532051
953525
530301
17599
844483
930105
401356
986712
905884
860621
49046
613761
500354
308779
390942
72957
713696
346019
785442
803386
63336
160147
768998
3964
637551
367850
863896
281958
309367
361831
352323
123332
268779
372034
751230
454958
103376
627858
544978
425875
954374
166887
452075
390316
204951
163862
468208
609748
306157
1440
126739
345251
629852
151473
646753
84968
938266
121749
102060
808808
544216
423181
900162
15946
353813
133180
812616
642365
815683
376513
778610
658754
268920
976872
281680
482187
493704
298529
828177
511567
119158
872778
120108
998716
511169
15037
854724
53291
703649
726418
5362
682028
608147
870564
499145
116698
486844
972582
730432
993050
82068
191302
923353
696919
701616
944326
501183
542322
811269
121103
881514
583567
944524
571037
169555
448413
7833
728181
742618
533969
76638
285145
14770
779141
1696
219716
272125
830539
868159
792748
897488
235416
223555
377204
71728
798575
654889
183910
643289
640831
966332
578809
986485
204821
683134
542877
347090
738715
344877
650032
781476
903597
6453
184042
920401
959288
624168
340454
984050
866948
706679
766458
112551
543335
69084
911432
976984
41977
478891
706484
246057
693624
702667
315338
587598
162695
575669
470954
641926
893446
98785
315532
703385
718779
448364
152197
302691
913130
710882
652910
647041
99111
912475
654523
768528
17852
213487
264743
12974
209385
68820
98069
676644
229027
253011
686354
469647
699785
925601
417538
713759
60007
782477
452609
349501
339453
807126
6781
753358
208226
885968
704155
275608
124212
888443
580647
14019
782723
866961
495594
112330
481748
912326
58063
630527
231413
215098
539426
596063
193979
764669
25519
405223
910682
584332
608356
780998
360569
490926
31294
637664
893163
719930
486019
704960
830812
758741
20232
647276
258811
388637
604403
639062
71165
801
647885
415195
389490
434349
792663
242353
284053
338982
279219
209614
631081
837395
964151
686698
270076
383808
803518
418563
443983
643566
605906
702474
107872
814353
229515
905170
482580
357128
209319
29350
181199
956395
439006
209596
450219
105116
307974
22356
679682
663818
882043
545601
527002
153139
76836
23722
387776
180807
471209
939564
54607
869668
391491
897292
679310
799580
198776
453025
82606
746828
299967
178322
3556
559855
552735
263902
603252
803142
8642
91822
74379
683907
362053
364984
945084
880556
908757
595666
722154
488161
300895
472701
848955
747455
808061
434911
797796
813332
179364
496445
910644
660135
154712
635152
156766
939228
948648
353098
359056
814066
609042
499314
259453
838910
47733
730560
251645
571184
686167
304470
363356
845240
167089
854299
452506
859402
188892
149559
443724
300669
466717
377928
320447
715144
679634
53639
723267
131719
87751
177088
309420
752446
638360
354388
565819
219096
904104
128752
761877
373585
170005
89077
909466
975968
839294
589962
228287
355238
360151
860205
400571
668570
234850
78115
822238
607286
708394
464432
955269
491198
310220
767614
879193
411507
175214
300700
192910
206603
386926
958979
520864
764888
630962
339778
681279
703161
201351
197186
888637
265514
798451
895171
229265
775160
923607
346471
720765
319800
276744
15421
500040
244099
712697
519237
756443
124726
573641
588030
889752
571565
502457
107524
293871
36600
688948
745771
522291
471723
293478
950655
394557
959234
511282
726901
295718
23762
149195
752453
686398
33716
348577
56211
271623
152871
763367
591817
24026
987383
497906
58427
449122
606294
563640
196502
530697
741084
482621
522623
581380
701758
372324
935083
48037
313949
910500
881357
639568
135608
281290
179402
463181
916450
975423
588893
503069
466597
743211
382860
831073
918203
34100
214780
218396
603060
20663
231269
975879
921269
20655
760317
187975
662565
283613
599650
840395
381979
463651
810192
568526
458600
878406
51226
849962
629082
224957
518144
665718
709024
1168
93413
147167
252511
295365
249823
753288
972435
853005
851507
400210
47308
939211
531288
21252
75538
66535
597972
30054
539337
911769
988260
105387
421656
44303
9308
174744
522229
384232
365949
108438
42925
902924
426657
756099
928057
162493
210638
144454
957377
232150
142618
862933
999951
255160
334828
159180
707127
646390
923354
354747
604959
808730
354306
712067
246153
537934
73719
154998
683791
178281
419563
780216
849946
982001
341583
412625
310601
907837
84632
739269
582320
421641
361971
694820
745568
728274
847622
763132
39698
947353
699371
36585
948283
389474
419674
703428
167167
735547
799089
301009
981055
759924
380302
95986
506380
560306
653852
759730
350849
719692
126819
55533
847148
844607
115599
797651
484522
138459
672217
419002
939565
176215
543431
459610
410581
110656
635608
160971
772623
30781
410960
635238
791353
590246
694318
702577
176296
595773
935207
939966
872736
342862
53096
908020
748891
820624
81310
766404
939384
961163
117020
901887
926999
886737
634009
35300
762767
147482
406546
301291
885718
331341
690974
464161
891686
760451
972088
370153
252890
266171
71494
207446
934024
666205
266126
568083
330175
233520
919729
783672
929913
685984
309129
457902
69176
507839
920211
609734
455746
515169
36268
937167
96884
910359
136695
696673
362315
939819
237654
779517
737181
512147
232227
638623
179750
280808
886149
301022
719917
423100
24531
816665
649053
373322
854001
178261
962265
147092
222680
780666
239798
914636
642564
760416
712229
210883
315379
962609
426006
216315
314697
877720
416052
588053
538344
589067
839945
461688
285008
761344
210942
52273
411001
99442
145613
332170
340883
419044
396792
704787
628677
345774
969473
129886
898367
896968
273662
970266
629303
6765
854607
967014
431857
246060
595451
583858
685913
328304
337697
454437
667091
576232
710905
900099
928988
918482
862496
952131
926530
81564
89449
343575
804450
119021
765210
350454
989764
227206
539982
40658
40984
416554
804729
725843
280497
134655
926464
214657
965529
877636
280541
966418
737349
322282
441985
284751
788407
712885
469332
150484
860665
419370
151279
593558
654522
38163
127290
34743
793224
41769
791366
188521
948539
169991
839146
634782
825249
306827
56052
731613
611663
328457
894859
79246
208896
739189
849637
729434
514642
692041
686127
649452
451141
766130
450389
93001
898849
620855
485751
66703
782943
384295
732033
869367
954488
834668
12643
814607
120033
651320
567202
921495
980910
91382
61995
270883
948099
684168
137854
423514
664691
749509
691701
218622
454815
333660
825668
647276
351090
637394
952876
245332
218995
281873
947059
605676
918451
83165
110480
706439
974925
762687
400288
353332
730056
808039
671195
391680
242494
86908
845312
933553
833341
550074
648372
442802
577884
798826
607889
146986
303380
708861
579243
87847
999977
624628
918659
812358
880999
575272
991888
554480
449557
825859
299387
868880
294719
974841
976464
881123
103273
743555
902889
146001
501219
255560
698817
474824
219018
177247
795949
777326
723417
279406
170911
516970
51444
688299
837743
964389
753511
597620
11183
576489
986475
707275
165149
209448
681690
968919
841193
444428
700531
236696
815261
940448
344130
533010
877530
13428
462151
827344
948578
509228
445876
718463
386130
94601
82350
944799
481648
827216
323510
805016
565405
582376
498881
348958
472301
839778
94383
647651
997226
833130
833343
705312
971413
712322
770411
676123
536787
926223
934334
561931
275469
892188
811467
561856
87124
893172
880082
199086
516115
908555
56766
196103
121128
793926
337161
834713
598802
569946
774598
698608
929537
482278
93494
139687
674546
535863
469681
629871
742518
652284
496768
722064
90220
229487
382097
268361
372001
126383
632399
178722
653056
19716
566679
521463
775924
954598
714558
537877
367452
288888
753800
550410
84195
328386
56210
138687
772481
98690
761960
376720
258954
521200
887404
767208
606541
982013
21641
742187
217567
800934
856469
167488
49910
98806
605210
141626
139062
449319
741738
142003
946962
696102
801659
518062
393185
220657
842492
547073
251791
71703
227365
832761
933678
793250
480394
285513
785585
781718
995220
602514
63877
226387
204472
244362
654123
608249
969043
746097
466288
704231
183288
740075
851103
799690
691306
578607
867954
243439
997093
760807
12696
230733
571978
472732
157442
872207
449586
149151
329400
839079
407621
741308
19525
454436
636015
150100
222371
913476
783851
135536
102594
813760
181181
671557
227750
843013
681102
75634
760849
863405
381180
32937
826306
519059
607192
703181
538320
609486
833298
808844
880243
493558
972247
765017
225732
103991
809000
692479
301300
422946
132857
260245
730568
86315
619170
315976
509725
721600
696989
448598
788961
977039
314170
607159
474539
969598
84004
298952
933118
661774
795174
337299
804363
44266
655288
902557
609007
753832
832023
579294
956769
4222
100071
850593
98351
659332
104932
822815
680812
975943
281150
589633
498003
849351
550068
595389
990195
767536
924659
450726
920740
345492
614290
216014
335459
832233
238786
334133
168902
780610
897288
240516
197010
289796
101690
72912
4811
989096
170526
569555
889062
313689
947993
700070
509906
222353
861937
814980
988753
909481
723664
613700
471824
432436
26683
452014
744361
72174
26095
170828
843584
334849
777565
541155
43762
291613
906567
758639
879290
695939
659598
703840
955465
382606
937179
80775
644450
774419
728275
343467
444809
44546
494512
476636
744058
76297
252101
861203
651645
410560
107605
235061
615532
623455
731975
90863
388755
709703
224269
211962
32217
515429
124627
165954
124503
415781
47585
578089
37481
577253
918629
779986
2103
766672
698547
395924
346534
63888
434918
80597
551099
135057
898270
985581
354176
835056
108590
910935
198462
876586
189522
316494
313852
884891
978364
638925
29457
856185
642852
292000
868510
75661
256038
257116
270391
149760
632002
10023
535307
790508
994814
313600
287168
970605
957357
821114
461190
245080
876789
472371
677237
791430
514584
183530
419685
177486
511491
436915
442045
528005
76037
198171
976557
449463
244014
386936
749642
738402
274725
297338
897847
850461
487822
121443
357504
257105
406143
369198
889690
626245
557339
439576
947155
943607
25214
281528
255944
420720
505683
352619
659372
177100
278119
608241
726619
625292
767063
240370
525151
346328
181850
963841
553517
969870
313777
600660
625197
891993
621860
77770
700857
147871
196803
550058
42268
829225
654930
661846
704189
384254
493273
526509
577003
828825
848951
441998
708383
18141
287540
798878
333529
444894
449480
927540
989474
887680
622176
794256
711436
253486
595377
570554
155897
320145
506915
58333
9242
465150
257462
982741
363549
169381
340585
358411
154034
754910
523097
572312
83665
606326
35899
470159
441485
326915
774605
275803
184058
11933
784276
790331
688429
778063
770856
149347
228649
84489
683131
436022
728309
272571
822308
488524
756301
152358
715876
727742
169769
608015
733344
606039
239346
95936
600104
78883
220013
34187
493618
845087
513143
282456
211315
304217
504170
702949
487115
230873
176052
289197
977720
76589
426985
858147
804066
650840
480817
705256
417717
467805
654804
591084
593077
211017
290467
105202
520260
21206
869939
121973
927741
802231
334386
613792
663737
631979
871922
747220
459489
989542
284481
570486
448963
24029
725036
569732
730030
133505
977161
766554
599818
885551
62315
278519
484687
767212
258736
753760
608851
153472
820487
891906
642174
173522
572575
901478
431924
646212
745712
295072
515535
520185
213245
17753
94544
638482
938634
572992
451757
770970
48852
553174
507408
195678
225152
251685
3166
60588
660698
316759
808991
681559
826721
655616
40972
553368
802766
800337
909769
408595
419712
658036
667784
357438
18378
699069
228928
478278
691063
830106
610586
155802
473158
976940
429274
829413
724550
480917
888999
386985
291694
316469
263253
912179
533939
377942
562914
159801
50788
815802
401042
660408
49614
289626
108340
59853
496055
17620
5793
593916
804499
199575
20378
427226
990599
51958
918575
159822
292583
854195
596468
607551
175446
23515
592744
242771
336380
465080
941384
478709
639021
771883
342888
988839
509309
982940
906618
850971
856427
435010
909512
242158
202720
512320
714758
800634
893664
352304
351404
457800
262380
586099
215797
418234
725754
900534
476765
114529
651506
712492
645414
145087
194285
215486
285972
271886
840773
638583
404487
217478
672039
582306
517794
263073
899275
226891
250522
230028
581430
621271
641426
316620
775523
694459
497749
211098
632991
908001
827584
333358
38747
671698
229906
969847
92611
325745
472005
413855
97653
115106
407897
467088
986852
466355
639531
488884
221084
365438
17698
838647
721169
772412
925240
305108
284378
358837
929061
500657
826731
67162
70858
169897
122620
133429
467948
292345
672145
13499
545692
687291
958280
909624
986267
69048
230965
633743
253561
256938
908035
820104
691423
844187
408965
850692
909587
925022
609794
674835
837572
606240
784810
953116
469954
145137
245087
985532
937283
696795
61764
494643
804414
724684
121636
591949
775877
985955
103242
882911
55256
299090
947251
189879
687850
698675
622831
551769
167609
231404
564701
68960
851144
952629
578003
276431
877053
110329
366345
950999
877771
445524
316701
751028
706370
276192
598252
720588
882682
197078
985512
334336
839557
903529
926251
531780
451790
315676
489023
755240
430109
140075
702638
385512
230599
100149
482273
974289
639047
17785
114166
749662
720237
821228
826969
874982
938686
766474
243327
729581
475524
888617
481158
315496
543610
151522
589108
147356
827654
303454
623307
306797
706656
931638
365326
401108
626478
569436
141862
991843
880628
226460
790019
282598
121413
727991
265307
700109
154063
811222
881016
356450
418035
289855
985388
407044
278931
407499
715386
677082
987789
763347
444413
765486
786139
866788
459879
728442
662737
248276
578852
619317
177938
940586
723264
634611
844879
125480
776421
946232
336119
207076
953126
437482
508960
497797
737849
120457
967968
230528
151945
398357
206696
762389
689245
278670
465207
626930
672102
928846
747611
926079
241315
554596
533601
71524
987023
366597
535123
419669
979397
725844
169624
699370
61046
54891
976045
691236
224043
901452
670162
923115
829887
191800
771045
400587
103945
173294
514437
937519
478458
605975
19477
321653
168991
975956
971195
615705
671186
433110
644119
11418
212575
300627
984130
374878
181805
208488
885337
290478
140256
414143
639520
279734
248942
340557
83755
119872
429368
296587
633150
852258
755294
418569
998418
25430
731667
213491
791314
984131
83035
807362
904886
139872
363730
15751
374066
262873
888406
847914
54376
950322
199033
189272
214190
893981
813168
113118
240441
78018
208071
773939
296519
783055
13593
693627
248129
748913
624698
26678
756355
693561
122182
42262
372216
917099
271762
907552
445289
988394
703662
54910
195463
111349
344396
576051
862765
386710
754900
928241
262516
662788
89515
382905
142261
683772
207052
980473
734448
596963
241062
459430
268052
351551
739605
453171
827816
804835
845552
307816
676195
697558
384611
363795
125554
334180
655565
315307
254017
805116
814215
10160
981936
32793
327567
70898
737668
528577
647810
853030
150866
164187
222366
713842
996856
878012
686021
445966
177179
635392
844099
606249
831309
727867
985739
156778
318322
796245
306249
114278
415026
357082
179631
281559
294209
252383
605802
721814
129717
989907
202656
579792
592201
416733
800052
101487
680562
73558
184941
26435
457900
707873
841626
366402
436696
253334
313053
937823
148876
138464
488807
160539
620753
502346
114453
134085
143133
63894
904658
260311
369863
527391
857346
705215
86833
765524
227910
825709
112155
333389
463341
592147
209016
611601
984026
43318
615008
959565
22906
435879
947063
987531
234411
332970
992874
469019
224241
388211
663138
977239
760595
567689
119122
669852
253077
850916
553837
813228
405748
635484
424297
153101
103626
117714
234521
60072
770908
806238
554511
672320
802359
739693
506844
114950
158394
938387
655676
400503
265418
419234
600766
177937
676159
611449
709114
775221
110409
44064
731381
7880
65842
650020
8092
83268
738449
658115
34198
786143
997997
207858
305542
240338
642811
939874
589916
568539
363088
110821
290292
998597
106781
183744
924869
644040
803174
77092
157045
257480
432322
488552
414510
850382
591253
737830
527140
308362
501225
529696
832678
842950
935813
999249
449593
751999
530471
998360
820403
495469
310496
755700
858443
751710
583910
543769
29486
349442
597751
293618
891191
540782
879892
283351
885218
651785
249504
784321
121063
665114
921691
525854
385708
182893
918126
454801
728636
164599
925956
362229
387480
302881
206810
503272
19822
556825
956134
41319
22941
211022
490102
663573
64085
196542
660458
638292
449278
336589
838915
867914
67500
100079
986033
870127
235075
439480
636473
923790
368657
992127
94629
22377
334162
212855
862061
400100
417805
208937
491312
442754
524173
189899
484918
444358
6121
390442
249716
939639
96818
223088
351984
285811
741147
879092
800732
799150
560864
210130
578796
196728
458732
658448
714359
89297
828069
322492
334516
495726
435180
189127
502743
7783
192949
654324
897730
543591
308214
879510
401496
959066
448428
783628
832976
97230
923839
397752
94440
682186
649662
146944
367654
432724
759164
260845
348267
942380
953130
613250
214916
101965
772217
48058
36689
857640
430941
421245
849219
271482
481718
642953
6945
668303
75871
632247
660143
490987
432451
721153
568455
62503
421009
969888
176062
779127
703271
160197
414443
522373
11358
839005
612644
888520
889806
948524
684387
788891
424677
223297
796914
5671
616611
415707
279287
44891
560446
530640
507377
961953
678071
956921
19082
759413
101896
502618
175637
701113
814713
964323
164632
354349
147381
805663
231089
954114
822412
109130
126877
53359
515086
518885
829177
369991
594349
969732
674294
920089
772270
53944
68057
212566
629726
887185
184552
695176
152823
682457
254836
215549
712466
753307
83832
802503
182604
193260
792299
871542
325488
573254
88518
206962
644543
9988
441731
874944
408026
287216
502878
833964
576581
63968
414762
65022
912916
96473
416590
803340
345392
774298
43065
933688
749932
445672
958746
224999
554684
453259
381469
905321
382744
830676
552211
773506
88582
62972
277774
459288
165688
919359
703103
882319
669788
143776
234999
693595
223022
255264
201663
68170
700666
158025
432621
591701
96857
239365
378902
275555
431289
264256
707819
285156
740040
683149
731169
221358
377200
427806
100431
281961
542506
53642
463277
579715
995221
491375
544685
64499
647771
509584
489132
747681
471455
336142
809321
668069
420391
43771
33933
229784
995213
756015
772777
53270
565172
604996
327752
421542
59187
715433
538696
680231
876898
826370
320648
50916
851172
928711
754180
166155
888871
309987
313980
304110
214520
417783
849445
928756
786675
517525
606486
356370
761831
10928
803155
684946
175241
398394
597840
227732
399864
33032
165133
103580
722901
939218
645021
407654
931846
496858
384935
648907
831173
465621
477756
104051
101589
836160
550315
992505
299112
196896
424393
116533
600628
682700
631647
220150
364379
616740
759519
198291
780078
360982
187411
894147
48834
195770
998664
937980
793897
583169
881146
802090
431251
323415
265390
270576
441465
544061
957717
800275
271558
262991
645382
292062
668814
647037
695828
476331
284251
891790
432987
719122
858750
796097
41161
379572
825275
283785
438039
742508
297127
806383
300211
17918
605983
996754
28456
768848
187052
590745
777895
272582
394650
978100
98033
286
619779
473380
55424
201139
315501
960534
452526
553445
137088
499811
487691
958527
600889
243354
391415
565116
537542
861042
535798
799396
615986
766080
560979
721502
561840
280473
566779
734379
955634
751905
212011
773141
3497
523396
407623
539050
534858
659038
375732
73038
101421
709615
548447
559244
663941
916583
937168
256642
116136
593074
512746
387603
135256
765660
349528
406013
886706
467813
173630
590455
880793
340632
461767
564663
690781
163959
756100
729615
334047
551332
372708
675799
583652
806298
405728
99898
199641
285481
912944
664527
917353
179304
864511
119600
742881
620694
482409
295362
955513
802247
511769
157280
754974
52147
936015
118963
453084
461795
774300
99629
511263
544439
217990
785070
998001
97326
441883
926527
669863
120272
772425
199686
849946
916765
309409
462785
892984
679417
367832
229372
653429
968761
442153
707416
319180
171735
132468
41589
138893
842399
80246
849348
488077
654390
60690
208968
538469
72331
96573
910767
931689
387009
892596
904028
946623
175324
933941
194223
51976
277963
65246
747385
353560
549064
833506
699537
740836
272696
455525
805842
938673
61662
956960
920546
189647
862371
33947
891681
270752
723625
567882
679557
686480
23238
235176
106438
761878
973818
713061
743439
438864
270714
387029
339332
137105
197726
951080
679280
220927
736862
468447
454596
443404
447716
456201
943116
302171
631376
475571
231574
964120
898651
58413
888740
196373
316496
762590
858069
419406
524652
976687
417554
827018
8680
286850
100029
715691
132599
140690
233659
874676
863338
240831
44943
477648
823767
164655
139784
945821
98880
794667
875048
392107
309132
708226
147829
749373
325911
945143
459919
975166
169910
211578
689895
742704
454238
403692
427379
890411
979060
375362
996430
850763
5612
684876
143321
213179
723830
526711
739966
701660
235203
353523
874037
890382
336505
850510
909667
325733
269501
44180
260075
208776
735575
217606
880361
955007
347106
54838
612916
372137
36113
182714
377801
126759
995233
973311
409462
237694
780215
912361
907241
165107
127381
545332
833585
658731
695839
99926
218890
26589
89649
427054
548301
318314
849845
215600
247519
187653
871146
769988
514525
650608
607970
330055
531417
475423
93768
766158
113435
517006
248947
371770
303691
596116
196548
600030
473207
164215
24018
113290
741732
939454
622297
67071
52842
27272
20430
177477
957312
926138
957395
878876
172873
3688
366681
341597
431493
457561
787352
485479
157468
245931
860962
974095
367673
774172
224678
738855
69033
960780
459834
878920
178970
868726
622086
226502
577735
326570
351288
807121
711296
96108
356958
333261
1064
892580
815296
828054
667761
464249
55152
278247
359896
194736
455680
189218
534026
659100
139512
741909
582109
739808
247513
46462
919582
168265
494621
246365
928622
612060
914017
129028
421664
7552
652942
98515
819653
728862
703630
802584
529913
193806
933355
712927
729850
848032
804980
348887
189390
86255
853070
390572
331404
194096
191671
893368
91099
873708
362177
884463
375917
688275
194821
69874
498728
932983
673660
858366
782179
477263
55533
49482
494099
792765
377651
305537
560677
440715
303179
228182
836742
787955
977187
299597
17709
716234
953920
159796
732366
62484
161408
338928
45937
245831
554965
482717
127431
368596
520243
846393
786408
546084
262624
408922
308656
732482
906526
982893
58377
817431
453901
665183
361084
182555
915676
91148
891960
153284
609041
889683
637584
504984
666386
769555
251529
119463
243432
977715
388688
323038
313393
748985
383101
914718
48467
7331
531602
725836
997463
931074
897879
351576
282084
78093
632921
472803
975519
316959
305906
921787
800965
957166
463382
852239
484096
447994
570295
884139
354658
389896
636368
704916
790990
351886
557572
979535
99043
675061
678851
399834
282990
182907
32566
224656
983491
835566
156255
309328
695070
596666
377280
43642
579288
76405
492684
803291
906520
531521
820169
983220
284543
531105
475252
301882
78750
502395
308402
234077
213591
91870
645546
320106
566292
754296
245186
808906
767886
980808
468623
674290
940660
377565
187743
863503
699452
175754
162321
945678
496751
339944
357933
831898
347307
136588
233937
151933
532221
475521
952522
486055
802305
200577
700021
175960
751209
760776
306859
567824
940840
913467
940447
37420
231249
515850
942221
986088
888629
48675
746179
843428
513921
645078
438364
278674
916399
91759
787427
612030
548898
760327
97949
171245
99605
65090
281921
350655
890640
252399
886394
782980
803
648363
140473
54214
84228
169273
172402
100607
929764
419321
763562
511337
201222
33852
923633
855448
909111
453523
590149
852953
883749
14357
213981
140683
608160
927359
308097
547588
685531
228052
833775
746456
263118
338829
352325
234266
697218
981645
116980
474412
217568
293285
213853
935026
91279
683320
981705
704001
821509
216880
920323
732928
163369
537586
220347
711259
670386
191378
475449
836615
789898
839384
703924
122192
235124
104109
499180
367544
254483
905186
630645
461328
880433
493961
305755
121419
725437
502774
926202
906073
857876
612755
905860
708469
656605
19874
476947
26408
595278
162127
949859
812921
716186
560729
665806
708118
769247
702343
811970
273077
499727
805908
691925
725810
381979
352211
156118
172908
995218
202388
637036
520530
628151
47786
103520
526985
883328
428327
457703
610297
928062
819850
745110
706727
868073
319484
101775
573229
441986
401530
148321
213989
167408
661628
871102
430151
433263
834873
857890
407763
680055
635676
56328
629396
440519
369031
256560
821368
610603
273752
62951
811362
423044
89895
259996
605449
131997
982114
698290
76799
489665
918645
329702
644796
120851
94071
171272
881159
452176
780995
293325
621600
866757
230530
921888
780068
62578
134054
894890
305967
62870
283923
787858
719391
699206
935327
867836
6703
500755
387997
550357
87039
560088
501102
298302
213180
522710
496446
43124
327322
979132
685635
122385
943751
757598
9571
909560
913068
777036
641413
771057
666306
906230
679260
629117
973735
174688
262141
668700
547597
905248
384931
631025
708856
145073
351825
180562
911006
467923
943741
62125
243563
793096
362434
272032
450625
321362
601468
442604
498720
779077
409682
25682
806603
660413
382953
446938
974033
266222
191257
986323
976329
619293
292496
58468
816508
406902
730851
362222
467202
993493
175402
118915
995643
910049
722194
255074
767225
385363
189171
837165
98458
994596
989258
539658
360732
418976
9624
324786
922217
56968
39825
414962
83753
822032
242555
421311
975839
330170
125321
636359
109143
346614
241913
778306
908429
851421
729929
488392
890948
535167
563096
754690
779153
860877
171828
562000
384076
155494
471080
993845
426451
594635
862155
627680
886441
188323
502677
406437
3286
568570
715990
486030
587022
103544
719982
999689
114994
559579
286563
607981
169401
446329
614255
708300
558697
960221
170835
711844
638059
816127
748736
84538
524519
542984
646736
663938
589636
517520
51216
203703
588692
434444
578287
656034
317502
881627
679044
461708
413212
625955
335453
483969
416865
146970
6141
262620
919856
860276
288973
477776
77992
813337
191102
109584
278062
283703
806206
535650
396737
537082
7241
869772
753890
718407
267111
678384
408713
107338
648148
681740
163549
275650
978058
177316
88908
899990
731382
233673
691795
113126
207441
956509
327699
945112
56906
726061
895991
546177
520255
174888
409223
874396
836468
42577
599165
717909
717385
616082
51762
64517
244464
974385
548073
226338
501979
571218
144471
781933
719051
64283
730547
662383
46999
114764
931109
880271
632235
524891
241150
321613
973549
760967
953106
198564
509049
954966
633588
903711
346171
372829
85531
230519
180720
998104
501956
585282
50335
733336
276120
381206
381330
862681
61024
213570
396404
495735
253687
554465
122244
406055
768017
19704
224825
330362
583250
823148
110466
694613
915362
925180
465990
664856
632631
259014
44513
620959
923554
611666
847005
689055
435331
558772
496324
435900
318394
545130
936198
996470
383962
895443
287687
441444
82118
287207
47661
863373
144934
576596
672666
772604
592085
347213
273942
807710
680860
682506
369607
205688
107356
488934
782794
441289
34567
500361
498907
381850
916706
79138
470045
347563
405155
4771
496857
707860
299644
572590
982137
881115
143549
254726
239320
880305
321979
970782
889574
834120
97582
642317
621559
47247
678514
993163
382580
912077
401327
120046
7834
949003
287823
957001
325870
638095
538171
228145
691209
588056
512712
536229
533139
202574
739279
535263
446888
885673
737760
386568
435115
254821
530232
351883
602063
892014
663814
236831
831668
186895
49671
174727
918105
714311
947671
825399
770746
575268
481671
571947
665994
661953
619807
86610
14998
813663
404012
585822
850314
167246
704265
407797
152248
982644
94384
526579
911991
303774
563466
271562
553318
538115
850692
25711
597981
515076
920768
409116
930294
713407
375736
148521
368824
915206
498548
630815
424172
446387
352173
300710
234717
257573
53914
546854
817008
106801
467410
135669
89738
846432
919767
468032
955416
643700
713252
172151
171895
152631
705998
66534
113841
882382
829637
622499
632639
116800
367064
780027
6149
295976
207854
407628
921042
609090
552205
388820
494371
586733
518692
745679
873329
899606
865632
957669
542879
66462
120055
582244
915911
977681
606798
982390
944093
895946
552851
321951
623459
735604
903564
730766
973590
878121
610556
924297
662198
718995
70265
19400
590978
666982
593230
30388
802631
932500
417481
778814
529637
542008
824377
128545
392306
380770
448818
636222
26450
712695
873671
724192
908435
953745
111347
410119
872818
483395
304853
985605
826660
963488
573955
417941
773299
781792
412551
202610
791303
808459
799470
838752
619358
277711
804290
49630
314536
131537
807692
674530
325505
982612
794688
948568
47601
486117
283145
714962
649531
982008
925973
656342
963651
274876
290078
978565
377465
459761
344373
879716
507217
49635
478294
938123
600565
144161
778681
649294
856850
638080
955873
554314
401357
933058
201327
398766
452836
383990
110962
789660
580471
776785
743418
544681
299731
245248
877281
374794
655219
784129
899498
915989
928917
397304
722047
920758
80641
172794
838330
320511
420292
119619
896747
243853
355958
945453
862082
438958
739803
98295
603114
237772
737294
511919
273936
371799
262438
390284
239417
697122
421722
433170
442757
659742
317461
630663
413737
503160
383461
986956
746649
373960
580122
596536
153791
503392
451966
37970
25031
781737
16368
773062
16287
345467
167120
405484
995992
428280
940250
285342
186303
158707
223226
286705
135721
212281
453748
478672
982413
332075
637427
587165
883976
61918
84780
567651
322252
470418
328768
532667
203598
530990
292015
257180
423576
614058
272840
698955
284183
181588
825480
666973
723985
514218
688080
217041
104825
218969
772103
91399
715703
736722
20005
62109
197251
486171
692728
159283
121108
727637
611140
882279
794770
550387
859999
327503
308524
318858
994199
451050
760598
151620
500034
737258
214165
184278
873929
406373
596697
728888
726365
712886
201501
685926
567906
925405
314407
848530
908581
530752
394093
266925
901941
772641
505781
712685
799824
313128
824970
431858
778978
301382
212488
63455
27723
677726
685937
243174
367549
805496
490675
734438
66236
716591
351943
992978
498750
984634
455035
785277
793470
36513
2370
354691
1996
212231
230927
164901
252161
716388
146086
720894
892561
260976
255454
950112
456925
994899
648433
536687
767623
686506
629888
630991
37179
457224
633709
825842
319025
179077
921719
840718
94778
776091
128643
8008
151857
489506
320779
935752
761831
685392
694425
36992
562304
533563
260973
598144
887303
230857
916545
765028
866469
510453
301795
240203
303345
1396
396529
862580
632769
19692
29862
776851
825181
257824
402266
233984
987866
402610
969567
715056
906076
417731
745755
732737
738220
614158
570093
296864
446587
878060
524172
661423
274919
261433
764699
715285
282536
526009
858584
636726
674991
437885
608724
884478
891201
502465
79232
952517
256554
10355
37005
61293
290153
894333
12295
122603
302746
2782
39012
453749
897150
367834
782791
213235
440979
154533
786359
363110
115962
392863
686039
163950
686060
525607
983977
800733
527757
536757
317662
510565
666850
78964
23932
962555
755029
878364
322756
431197
778378
112547
26101
420422
912266
654413
432617
416248
19540
648061
30346
943001
40486
534143
249026
823227
985026
568870
766499
562167
593818
350308
827924
492874
595387
248634
63087
505066
574105
425135
155482
880733
891524
572941
627685
309565
911352
391568
762202
745640
292003
338323
195665
933910
664837
857596
372708
399260
984839
648319
42133
597417
378050
283666
567822
372356
339991
215936
866662
792514
673569
429094
547846
348513
582629
400022
7674
501991
720941
414769
195167
764007
783606
742906
331630
690463
590410
261413
564524
88693
652169
416030
162233
827143
982782
263767
498726
791070
982477
688610
131089
538262
835226
202248
211954
107950
459716
187396
808888
672038
613826
421987
324712
181060
658952
615838
382427
416200
796691
933487
109815
150093
66598
809340
155026
325383
384739
375641
134793
584449
362340
905415
99157
76770
915938
205151
533954
576547
124133
857279
36757
459021
524012
881897
640241
459384
305558
682736
787334
316444
790109
139879
947413
452305
136104
312431
89875
760746
26781
253098
693195
603922
250358
105890
501732
616813
960904
883867
857178
319227
355758
907108
317460
377575
898011
170211
86472
417934
735607
646293
668833
465192
392489
483366
360436
97784
755346
50372
82805
402718
858263
938872
254431
916905
947619
730630
710236
701343
167803
961074
269425
686258
441414
668589
419508
665577
472923
523249
71799
449273
170403
895852
207110
423139
861447
655578
561248
608071
943682
760463
918332
376792
747422
231637
928834
90087
265205
918739
338089
404585
436153
59840
119948
835030
923381
49580
316662
472958
852111
364027
954417
411292
979883
889607
771295
369378
984307
512363
646133
244156
237518
672921
483356
822348
834860
435950
509710
308774
368966
185845
675691
637271
843823
949794
852211
749366
476770
739168
922725
202085
223004
277984
861869
64706
976110
897784
535283
937331
860143
62134
504516
929066
20743
260078
682426
846031
796467
218048
636300
407675
109170
970270
956812
23869
834511
378804
35832
380817
289450
34512
230355
304618
360696
876042
153040
528563
184857
657188
346204
65484
345749
129102
823798
929547
448862
661998
999736
167993
593851
254707
838940
955893
579656
449747
273780
239739
175793
103244
16794
132292
72617
281380
155096
673874
825020
840319
215630
398065
789406
624901
898728
31560
134463
729494
402244
195681
267836
142361
601442
301016
257126
200528
423941
202911
880705
499190
926626
134920
751427
194949
14692
263940
435966
428464
751463
913876
280927
369460
884670
862863
310268
622354
444756
511267
878783
863420
632563
867198
572625
97710
204909
178942
800775
418809
736137
374808
76282
903828
404799
262550
223361
576796
902858
840548
399905
139820
91000
831623
223696
521154
644501
944859
960518
681422
581917
23980
674947
215258
218420
83634
207548
156344
325663
309398
995428
536358
12695
546764
564512
130572
250217
997676
964832
466372
92885
871964
529863
52283
252045
875112
297194
324846
430688
460186
413986
781361
423540
929772
452460
401904
45205
849719
709836
125091
349334
898090
364805
534990
304681
852515
688698
750435
15993
70457
135778
826271
262158
881269
737553
298247
189101
100798
26648
624202
786244
665262
372136
958383
831546
802564
943844
787592
786625
57129
242173
237340
792379
846932
304637
348036
70403
707102
721275
760842
382781
356595
28788
763687
437691
409037
286903
364593
899043
242534
654677
477569
55024
138974
190936
46202
193186
946827
769162
336915
925489
631344
858020
258165
328137
466968
242083
309844
966409
448632
421311
192263
484713
24028
1157
836367
744544
518847
339990
40471
699059
727458
513139
22911
62997
625827
730032
473265
847722
307820
751623
309791
489001
273397
420084
74241
518576
883550
997595
756561
389430
871383
380024
457026
168579
612914
407433
109970
366160
837868
658364
466842
319521
98526
731140
932424
488399
36852
600315
818980
611883
623077
594066
182141
224824
958403
80939
129512
717827
656739
371283
232078
718628
777118
279173
99840
462464
548813
491323
342598
878626
922423
544685
584276
927197
275333
95579
596996
931403
399045
295457
752812
795159
224266
132493
435347
93050
330924
374633
399974
413773
5664
968132
162370
343004
12620
343260
817320
22642
467559
517467
303625
253111
484729
263829
839222
797136
922298
17253
589592
688962
125601
668376
823191
724635
946681
557980
897738
809680
769544
188810
652296
784593
320845
142280
791490
645924
430315
412524
221512
982782
862075
758682
856935
902460
529282
493756
773947
417033
950604
261521
203658
774545
866697
235491
782972
934708
383386
96696
192273
583955
370095
568208
144310
675557
625287
55295
219334
61512
813106
497114
859615
322224
184516
849131
844836
219495
36629
399285
31342
748124
891403
660596
896586
617086
622384
576487
911557
28246
516560
16210
270402
731615
426076
430990
774221
297051
695096
314061
437406
335361
311336
472899
261258
88647
633388
226159
206134
638745
935856
309372
383057
795345
626626
935050
149144
99244
139211
848025
201881
433061
314385
145972
651984
836493
21891
965118
57855
868341
537017
72535
537126
457314
59260
515476
795256
450305
167952
64879
854263
550514
783700
970759
112366
479187
241504
145694
693689
466689
375312
814963
531824
235096
378998
129344
493197
118553
957412
573643
478544
124665
810386
305430
210003
547015
258335
517745
79505
864685
199309
31376
395407
701438
807923
296902
108443
677848
990837
184595
660413
969822
952560
702407
542610
918452
270355
864624
921664
753618
106235
526080
489283
488810
980675
751899
21351
123081
106018
889379
984134
784463
599795
399461
608045
415467
763714
540002
6677
101995
986144
100347
966475
551714
316814
153346
987394
476666
275737
337249
197138
745858
519098
231614
128903
855016
351521
691892
882262
852348
11177
241461
934696
339810
391853
404649
670302
128828
922856
974036
529571
692488
725973
550890
501491
924668
533962
760443
732811
270281
192688
299447
865951
797236
982357
185843
550892
606056
47935
782168
656343
52059
370356
520610
872262
142038
923634
546609
697102
53495
550407
300489
492216
681953
357101
786337
207399
433306
875974
348243
354915
910511
15643
635537
451498
486617
1531
806673
940538
734579
784109
767779
290469
181537
656079
231427
129081
893542
115495
665604
977217
697135
63251
815610
520404
426920
823420
143904
226194
455380
382955
699770
383831
557426
161180
580293
563904
808574
881635
144258
31851
537248
396987
170871
389921
968591
435350
866496
462275
356284
146301
402736
53655
189702
142921
694227
967436
995915
539039
702242
816105
397501
443664
259026
180753
61638
919122
746709
894726
276649
148070
379655
787144
759874
202756
729919
265097
981803
387597
509757
236865
350159
393755
642445
158989
606566
707189
803623
623755
382427
345916
382070
138789
377670
228043
392150
203683
281937
129515
353827
848351
900191
418486
925937
235068
878562
988561
918191
219627
624830
285766
625990
836431
83764
204065
660024
17921
387518
779184
19663
979009
672405
727786
4216
972424
571846
997047
242454
542797
913884
808431
189480
717538
634351
893382
724535
628001
926184
399058
426032
441351
587973
190969
856208
137545
598837
64638
826151
89078
863659
286618
362767
218974
375691
682911
236167
606551
492589
368869
708159
310501
940978
849442
670808
771112
645537
209381
519538
888638
653931
422128
807507
642105
275767
201468
913551
621527
822533
12981
370859
962012
974310
446952
785654
952208
91366
974859
376072
654912
515365
32863
876605
697369
325089
30138
180389
108939
658990
813914
865837
740587
415825
254589
350452
703824
985267
464744
854375
444487
253875
594628
241449
125333
998193
673616
468186
571826
590810
673335
560464
83722
77601
108765
885195
944249
756253
404598
783304
231231
576717
550597
876466
256322
705599
144561
339866
141982
741434
440102
431067
54107
3633
58302
450628
230699
331750
295573
252940
82338
183030
223322
843306
716736
535122
29509
594490
481295
269025
890342
19104
21792
368079
918795
412072
146614
468528
994087
567087
661963
691749
194835
68814
278323
547329
556660
198362
660183
661135
466064
182300
384481
748424
897803
319324
175635
296485
410257
396351
724427
871250
539510
448947
979950
803941
525214
298015
938216
802020
389716
316265
561519
183316
774501
749468
499644
431500
559960
411294
123860
563294
735807
597220
224973
358515
487085
717490
574742
779201
272743
51076
463076
206956
369413
43559
162148
551885
9934
806436
189938
999852
21783
45533
353172
82949
601605
432474
528150
768538
149160
871407
616205
26890
826270
884719
372287
914276
897057
961152
214958
100377
796652
763871
982115
472026
93411
783375
52158
21001
259119
719703
908392
629694
679585
567466
715712
480830
51060
952524
27079
985588
328661
54683
248697
307068
418673
97585
598080
566487
342459
837392
788077
342369
235771
321748
209582
230825
162295
552585
381026
507493
762393
37960
548847
207051
611151
563306
760047
565179
130356
387297
491136
637020
998110
669064
270387
402849
84033
700947
18110
878073
819206
11445
771101
337866
438405
304973
238007
49179
342331
955648
337491
737687
872299
78689
95473
16289
140284
62189
929871
182296
971117
836401
914583
456193
270500
811317
249043
80222
873579
302578
108611
343542
678154
519407
501029
559922
269957
254165
838794
348731
341733
413711
908912
869126
281958
813951
745317
435259
576063
634436
827717
645175
298259
841019
294784
15996
734220
627084
976020
84443
431145
272088
403945
360376
110880
489841
672652
518723
42299
36656
678885
907980
36978
875590
662708
29757
703814
827291
127736
522879
650836
430301
688970
793408
711441
162076
259656
868481
700701
823031
30738
621088
479556
218385
263563
923384
658324
541330
450235
490458
815738
481214
983046
437417
628509
565073
179006
482743
940350
374029
419796
984639
965859
455214
449518
470897
546134
147409
668255
732643
738736
242701
143991
382467
564685
955481
152798
802895
137358
757007
321668
524770
192491
289994
205443
350767
471143
515594
557383
441502
337905
638873
444830
7294
535345
795444
507683
228789
101355
522680
123742
756343
697397
496839
879543
790390
748578
283262
861926
947512
138920
76151
149147
901249
729152
179479
821195
631648
750335
66746
301619
8931
987441
41858
684893
411547
522361
528061
63675
448512
888711
686477
75434
868064
692913
296047
575138
190105
825061
537980
988351
433224
939271
129793
598853
67915
276584
991459
449612
353375
637344
616002
83161
84109
96437
777952
81356
661248
15138
299990
76880
163909
973571
16844
203021
11221
59543
3723
273840
263126
5639
262339
542131
992967
61973
148894
484417
323586
815534
966696
106395
497034
502087
694895
460363
978057
278600
756600
559390
24237
296894
759223
524194
200584
422933
529766
763486
503403
79306
916784
38773
641965
130370
658736
238697
769812
537993
569436
349255
942541
425414
469435
371390
388949
145455
203174
896920
539162
982992
141698
158809
738586
530946
339990
103094
141361
886481
699458
916812
765825
617247
934086
709835
887001
209241
598956
853466
107622
832276
823422
367572
471571
419517
546372
978080
27729
77514
692215
347625
498463
753281
496670
410441
473048
267763
76336
631595
354727
419541
707562
551197
915939
97279
594868
676156
955495
275097
533250
934098
241857
151197
963611
27257
909949
530517
337386
63728
357735
641067
935810
339622
948756
258991
734087
673513
909465
756104
546565
136812
45749
818971
529718
119978
229090
616021
233754
651553
901401
587636
696330
642232
730255
277786
118776
328284
491781
140261
553307
838642
325547
293810
326427
673122
295128
269622
69467
429279
605141
715615
116477
47990
350278
238660
78105
371034
302359
649102
230996
663428
916953
934666
728966
106676
383638
300156
14258
437523
122061
857648
162528
935454
882911
491985
577564
939869
11950
474392
394015
502627
499789
928233
850904
662255
299408
522498
494995
205764
19002
775686
787558
165932
139434
894665
759746
118646
89339
249461
120870
621130
432155
689355
61360
215500
688225
965253
601195
124158
558202
878147
446037
146203
803065
811206
43136
571636
225927
141357
939688
403771
638160
126469
170396
464272
887617
915042
922922
215184
484269
997511
872640
885452
810507
340448
974902
275578
234764
542625
692680
664188
676851
873491
863134
227500
812674
264732
870646
901401
315837
304277
329077
266853
399030
348693
379164
734084
735237
412248
843595
619740
236583
847669
318041
456176
554571
105344
744869
683891
224999
136288
216126
290534
768458
236497
890664
174555
743702
254715
764571
464155
604022
59988
209002
87716
492902
103928
484979
219697
932953
715303
306642
456044
592498
615789
130581
378815
912677
852296
720062
205671
29029
694240
822729
289232
356276
125767
917099
33445
195453
515154
434309
578856
537017
778427
795763
484298
597737
517167
492465
432358
56905
250914
784764
339155
346354
406559
515749
159196
12953
506195
54231
887721
990398
7031
759388
682366
428950
430347
414327
409064
746544
345294
533381
629869
407065
807321
935907
442240
267568
474698
728152
372772
886639
382518
320330
881215
77651
272044
274814
932305
705747
835823
35579
375077
835512
957225
51855
105722
70075
191580
337555
867089
179247
921530
21254
74211
857983
235028
864559
640977
11889
385304
613261
539262
790931
917835
931110
11817
321179
965940
355451
19774
527031
939561
451656
717350
469110
306749
436528
503765
748525
926559
308000
30893
840791
42369
118216
692323
432111
517376
131858
101126
447785
364598
132580
410038
812233
238724
171347
255560
712490
983989
925389
609880
272238
855768
835099
967128
198948
1271
878049
507579
124063
452712
932546
456066
61708
417428
676997
5688
620892
749511
488878
51873
720070
396453
312167
129640
856926
452825
102309
277453
752676
327747
276242
609203
939430
98631
842051
388537
851464
919706
795118
520762
411750
995123
686825
337954
156753
760144
127904
603483
574992
410453
812612
611670
702690
214702
125918
984684
8772
430159
787706
934624
139039
156726
537918
68642
692582
742889
896927
599199
473700
352105
674385
150200
219555
819129
184491
787111
352962
433969
255147
585985
432077
468045
886881
733521
436903
479361
71498
316556
158772
216685
950196
272752
845637
849237
99922
296498
57429
333155
697045
507359
313289
565577
424246
126463
613959
354183
420459
815848
806497
472737
866779
352402
249486
744262
462313
827488
428400
729855
242776
217960
719695
791854
592897
378279
668529
296104
210315
291991
97666
560503
798225
406768
688557
163163
620109
440698
863830
547285
152991
888097
725600
807672
49624
395166
554237
40405
466807
129792
459359
406564
221018
421936
632789
880437
662281
811817
251271
928399
508652
442378
298575
240943
945099
499610
903969
56224
903023
516971
682218
904765
633982
65352
646827
962610
521728
34001
115454
868171
240139
67058
540417
304359
803128
802004
192159
971582
64107
324046
308251
803149
896918
798050
336001
49675
92474
133998
20449
434320
59008
537933
531220
528200
466000
428206
170802
653814
655704
679821
834163
39560
479617
396282
640108
895123
456768
833283
414391
473652
605758
811084
89718
23916
568427
704198
173827
719788
225922
447485
196953
781984
30601
118349
297511
728847
267611
627862
252654
85191
973208
26050
804732
989310
933067
656047
859861
641279
203274
429199
144635
333433
354539
797830
437145
730396
423424
891196
484332
345221
922934
910626
785273
156538
568389
869944
272233
735206
968294
816866
306147
553908
713966
427999
421581
457088
917013
181877
966452
988254
374595
968432
491931
470453
463985
354164
830951
574264
901203
130749
683440
4933
875322
717916
869608
292247
79568
518625
101969
296268
138738
273820
875386
845508
483057
776541
481163
604831
858603
916914
728905
891572
899694
850796
41536
853428
682399
896836
8107
428375
648239
552066
539806
459254
68386
980824
771509
769605
366603
135540
767792
530655
782582
938779
60119
629570
846526
163524
916168
430859
956942
420636
810096
719464
615246
63473
296534
22261
394550
695264
699975
455928
719480
199098
183717
972940
274650
701301
901663
300390
139144
240961
903938
652098
7647
895326
754824
808196
414969
446529
65160
346539
214336
908271
894946
92052
760599
861690
84496
823752
12920
140175
163458
96189
624473
179038
145803
615505
697366
151220
396560
357083
384184
719008
686751
854424
240062
413568
75440
430090
226820
537223
890369
124946
339608
321996
849279
717633
631007
987046
294801
282092
852207
849181
429296
743752
820694
403340
828183
322304
72
971197
306959
918070
428586
451483
696474
305193
438584
808133
816395
820036
4497
371057
65570
240491
788362
41385
896043
396906
862876
996882
240054
106666
669743
775832
196621
567067
695809
464134
688324
143812
146156
903747
685354
232870
400341
913189
200840
567635
770381
927073
396044
414679
563295
260266
234107
351317
766142
71765
858095
542505
520805
228825
14182
230513
197554
96453
541269
514087
362565
198931
425580
184497
49558
538118
762514
391885
676526
895464
37145
558093
688222
837323
614681
706219
33434
725650
804125
732237
584148
576404
674646
304433
346625
922492
333307
290774
911822
753685
869862
177650
712790
946559
890434
898944
339205
700053
409124
682832
296837
697176
644217
430868
956821
647368
335458
20574
479544
969124
86044
828359
59957
849068
427667
604093
119217
567874
879184
622371
418589
290380
362867
761202
322941
151741
510344
675918
28433
109440
790341
56989
338619
357670
165481
380376
468014
484945
809805
221057
592167
612825
716830
880006
189715
388636
608049
863316
333294
275053
920158
524523
406192
683939
30798
222751
343549
518895
11350
91000
269014
466496
851056
418641
945
435013
293448
633695
393943
176483
723631
947815
779875
916650
695708
883313
200447
846679
48462
882021
524713
10024
601411
561142
963794
537075
583261
534898
681463
955376
819163
908216
514842
731958
699787
996963
918603
884057
396333
866488
152540
93414
20972
800322
442292
436742
506256
419091
486587
271244
357972
304710
988425
518529
563820
957724
863271
805180
5923
785513
280971
548454
617812
922196
261860
802139
244442
934513
675403
161439
851792
535651
972980
517103
357738
185443
19005
873734
812586
558975
523575
178483
387952
822232
114261
322797
102358
911363
792303
261007
120155
101775
474856
733903
153427
530431
808532
196592
68797
280472
384928
785697
63212
169451
875214
481516
431236
544327
813136
821792
348211
582500
59390
826473
799325
543423
855668
844227
65468
984303
886878
339615
713291
31949
790747
9874
810367
220009
124262
654254
729558
845175
162147
21177
620222
771046
85288
118136
388918
320786
466605
860826
622015
639390
278944
133859
853995
375908
204677
182574
821084
885570
14615
908680
945868
451610
867135
812000
621644
296039
181443
492188
898327
364353
609022
793790
804181
998369
510293
612089
127108
721533
270549
237452
360650
424835
245398
226356
301345
303800
336393
878736
979546
567889
859408
344300
174038
99462
168029
300859
984927
435633
100466
891851
171713
985328
306907
394491
572599
941724
563972
927638
469846
112415
881250
829523
354268
95599
590481
142499
899926
441358
1580
12016
229485
952021
179509
439831
366616
374992
278806
800280
788006
636691
460522
14093
549485
930072
70010
70781
990059
473123
312837
186006
28815
909821
660880
786176
98425
62691
996496
826935
959945
205161
123860
641870
882039
825205
175160
329697
929585
291580
496538
68191
444188
520515
474168
22425
606073
794603
117192
494971
390622
157865
392483
852901
565342
894427
448335
498568
768526
987241
698544
577993
943328
539680
313540
219451
385086
389780
944805
352796
651778
897128
609769
923325
433382
945163
840106
323649
790870
82593
600297
483331
311811
228533
738092
460311
86837
686251
102846
495610
800523
541445
319419
948119
526321
629108
203613
900064
278559
578829
993082
546734
557794
695233
259555
523582
778795
974213
807383
223056
654947
147660
984819
664817
669184
412387
275290
917239
167893
859387
321608
551414
805646
993991
377339
73143
30546
542928
815200
337046
89014
384031
420768
931058
296038
10982
671202
510468
563301
878768
702767
146720
26523
782700
871258
710140
6978
413924
476632
869826
428603
494886
934293
885954
936510
965595
315034
144067
46173
370084
352373
204770
987494
359767
632605
978428
632039
640693
329181
304239
569820
750063
446157
603515
252968
12642
47050
777629
409150
781141
189364
892026
97215
478255
243539
628595
452257
831268
476211
738788
78656
719176
137371
621144
930756
301188
896291
477783
382585
75642
534714
204743
465365
831472
440039
968975
850560
501638
603757
477992
807144
749654
883018
801389
528646
63552
870258
438517
820078
550268
447416
469543
51636
234275
623404
120465
837667
607962
901895
902967
809231
726145
785187
851706
938938
155147
837829
335073
138691
278643
374744
396113
694595
509075
94838
360081
719211
209228
680996
359721
971030
513666
453244
147501
561718
577747
480966
888409
548571
17552
259920
541923
336895
202174
95606
747582
514299
715835
4923
192114
214490
254316
242785
812224
596964
954007
492111
257906
490678
115812
396514
319701
966693
204795
824422
203235
897290
735590
941805
957392
762581
298354
98781
356692
586155
60793
582438
181040
816809
669563
833081
37096
764657
712512
900161
724257
663077
344983
905268
269596
247727
392217
149167
931138
539513
459056
466537
903049
796288
830033
888749
236162
979692
341201
743038
820245
511840
527784
384778
908155
955214
43163
664583
18613
37767
938871
913382
787242
746913
408806
282351
278780
609269
857434
157599
504243
548497
728994
956483
124040
862166
57587
507480
864002
71386
871988
165654
703478
9317
784445
66794
550635
102818
621945
571483
487699
754129
662191
804886
691445
588802
905052
888934
636048
551771
259232
597820
132094
123689
266938
717436
79072
990092
293202
69967
917030
404870
120437
513729
318694
23804
219349
403290
116520
750327
131377
669147
63284
413388
917624
867740
757644
470335
911124
943871
914849
204742
394905
227302
17488
530896
451205
854251
324273
321037
195665
708174
148874
789598
382298
436412
84723
794898
661921
203571
912466
254021
479558
843942
318046
872136
912365
121639
670395
776620
651627
91752
711212
412617
362674
965883
703380
735746
927988
850090
190305
326181
565334
849624
927321
956813
841349
909231
404198
723304
285906
696422
647722
396319
818378
365243
534945
814245
300200
423661
518136
628919
575098
319522
233538
46873
286264
239473
492617
895039
541131
973860
36670
192041
873665
780043
803859
732806
800206
729868
742230
101674
520220
775749
935072
827997
871472
384015
58523
412325
134335
465743
695720
467459
22247
14709
442059
997472
976773
224376
511775
27232
250465
516199
352978
88188
73322
769487
953646
950784
260989
281560
587364
464443
527748
715969
539637
265966
286559
176256
425276
489311
804079
573504
535920
937344
63240
462471
952474
785748
973308
224158
808859
216695
213354
977712
805928
938021
525653
912692
737208
334077
820324
883548
970785
836597
389399
892124
191855
401545
133352
411935
625842
622547
754926
239882
672620
323930
549160
266813
356061
244368
891811
472961
221728
43973
72493
299452
658754
308280
588604
331750
754775
68652
996576
116185
906236
46362
380978
27668
457237
87395
50457
300101
783100
93065
826749
366950
431975
134326
785351
709795
695569
788855
364557
982974
927122
139191
154657
294070
976469
620899
692794
172169
126849
892271
929576
113411
27010
143208
807492
242074
783632
634475
709357
128689
255453
947092
409566
563639
752379
986933
230083
395659
351857
135903
249473
306072
51966
444932
549111
170531
341808
494742
176921
894047
807994
472522
544745
602972
855003
791527
458352
185530
267562
730928
670041
312277
333390
39993
558736
791034
901402
363434
894401
258843
965273
816233
26411
667905
471529
835415
196619
858510
511334
787130
521796
150367
980073
664106
217173
119336
185169
13335
966062
80597
342157
920466
237623
153253
845111
64298
759325
265002
577379
532066
229921
695095
254988
149692
731113
902348
163472
13167
21744
433970
527350
104751
435684
744699
799402
716068
867189
533748
754520
911593
281405
4082
106946
211411
170853
389353
999691
50758
982261
487264
34878
481296
953487
65114
571363
93427
36650
404164
470237
836973
1913
308227
801843
975176
619519
653846
892900
766158
507090
588977
229007
146711
903124
793754
57638
529167
983863
373241
809051
335860
341765
341271
909140
686340
892259
94534
25124
157036
401156
764250
918886
505484
277170
118318
468827
714545
199410
697179
784656
887426
168982
617051
932118
506248
31926
939325
321482
143600
358462
959343
658992
160546
423422
193480
612371
886637
796919
446603
229554
544838
376291
133270
864776
854820
588432
910046
609489
479160
618972
105562
286789
921175
731139
33826
242248
894110
552927
226567
386879
496683
94589
91407
718299
637158
516058
784247
957283
952831
756101
724767
130514
941074
206257
73905
832735
198609
788831
45158
104802
865433
879923
631545
92746
259055
516551
455239
866425
314401
876780
213966
475143
891850
578259
77357
188625
586720
570738
571808
859319
864905
781241
310714
703857
66339
265870
368717
184434
41348
52250
718628
134951
390560
990275
111650
91431
672972
325371
605535
856062
220756
700984
643277
349582
120722
899745
223992
660267
897682
207752
742351
14492
862150
664697
815716
175379
491603
65461
938358
62974
553901
986453
951583
462015
758498
33665
486540
57042
638528
503730
228604
709176
727102
461782
824723
960535
765186
3384
605380
592313
496714
21548
725718
803505
766079
724235
934708
172100
220155
546050
753836
980427
930520
245563
526531
952130
758025
740525
621753
966588
484737
366833
341434
203473
401217
762108
373536
194158
328315
873717
465772
370741
635505
220326
939881
36297
636890
225180
884758
803832
487087
692082
869052
898060
917788
177816
242172
195683
124194
132031
309700
6913
494080
345180
484432
525382
203358
250863
588517
311501
407124
727680
537868
871443
179077
140205
607150
371758
833957
671477
104953
993254
913907
206391
349257
747107
424835
313925
74530
774406
561338
709506
620626
363764
15830
711000
135535
236048
286296
480831
766773
886763
912068
410222
355853
432339
865254
890707
546074
890463
488673
38365
395956
105786
627049
85377
382711
84384
823836
359572
984154
765288
985269
16944
245936
299840
2489
875558
682944
660145
196760
149036
899743
691527
881839
389566
66691
201114
464050
504641
919453
14819
364949
814551
753245
952135
408946
478423
687804
614384
248265
376440
340574
267244
48100
240088
218721
290465
764917
323913
945010
761031
235900
273800
226030
950479
31456
849526
864716
114711
598980
6762
238531
209095
434337
176248
96958
127414
57849
79911
396132
486799
560464
134831
545817
921024
192002
151568
333713
252974
636420
886240
617369
816576
880305
708563
425411
498460
480469
658778
962227
430033
408135
755934
806741
700989
756685
13129
463993
803097
792162
498446
931049
105979
890115
63528
903451
236593
925205
895293
560104
883162
866346
159287
718604
321100
755958
604355
652284
824276
19624
704262
250349
829855
596083
969165
710903
880783
943745
814570
42548
996976
188605
934256
767971
719068
523990
334274
659601
794302
770490
370410
383159
654999
37205
959232
766104
158315
260294
545995
908273
625654
59929
119569
558882
862744
96114
209041
613593
757756
635523
717127
758409
295219
560323
641718
570962
110314
755421
399067
29937
558744
406626
26029
721129
489427
140094
491587
844286
217411
916194
746286
289204
269644
712177
830575
11475
83294
180602
756525
329244
556196
902934
634685
854957
301912
560932
461850
423125
367089
28281
565593
592790
820902
704452
794640
129641
772432
245361
845053
352314
244470
118557
605955
436288
536649
826430
182362
527291
554406
727581
700519
666961
908121
496726
811625
128997
23595
330751
814423
981561
242020
878670
64538
427793
169388
495160
722566
24750
726389
179222
805762
130394
260291
520023
267976
677675
448942
158619
675824
884833
837106
152432
223692
739418
533819
444959
872619
359124
835722
742113
598469
477236
743807
346956
175297
652217
819036
53700
198425
544835
320002
920619
317044
444266
703870
696137
531457
659915
223757
701442
541133
426949
483097
843812
464442
269432
355471
713541
536491
511301
100350
658206
592967
981347
43836
809624
226983
150970
199279
527115
497921
767536
19778
165628
172471
210112
40141
499488
205006
375245
961675
296402
293279
139065
836576
992109
698283
672357
799466
862598
411217
675253
721626
586444
367378
988335
708884
307577
286133
998671
872669
2110
976130
192311
81673
724102
556994
862437
273950
816991
579451
30665
499920
71474
103132
471983
370058
261894
555424
908681
578948
810590
562974
189228
101383
830975
734572
185838
539035
645740
205538
623925
221768
448448
390079
831299
10547
60234
889777
687229
930524
134171
615113
816368
956483
16014
135887
628648
588518
145730
206932
504133
958240
752778
649935
837422
603202
18522
68731
687896
801944
676553
431991
189745
994784
824954
229139
273495
113013
948650
237858
145913
583657
591651
995185
977442
56004
898086
120235
745576
670712
507039
79612
968308
479920
89748
799685
835981
20834
701594
665372
696592
449446
773722
138579
613390
3881
872552
699667
44352
592383
110543
290246
420383
893305
249457
454762
671117
627536
693506
646282
731424
675222
325974
702971
371515
182348
704739
684565
402573
801935
655653
377235
627134
149875
427074
80698
961980
33015
198094
372711
847680
73813
772015
280659
950370
445736
951684
881993
306273
122992
914333
225762
530091
494022
201432
317707
228396
439648
499664
553897
356174
424355
405173
762091
915275
805200
780565
133219
685601
715232
764121
45573
952816
308635
632787
353857
766076
135062
247760
439520
416162
178012
479510
912923
997952
302855
493481
819289
668462
219458
237169
417601
404457
505464
698177
11177
485038
848540
606420
7661
875618
461058
130239
452937
690049
844666
858614
378424
30973
279266
255645
257835
652173
362741
562882
998434
454951
296524
255912
539033
184149
885683
332536
324017
958458
227775
81463
552873
715685
199378
459456
233916
66563
122057
313333
735237
494503
3283
691295
174907
326623
771769
95558
207232
705265
28782
489367
920254
500758
708762
758136
263796
49682
218778
590562
565834
397077
662005
929463
491255
51863
263788
441942
95925
875971
443271
373039
191781
938573
543065
654135
762786
799360
514847
864694
457237
856024
515957
371070
655513
496900
232375
494869
23477
524589
119319
338360
177519
425984
677475
887516
242724
936479
84195
351504
984838
694456
940491
204827
906944
848065
162505
175311
875046
225159
614693
598035
451568
40408
100726
665585
723928
999907
228778
890071
519502
46715
474329
816413
896372
893031
22036
504469
244614
756829
943432
267001
885330
432262
639199
117795
651779
273917
939606
608535
301263
435684
212772
881624
317537
552718
988992
531442
875582
485402
945824
98460
418708
206937
606555
328949
709198
708267
126925
498177
116551
478886
308993
423839
139032
451952
40492
243385
95489
519638
120527
670369
350554
279237
801868
895187
75478
281480
635477
147231
892205
118818
343457
663251
106227
135887
654726
833257
441633
821047
173066
896843
580454
676681
251403
918708
646710
935402
703442
962617
768654
667270
343375
697822
869942
635886
828356
389276
134774
325023
953046
99456
720236
682248
330130
807725
18326
449327
834751
28127
106006
744132
56184
420265
202652
923439
900829
465026
323249
590039
18209
88868
276177
319399
904891
731947
465832
303196
575162
607811
948288
35094
782843
715096
192158
386479
688759
965857
207980
532332
644911
777542
951969
5090
263813
725867
971463
81851
124800
111021
858356
372922
806920
150783
144599
964835
423803
166660
772988
741
989895
322251
472557
93548
45368
850976
609839
872233
951199
863134
308976
427857
911669
913115
489790
976504
764595
52042
863047
28301
790683
279784
303718
519868
414378
750654
838895
210736
520387
102826
644761
817198
687730
218027
268654
568474
47505
953431
267337
78601
847035
895962
667012
433408
402865
734627
689584
781375
867583
853555
334454
182445
78733
870143
66051
855987
297724
341652
978968
711749
729169
650485
299024
405077
910565
68942
79733
844081
971501
943729
383736
811669
991809
997140
369407
323066
793872
477026
135950
250166
841642
350301
755942
970836
423395
331369
666268
342346
718731
571224
527091
496867
573338
198356
103870
879554
563551
471292
432775
432623
972208
888167
542267
46270
586184
750497
761049
847861
998671
391281
471407
687706
35226
715100
448289
145381
537062
426938
76921
846325
145339
402636
137357
773083
268183
979788
476614
132204
936800
264628
264093
89839
260127
706547
641592
756703
111405
550369
773766
505847
286251
509112
190569
862189
37638
574286
764908
623264
755289
954773
984196
301058
241681
55157
517168
464082
122235
82013
380902
655995
79824
742256
290151
161102
584137
74726
641671
364174
144204
451168
275929
396703
679076
663992
236069
411822
209423
902251
875565
740270
125719
102104
184922
579027
746483
428584
208606
113575
437031
949805
425460
99244
421733
381069
893258
431643
397220
401493
292379
540426
683623
756261
409727
147596
605602
461246
849997
823633
578439
917066
563125
469139
745477
461721
700939
346383
213964
711019
332593
377861
971478
414433
894265
967663
622593
559218
674653
505425
72145
646972
622646
830294
18430
180678
977761
275580
317621
714173
175329
143973
96332
159777
70891
872807
961464
534026
439474
497125
933770
571293
16534
772521
167724
290239
754272
421117
850688
654017
594619
513705
827544
731338
792590
102415
629307
589393
390917
148703
729762
487034
595170
753578
568479
71409
323205
981394
235916
42390
167883
908702
810486
788488
722826
250325
984700
948883
805579
186634
324417
310605
909392
800644
746044
594701
691661
510151
607729
926300
313564
750004
142103
496375
982810
293727
463996
172400
995353
523208
950254
757106
356068
152549
796245
526488
546805
450891
82931
401978
859857
987368
115474
135133
23324
434783
199045
695090
687136
359131
860531
251291
818104
588749
620138
881006
492908
4835
584159
433777
780430
73194
390622
133913
770938
858306
970357
943250
455584
48387
68417
785937
188119
592332
657272
790287
669110
718174
216232
368890
808191
751946
351414
22995
282987
101045
368716
879870
133107
157938
891647
880099
314186
248907
170525
908369
392468
2276
710176
182987
869648
146139
504416
890945
257781
972296
941968
566366
787421
946795
537504
641340
826260
844718
949726
101562
432286
883954
322489
320174
715877
907247
936007
361019
853254
482952
117240
853655
236327
758939
688143
445899
704769
501696
526227
774209
190608
193373
600991
792401
467868
128369
929836
905046
725025
482549
503449
675412
808254
718444
385004
487629
124709
645584
592479
32891
988281
152757
874686
416090
783381
643217
14292
68103
223046
322732
354234
607640
384640
621697
514741
614833
952576
955737
45214
553937
594177
715966
737354
855279
579839
145178
655324
480429
62095
967546
723371
895548
352561
263979
386636
320121
508069
74363
795151
84599
469083
580376
624542
69787
833691
640079
735337
768837
809617
659519
629390
643194
853210
63513
236125
727158
558893
106660
550017
878729
91065
782881
465587
404817
198292
8566
456663
180516
325305
714583
680519
727679
505090
611021
737899
993762
362728
844495
244255
507130
736392
996154
677299
432137
572493
99028
570331
921157
979065
833857
104318
976465
36135
767313
111121
357375
495214
696815
881030
734954
17722
472042
828637
801579
584841
702152
354573
185752
294541
415189
52337
907832
24896
298060
561428
602141
906919
82464
295845
977253
88348
903859
655406
404535
960449
719877
11686
436420
846858
597544
676303
226646
538167
109554
840208
293244
107067
263394
444208
507529
858497
353849
309281
829081
394685
597829
80886
489389
717350
936581
29874
181941
114452
277213
600740
72564
892973
702014
502797
248507
480540
7263
829526
532268
969771
135953
204806
105911
688311
178680
867708
248092
213814
790461
2685
626302
862973
879293
970968
640441
810143
976281
853981
59077
116712
529871
660445
191397
313499
25955
384827
454630
386879
947187
869726
850343
902907
361997
113179
569818
483600
536097
569061
258913
385658
577153
582273
181444
124470
513918
879119
577309
36576
582306
573939
523355
806787
602729
995442
794496
667488
768756
834486
148663
519568
69571
357868
728533
123849
979300
17304
349625
431204
965353
441757
694935
436531
852762
13509
493771
9272
576954
808764
937795
385329
807603
736682
308055
224087
789458
69899
560646
840808
392476
432581
528690
997242
510114
617089
514795
933751
24206
577588
442106
593078
805286
284474
566206
961575
915240
278368
873966
726903
937008
417307
505658
665661
332970
738928
871825
832515
570398
761833
714196
183381
797039
960915
909530
164334
653238
980076
16333
657441
240566
620499
360300
993289
420213
363740
398305
595638
46898
291974
197067
898864
371974
130904
904504
797308
575515
264016
891640
129547
963951
626996
472789
657934
639413
417788
200072
121219
896009
242981
513885
816138
131687
169353
644256
752296
250984
26677
632150
133704
598568
545400
178589
660499
715910
995941
991323
222846
745602
676966
429663
499109
43911
925391
436969
893519
187920
124479
388194
348984
870661
998182
844808
177592
3942
31728
864298
88197
150229
879431
840116
829436
352682
889681
793841
656507
103823
314245
747222
550965
118081
423576
298756
464452
863366
860912
741235
897689
261272
647894
298817
769706
646006
508635
77630
305379
421645
405805
706337
372241
686157
987531
302300
313785
95210
136533
572787
51335
164887
285900
173199
384107
149032
137139
86750
742313
645352
447909
924274
540624
431472
846610
824836
171617
911568
408177
926826
678138
996758
906388
996306
76334
61962
726436
959890
147169
786421
59910
299695
267731
622413
632046
586941
725356
985988
55868
432386
517531
487509
251986
499249
463448
199545
110317
910650
90079
336983
910325
875735
992580
4804
871234
35740
664613
588373
874288
416583
572040
433818
852783
882403
83481
495888
531694
33463
216567
675769
80608
559613
553628
668445
430997
356446
349384
690277
430826
764857
89864
849487
934224
740056
86831
402255
80320
793253
991349
226465
848122
846442
466779
985163
577145
339028
527108
906579
215941
894751
507748
530961
86085
202386
836066
759575
412575
585929
983793
403087
51755
973783
321159
966581
533153
856312
268232
445168
414748
277792
831633
956355
412771
834459
367335
803
760861
728898
528606
764504
355638
299042
421922
755693
832209
985263
883918
765970
694840
604812
883571
123418
733772
201065
255019
829181
650964
620760
150124
395045
778215
998954
88301
597598
370304
649308
53703
923442
316644
821784
702947
676739
120356
980542
838404
185917
856555
660796
924868
599763
369815
195093
826331
546636
954172
955619
202089
365846
612405
883888
419782
897442
858010
859833
615691
796622
365174
503234
485818
145197
342254
333384
301804
367179
56037
837178
60302
28046
88056
216417
399147
733300
882490
290409
173901
212549
344048
767495
330866
485200
222730
517995
422594
983944
603480
971378
774815
645774
96084
640053
865664
465004
372140
219671
71511
522164
889521
48235
27623
557127
324011
455497
606087
740834
161111
451948
77924
252827
687549
262925
735069
211041
163410
349608
527720
826971
739021
825306
481780
124423
157811
605093
115932
752342
914324
366268
915800
73734
607328
927972
112766
121516
266661
614178
371842
41496
194061
399284
672504
223777
934444
112531
915192
441549
425477
293017
231871
351828
542887
637217
519368
447838
853288
262169
282282
319990
211271
284252
68125
345110
606118
773701
995528
837627
178635
88332
748986
831259
747488
957308
778370
223440
572705
487354
651081
770031
655852
158398
486684
376405
906519
434722
507198
391039
272373
416752
843040
709630
174023
107911
264419
846464
588693
607734
846565
94974
301216
173711
958506
936277
663166
680629
662357
902245
854790
80882
831976
768640
420680
932696
406198
2803
169232
418205
92550
8012
191952
756242
875896
840229
596395
12080
36341
474633
877267
973672
261567
953210
908702
492490
564126
211600
225768
558263
531610
957408
428053
758354
297612
830877
388617
191675
576779
889777
117934
828449
661742
883325
660440
47420
853409
737560
218052
501087
613499
735068
103612
813615
937049
442148
584241
362859
823718
83146
171037
881747
415702
487934
967029
852451
770428
22047
23133
875481
147465
875632
142536
275036
76523
729218
827282
241058
900738
298576
502844
961130
252303
460791
913444
595635
580722
262555
125287
194320
802197
290723
653321
760650
947400
134886
487909
847209
951979
963393
91207
779986
472889
892023
625079
734114
435186
756969
843378
606756
644012
857964
543109
444691
167943
14205
883328
574241
490464
358412
829675
185025
702198
136119
434507
388873
532420
880254
549594
17794
19542
633727
568640
305938
556837
861817
583634
153219
439819
980467
943716
460103
183889
495938
664950
888638
90882
4662
154326
436896
659309
4609
309063
715958
811464
873712
567631
231977
397516
157871
365518
718330
500523
352207
222715
981770
231818
47328
54578
29627
738216
696934
625713
100735
132390
773178
153544
290933
364799
301161
72524
774664
321200
597207
24324
6601
540661
378791
12355
839876
840641
899878
39874
498802
517202
459885
9741
709349
901493
23421
657164
797723
401238
475955
600575
852997
816809
900817
210545
587434
509022
453096
883552
738397
200737
822101
924445
377468
5420
458640
306403
724674
867216
804505
843711
845555
60586
536225
230699
767590
546058
301696
362025
441906
619090
317053
618529
146763
12695
437001
581024
372228
887746
558008
199555
996606
870702
20534
89036
831199
495367
995646
273413
351575
44506
670569
56813
331081
826630
867557
141731
158225
214962
34270
443930
505383
462683
295972
456265
441812
173217
507752
135266
58652
277934
697387
485589
394776
808399
783251
846551
523329
179672
953792
517327
11914
107381
736021
555438
966279
573679
277146
796524
435634
705261
334858
413600
462003
303498
300377
829109
601629
786553
190562
428285
994648
25730
703058
979283
543162
816212
303247
504186
71595
850343
115017
921756
573759
797296
172603
617404
157233
465854
457661
635329
804506
909064
346930
977559
62424
658458
742232
892872
61849
718978
639599
337612
244563
75792
235412
401936
972277
227457
875466
151696
207744
349787
652234
878722
617215
793450
769519
411209
312508
40365
430324
148625
359388
749658
294414
368144
38585
675931
292831
549037
482776
841203
498058
151560
841881
601472
376788
150455
431043
737598
823241
541857
519720
326578
590252
861057
305072
567281
674515
546343
654245
849375
66226
412757
521035
527579
235832
443579
437914
770231
617042
324416
534949
520028
536929
567045
162092
176880
491660
993124
156345
428569
974019
860763
279704
989126
54830
368314
867937
489831
698334
226234
350545
838001
133666
55549
251659
20181
497992
849256
917347
450732
424683
929836
752364
599684
517091
132505
864317
803903
977142
353816
414443
23311
30676
344205
457596
800467
270539
516554
459241
419889
472392
979596
418543
584440
321268
746503
550878
383613
479840
490194
150660
993234
919869
891573
605896
915280
397168
707887
202918
929343
907766
925436
743589
421967
293600
452465
860900
203948
479916
493270
627229
83925
919647
637396
483469
671243
662137
660310
189139
108237
90748
234323
562869
618791
82319
122837
618356
107395
151312
714966
691415
775048
740390
351327
838694
60211
953970
881173
725594
873813
244937
908763
299888
456865
143875
375736
48961
249338
532051
789825
428786
235782
179228
730905
655471
101575
576173
28527
50158
900235
695062
528222
776059
636742
728257
961630
661217
553238
660877
556867
130183
426528
617389
432632
151418
822939
497037
374238
199533
792533
448339
825891
401649
178777
938400
1279
183060
842322
738053
652124
796056
152178
445098
523752
714526
495268
228958
603338
171995
133652
523108
979895
196273
287231
960853
815675
632440
366225
923117
802873
12500
453111
583300
831303
650770
923497
30650
862311
646665
827338
643666
973001
593702
115619
552741
417366
739520
600504
130365
997869
212893
215693
281153
52287
684862
929117
759221
794403
537116
435695
681298
239075
39202
174803
730396
768190
534800
649300
625558
117686
447438
776402
878446
160085
727372
505766
128274
182447
48435
973641
560642
61104
304798
813953
932702
867865
762716
146122
551883
646558
465147
488757
949489
618642
583419
484164
176029
594082
223509
63474
39467
672529
619929
983561
469746
389404
836767
680991
385598
204091
828524
242043
364552
462781
281499
874556
349685
84331
506555
981445
184399
288233
970736
176766
517123
730216
36120
73665
713013
720206
855352
633317
414055
304836
809951
636489
627713
242896
223104
225516
733299
647728
607517
262655
594661
242114
834077
855631
856924
491056
580142
123824
884577
932861
164833
225469
863039
337328
298242
384596
233652
421402
302944
694134
198820
628222
226308
855575
481585
485533
571291
255687
652183
540298
488623
953615
274687
677472
804019
67822
58709
472504
765617
366005
647145
205649
505366
589212
479721
263851
136448
65288
576539
900636
853012
759320
748998
195998
976151
283637
490427
19750
134231
263688
551472
948815
837941
560872
203886
758555
656896
739642
836815
364521
520066
237206
344764
37931
587321
533520
420742
430415
785406
479714
205781
287402
106942
8828
106471
549827
17051
586715
824999
942253
978691
712139
958042
8079
79995
618345
472423
46153
448526
137243
989364
406757
694125
778872
894097
10516
568590
980023
960629
190231
681415
537085
866397
506272
921146
99540
845952
730003
392609
778574
447037
336163
118365
519657
244692
236334
180568
603201
120088
984185
548548
335354
756186
898514
11278
661019
154262
791005
772395
810646
408043
520505
647634
324497
915588
110508
977335
900875
264950
185830
493508
729265
288661
176931
897547
292559
504980
834556
582276
520911
535663
457854
690559
429816
73617
573401
681938
769490
719345
911229
170772
686294
856432
644948
463356
144641
517194
691370
358973
879569
620504
35614
37273
480475
425556
767294
873487
954512
130036
27298
244384
724667
492681
542738
785778
731874
276424
126753
77520
258595
296760
362743
839717
651859
270682
464850
413615
354216
68400
365075
114435
877731
20851
296618
658111
901240
523841
519501
448386
127775
834884
173858
942308
435924
859346
559604
772577
461705
358679
667081
306524
111294
263297
401226
394346
191827
396135
642020
614313
391552
943077
63237
701602
117776
95778
14892
342815
801068
235066
344645
818571
800761
588158
37098
308467
687769
751635
513562
494101
93036
665471
323183
56616
330719
583344
888613
380795
14457
688256
694553
213665
779182
314990
951759
433518
270834
263231
650466
72047
74541
477831
204354
675794
6759
674887
603488
163192
97693
132430
693177
453410
800676
119577
456574
13488
217343
154267
960538
504304
633992
328738
609464
758636
813623
878141
736323
27160
668704
393200
766191
777258
525799
92063
713340
33946
61281
868609
887426
126143
769312
559539
194786
926899
473903
640642
323456
322126
718015
393282
782193
351902
395680
232589
453789
549624
811442
631448
116755
387224
974306
842881
854855
723663
321106
793549
285249
64839
949148
318834
160175
511402
46534
647917
629636
501425
774502
302934
244052
541560
954115
561934
195110
883400
725602
762366
102664
767869
869586
839138
848397
537030
495682
634094
212617
922766
850252
318636
867128
338178
344551
564097
750414
999368
390143
570489
287798
376883
144738
90146
594498
468748
203146
801382
315816
783610
901290
494264
877153
878072
115415
914272
12479
881075
67745
7100
583611
420147
419802
88205
756673
331675
398176
960993
701511
249292
32054
980948
177198
236401
476472
810090
191808
267009
494040
24590
849647
481226
471768
520662
858603
655069
546170
956440
846827
328470
910677
525827
97818
542184
305338
362480
152552
800272
425283
910180
259091
557142
79894
880815
570148
960884
417082
649362
353128
642941
792727
954531
952300
86219
491250
141500
243236
759736
895068
840466
355513
163535
326351
880265
17329
296255
679827
760686
136989
377444
880458
22585
238670
956120
329064
52916
580356
845798
906314
76081
894973
31877
411038
819033
873200
967601
824585
881415
713290
485645
822319
36430
95051
919572
52201
335534
289951
841693
242080
202116
543699
951994
913873
690454
729503
49082
472995
243592
397752
645549
496329
331280
373406
886191
322910
745033
45797
915379
63047
879902
304525
447617
796806
115048
209972
10763
829668
767955
427347
341113
656198
313376
640430
232050
803348
723263
230711
434579
681072
819145
94907
655690
247963
910201
76498
635892
546026
803841
372398
119486
494721
278066
874908
555814
500754
255526
779696
882018
962812
690740
366055
426451
415346
740885
137184
214441
271498
401035
936017
87752
581782
462659
711858
234671
579248
831620
398902
189396
456631
892345
190048
929173
366556
100543
386084
954876
277976
339086
429123
32313
168262
740917
584882
604261
923563
10946
196136
579452
934662
575032
144316
904037
69657
914990
644752
653438
166782
448689
236738
604263
984916
107556
910896
469469
205469
767972
188483
651533
154129
184279
911289
875331
562664
497575
126377
209034
260805
39304
353733
508213
567770
759092
716217
523372
327788
712238
990696
807883
625591
502801
828647
186092
304310
752614
346930
848579
181277
804639
147618
570459
36221
281687
782487
718689
858638
933347
339664
308570
284199
869216
790071
340991
127347
593009
180148
764154
803918
594231
243431
829910
672055
739387
293409
821443
914530
984424
325445
460554
435712
494616
893992
103910
55518
829582
233575
488104
323377
6515
678245
712874
185341
755620
319997
492274
618915
923483
87955
202659
475893
419602
654500
682855
495488
370287
597889
542987
322127
956503
231508
483887
546695
570426
237583
315742
161017
136225
342198
168798
524350
439153
639277
382694
695057
574375
989373
811779
942724
67833
434800
988903
126195
720603
536998
840361
219324
520108
26231
151730
908285
761597
32713
139803
846296
789616
249656
673591
652520
200703
676567
570981
199590
888352
796623
384083
986862
220949
755003
109285
761954
879066
439545
238048
975894
802848
736788
609803
658540
760504
781537
365955
564383
412915
469131
24164
251203
886714
468645
261351
273170
141888
563081
636031
746924
996478
887296
955014
16835
178116
601243
852804
174874
454975
813901
354508
357546
147382
295656
858306
480841
545507
814422
57815
455303
382222
745485
767550
957438
756650
531248
994239
890510
277065
137486
235029
475686
905108
107647
843520
168897
707461
964387
659744
820189
555859
941097
955225
675888
147640
180275
224863
527296
582860
239272
431983
209064
562517
665759
305785
843140
826237
727088
742373
172612
318082
191406
661684
74601
257004
298131
95780
137269
779820
97792
683098
579122
297101
374420
829987
609663
283681
294257
363413
301052
10790
825312
721655
596239
459208
754829
51473
279747
640404
381165
78670
160113
642327
564219
286656
661567
697012
770107
822239
696799
599451
377897
611080
164348
618536
854456
445248
117529
245450
415013
990909
571562
173240
185288
946759
597307
875024
129919
384453
655911
306028
664569
79627
441631
942606
855725
543668
828728
795219
271837
202869
995093
836971
422668
982650
633547
23833
896285
101348
378920
85810
900869
102952
257892
733993
750807
173295
747486
317273
470646
923243
112339
427438
4921
504252
442560
408079
992172
105552
530537
207212
901660
248634
780673
339554
482606
972884
388877
818242
252319
83631
4622
686719
931945
356869
974382
612569
5406
303537
981002
957181
258155
869691
366236
854607
436787
890777
317494
900927
116860
693316
333826
447487
131249
584144
926301
239121
74468
925277
484265
438055
896727
459065
277469
904248
816301
416248
261181
237964
517973
353777
774153
885995
32569
276000
935538
159716
685985
285174
419333
738593
903026
204898
696818
707974
562927
661992
166209
314839
285219
83069
889548
403047
551540
769888
848759
265211
869244
772745
978705
213121
83277
849291
584768
783345
999088
779236
991158
882015
810569
483056
808345
800773
261324
110863
944928
397437
808129
400223
693296
249553
60855
228723
57294
278976
825702
777418
125373
5970
206785
361553
611717
216809
918291
603976
269674
36686
396799
159971
803099
716875
292041
800932
213669
478728
554347
668255
601714
807748
183799
512449
115060
152374
673932
913553
817204
712057
210484
125810
694183
749952
456969
771895
51251
428929
841251
871340
743613
874826
658851
627801
529182
200305
129643
86762
883158
314626
463629
97528
643923
502341
885423
683639
77673
187203
95778
709288
714853
564319
729504
430384
794389
315379
83529
365092
238451
985151
498215
426251
274534
709872
125558
676844
846558
703758
129673
403301
85920
792102
430578
882356
287119
378054
614804
398564
617496
741766
250839
284142
651183
267551
863843
399470
396595
558062
246759
444229
904173
616004
251711
516828
295657
133255
345560
934923
123200
358602
309517
69546
738301
655745
198741
800605
870201
980091
16471
246584
820417
399527
922067
892700
621222
944807
97652
909977
320992
848504
303726
520793
300175
445043
874856
557101
760645
883024
517129
915609
789536
492653
376424
245558
639707
992414
553486
977668
836720
211416
960356
763325
796428
288862
256213
304459
463612
257221
435594
487332
197389
512756
541356
985679
735137
18879
820935
486376
948526
818769
538043
362712
555127
747284
106109
339226
275724
50739
930989
960563
549361
925986
434288
799278
606726
954773
597083
53718
626428
813417
829683
122144
139465
646707
548009
70177
650788
469756
701361
725986
747847
963202
454273
387707
780570
249982
149521
685363
410725
92830
594982
507021
328977
291478
721483
117931
262396
340439
734282
738746
696560
563845
810414
274141
321803
698100
218151
948636
750162
410865
895252
370383
417384
715972
198271
961277
273549
490519
581886
578435
568888
754558
557541
183219
804244
869636
496087
335096
405203
229472
843293
891067
467670
818916
252680
660599
931849
286756
873542
139811
857611
491465
529266
949564
241046
181594
991387
529928
200884
574383
973170
521288
191171
49502
751431
861113
127657
806951
407575
181003
56358
288872
49908
837610
74763
77867
735909
35796
814073
454725
167819
632675
412662
544595
627389
595577
518339
808677
618095
743124
147254
770763
575970
52220
660351
150593
729827
929273
981399
806735
340447
187992
538892
227393
166898
860827
164265
194057
473715
953381
731936
846550
852091
263274
772781
615023
828750
925663
157295
358825
767808
253253
882391
120324
72853
626882
840821
936970
82396
387383
96290
116805
858432
647326
947604
104739
238530
715354
466370
953725
642726
117724
573692
66724
610853
1870
879416
800865
898713
101338
336455
41753
126225
408556
912989
936234
854947
326064
297852
796031
977699
762154
416786
480991
932102
756590
511586
592118
135077
947681
8625
349139
546224
256888
138759
201123
328782
216462
594274
7739
476618
553598
717711
717948
523436
655140
196201
142914
924180
436900
78925
704337
253182
262247
943790
228604
844420
399058
39359
367967
182477
242944
717781
803969
324146
938484
155410
874364
820541
223176
477179
556471
358553
763996
187670
492906
416601
662127
965412
384768
93281
45827
510423
734276
601329
914701
392923
792080
165117
794473
585571
215241
389975
595642
97433
148270
670087
86107
464855
189871
283840
230788
219961
824921
731460
702674
46424
213911
445205
720789
938441
872763
262874
32547
856709
51073
903771
53711
649443
271311
869531
276943
557372
563977
175963
321129
909607
433194
226019
888553
17930
449419
330155
697814
679898
359053
402608
191976
396897
905512
993191
687828
764818
124186
80403
213613
104155
773025
175008
841474
618275
806933
202609
294620
300495
497889
830475
25075
899749
564442
837604
24164
392340
198179
228361
672551
944956
280421
179784
505656
204784
553155
27528
433185
717809
206911
327417
731404
908533
807933
373148
878089
248765
171251
542362
684345
217176
33543
320523
46466
235616
179465
614521
673381
104643
675576
323419
234743
559248
268
427385
519806
311412
173659
785624
490282
622370
581720
630401
705221
660334
819806
763697
232162
625795
783667
360891
692064
364474
471862
929859
962926
440464
372223
71821
222042
927156
415059
489035
555757
823232
751699
708021
184559
241227
458633
81892
93706
974643
331100
258564
400175
54176
743771
269449
525810
715234
257846
265279
613912
386513
932199
319032
187333
400992
85048
301983
463320
213592
793577
877908
695877
242492
990930
404386
982145
990481
282653
908304
883097
742549
539201
669878
105809
505604
572105
97504
308713
971423
501680
880187
54376
122305
876507
191491
546635
374697
258130
212970
853691
548948
299194
539216
243882
18494
930632
566892
172312
110616
468179
603155
691514
857694
340157
872778
71761
873445
328113
933310
337853
394179
127654
322550
6980
684389
173436
882973
820995
656714
988090
318922
586849
894978
422816
639954
532756
32643
238613
437039
709064
715032
56530
638993
808133
243042
666322
742689
482504
631736
910580
57937
956372
748135
959461
688143
610292
668595
569472
415851
492971
913704
15332
260729
137712
84957
790308
633736
158966
305949
478967
860922
49713
181788
623386
964354
570982
667577
130020
961213
595398
825166
860152
107433
949541
735086
935394
820619
616605
618550
877371
47583
875442
646371
340069
829455
977674
237927
129740
516548
516941
36697
7733
467247
610591
10862
407620
174708
172238
353478
203344
222276
47911
919592
393914
97570
827291
718631
507359
499544
998800
156541
612975
36124
180137
282979
865501
818290
521178
34606
183051
602764
164150
720028
235797
21856
772339
466069
766398
187208
214747
502228
961502
758336
127864
321504
62808
339505
434887
369311
465237
774317
774098
501618
823782
245732
201807
230130
445413
624911
909932
790091
483460
86718
781619
646255
742594
977812
61457
597503
147214
568853
444336
588897
996388
605048
525008
615768
548504
391621
786842
340885
347890
896713
334136
931634
3024
863431
701048
477602
738302
430828
322972
243401
764996
327630
844495
907901
93169
11294
299026
162940
64637
48066
397195
383894
312767
435792
524769
464528
657212
797760
527591
637640
804205
608922
362209
83963
156459
550881
971618
723805
672819
738073
551630
725665
40023
546892
857278
366446
952235
502396
868335
239822
433722
590966
200115
911937
583336
851575
7361
9323
828010
600781
834925
808874
852139
545101
267796
758535
496817
54224
183449
365507
949078
674596
659833
899383
315252
711001
676680
331303
199238
293431
30239
983075
493725
891100
36414
546114
635938
260700
648154
131946
71210
635031
363724
74495
947835
880474
937573
105572
972338
996785
883320
350921
512209
785005
843296
78815
428821
468960
21250
955793
696805
915061
69173
484187
277310
810741
410044
714921
355534
962308
735962
287500
276822
909276
382302
635198
627541
629193
546515
26131
498447
988417
22247
170078
615745
489048
185498
950423
424203
594878
971469
553696
270526
418063
167003
826450
536287
454774
466110
339616
503196
744435
168329
187392
119571
515872
596939
546591
253315
203965
256410
74690
102221
571750
631347
381193
664016
881455
31744
638591
209762
947202
491796
573229
906778
285697
988600
928939
501537
205695
643481
716167
394778
385580
578922
159146
824077
857628
870941
812573
639995
822773
582681
146158
224073
646843
213889
6802
345458
318965
234299
220443
719868
987305
80475
979875
745241
576359
822429
877123
244103
385455
303205
638977
64071
72002
608585
789583
420185
440391
726256
307191
603616
480136
937638
857185
259666
303241
141911
592854
932827
738841
153733
726525
616632
501815
874689
352273
437680
277869
716483
993850
588384
332007
90337
619666
985644
806212
280768
106376
516480
440805
630041
435326
942196
743446
749792
388235
682968
546339
300524
586734
213093
731036
958618
572179
849718
836575
391624
217147
506237
539750
327424
537845
463219
204160
205112
472644
290902
669041
755177
338213
206538
532961
404058
702339
274173
277693
371502
289291
180253
235641
7479
37479
724404
12587
534471
533478
881284
412644
40470
481537
313366
92404
520417
532270
982032
982130
122219
294303
195599
583853
293806
163979
897263
849721
918451
88269
403836
201496
356053
312790
668213
467036
254302
343436
70185
370876
489027
944648
747486
464616
648055
242597
24639
550476
445694
572739
952832
284690
149265
810310
623645
664739
885863
168290
397371
353636
856502
405929
300781
265470
82097
212858
393229
808593
235715
711903
329714
678404
635361
281611
828744
956375
682045
91427
660987
136701
244365
756091
431504
183044
909592
107305
648466
898054
89399
635751
521860
959006
877223
645498
623105
725392
630376
281837
447866
319035
1980
685222
493567
873265
273537
155192
554793
621104
630404
822692
585123
169815
995994
758276
508737
752241
412124
106505
112720
706613
932785
797678
545783
778644
249613
318389
228205
270242
296808
527658
131132
557623
213730
196003
87783
822124
466504
599309
736587
507402
928603
125460
559162
696818
500842
284245
336046
64428
764932
475217
398835
569258
513420
682187
841553
993677
702588
146884
983472
763563
152487
774610
900593
548819
14957
365737
893576
5044
963713
533265
650368
586398
412594
87988
709643
98980
773041
183970
495247
827367
375216
618136
231314
423657
835974
458717
297993
989363
94123
638633
110325
588360
775817
693913
850004
954073
672844
19162
64735
930318
336774
8141
343240
585608
342331
835492
545006
619580
985547
767741
922708
227505
80558
96367
898198
484746
431311
614449
610265
420129
702067
210469
671208
825159
571192
894332
971046
317754
581297
612220
612134
957135
373493
965595
858725
785041
846537
713186
570118
701365
412415
675676
211959
42540
826109
363601
435204
725462
472018
323129
389775
540603
26709
245095
297933
570487
297519
268378
887520
208131
337266
615193
370685
310605
159083
842359
903028
9418
205626
922861
640458
475280
607376
637139
168791
788404
445918
856576
504473
236045
374150
44852
723643
46350
343152
527414
726209
93300
354647
975485
327142
52449
707009
33898
623450
293488
77759
837515
269911
46361
973051
410597
60138
272303
59734
606100
42849
830633
897823
353118
169524
616825
317070
872642
211387
880859
23927
622731
123656
734829
333450
156076
193816
409987
754036
855167
657542
607255
699162
289130
37576
464599
919780
277964
420077
998443
921605
265322
638963
506638
474130
368080
471294
9230
847377
807462
985993
999380
836250
788358
386902
525206
76394
342887
689344
876391
168449
760006
906866
563863
128080
957985
1340
407491
46901
378808
154234
73417
129019
171072
904345
321366
965542
25320
243388
713518
35949
366253
234934
16871
566404
204363
353578
987810
68046
461899
828926
647626
254073
513641
716655
889759
837324
777932
781515
896006
336584
522745
966902
772285
918160
735554
118068
216214
640250
410140
709555
260421
699644
426580
792464
131080
473701
585648
121459
940691
522563
388679
205751
357469
764160
634019
262568
823116
921121
809337
73884
36034
2606
222351
914205
642394
470581
232385
536510
141590
677697
318952
862507
548083
625128
923510
354755
269404
955838
141408
828878
53673
199497
669228
365433
30706
492291
325862
16926
310806
596388
771597
677999
565095
756397
833641
419271
541011
45294
739460
450934
412437
482156
100015
569648
937088
187096
774634
662880
627642
137910
633446
966248
353960
932219
569450
97710
922555
772122
511317
552565
542867
737433
874514
773699
97574
440899
11147
148910
831277
356550
918053
546857
854983
663378
741975
258947
533068
290080
124178
10414
198623
862511
978163
165711
767114
45663
930086
774000
754057
809118
752977
327422
863999
414367
256226
943731
461729
754437
861994
737195
246507
856047
370655
782293
499463
498414
411456
270947
686268
679725
120168
184369
822667
744139
620456
512261
179937
471566
436021
769402
551481
143124
531176
216512
6934
53094
437738
352236
239838
371639
340153
497304
467355
79870
499651
600540
856774
345787
689586
873892
245270
300372
333055
459063
323717
115676
830892
214449
457452
733450
644723
585854
102254
423254
582400
68526
827105
781040
154643
310689
503689
902432
72954
906190
782646
72216
974030
930950
139047
516298
348125
738853
44528
195431
748753
477132
836518
884752
858960
332877
468292
968677
523181
47771
173205
649513
788825
873664
57771
154161
934748
149292
433808
869978
163979
865240
69626
149857
649597
345333
567332
546180
870630
328204
859964
110412
290886
246247
111230
503977
404141
170016
44311
292398
910190
817986
949506
467879
807069
71546
172079
443419
782651
36841
584640
110334
982946
452731
766543
693879
838504
764084
53825
717419
579547
874666
639776
825208
385353
205525
223235
306289
832249
532626
194606
919197
671707
585985
185205
183082
823668
541066
562035
144428
657087
509626
93598
434609
665781
372369
212320
535934
643647
112193
148672
246155
571936
408908
302650
125513
643029
984170
42613
310834
620171
299848
536145
649974
676178
423685
767444
225445
12652
663615
465619
431900
621111
677434
318359
604055
184095
666831
612426
236489
486390
131161
371731
20821
298766
131876
857024
152924
230412
31858
782451
695265
683132
915173
344820
839160
387786
825181
703811
277448
236854
583413
789324
169478
486932
886589
317534
294234
484013
545121
829641
374015
177297
227658
250713
548816
129421
794429
882503
398117
110161
153100
39086
941488
284961
246500
738729
503251
449038
451256
923084
371826
909231
726459
374470
913277
425319
90633
152920
203951
91683
336292
220778
500690
337298
642590
363682
144064
161317
613205
905564
26394
599436
497286
822587
19312
718191
534204
63632
491547
474091
532231
179664
361917
619017
332012
309632
262704
142595
326802
114115
730227
722017
117119
916530
488883
708994
883671
480637
130303
634494
616770
429470
166458
836749
172626
99848
238940
889267
934422
520022
162450
11744
836360
417205
71794
267415
179772
848092
842029
179238
226922
828101
307465
379466
278703
743063
648876
734322
664861
92031
856903
672484
495499
294668
387242
19016
703408
17770
848483
483501
978761
264503
637947
473034
839156
894040
998769
882465
452913
773215
96116
887316
888178
544405
730417
231028
581396
850510
165935
486406
739722
865933
721445
519757
582553
600838
986417
15747
317
543200
332336
87733
881256
966129
437282
913336
101279
401009
687383
332685
498239
189047
478034
56114
646602
688292
786845
155698
193188
536135
490459
265765
878768
205241
388071
904151
848967
481110
544117
842854
522877
427043
873939
141871
306154
25459
21413
101628
484579
919897
253351
125049
360046
789092
596123
446859
506918
352732
241439
166501
603276
508232
589419
785953
755154
248038
655402
217335
693449
544130
914013
306924
982083
894745
52564
492412
780755
466827
915169
377727
111145
414468
349785
181838
254599
795454
578129
28848
749187
331939
917473
60341
647068
562775
558161
366832
364369
343863
266469
757820
522802
342590
258847
636253
350829
230815
915597
204357
367255
963306
934287
600054
929891
196500
448397
963092
887026
754643
950614
101754
924338
751589
277789
844277
190024
707977
846589
600318
900267
861417
433858
599559
790378
334885
737423
785446
14590
215756
705565
569807
424184
745078
419153
833200
111952
233390
286315
954233
501059
590897
474934
523447
876705
3911
636863
496248
593933
551008
507591
201906
154276
878776
571817
53850
752847
42036
838137
974931
118310
377882
801482
780991
465072
737026
447170
163372
890096
574360
696436
535219
463716
949240
442507
310306
389896
663718
410332
888672
571787
481297
337856
300080
639345
575878
129102
494703
210277
65827
231098
621904
127156
203881
449839
169872
659544
832872
550864
457049
977537
450392
922622
844409
344522
580395
31122
394739
810229
626912
84230
767431
173695
790187
413906
736425
567643
29955
2621
491084
410145
642242
600651
999556
18124
313826
446392
769519
762949
113974
846662
539252
104397
658351
474577
864077
506419
645582
801055
648013
511031
576216
971503
218545
743430
569477
554243
690231
107615
217849
507613
488078
137550
688566
769413
11562
926665
781219
264376
593629
505892
546299
648566
430525
319538
136129
952511
852652
159147
932818
353408
219844
602774
725595
585130
871986
875970
831785
751515
478279
784112
687262
431844
740531
820390
357581
554102
76916
689019
161927
320047
490198
403268
874587
462878
414486
692027
233260
362476
341100
171789
405000
467259
209779
33539
312325
885655
853657
349046
655021
754367
376064
231647
892592
269477
199809
339255
473475
344014
984267
254225
152435
283931
440398
389738
317745
939490
627767
30071
690112
249429
556144
10644
132948
878922
873050
879337
616638
391096
36594
392797
930581
44240
329040
848266
999381
623717
932056
348802
873771
419971
8398
100856
561852
353372
184531
303719
794712
198761
919070
779088
737120
160676
841992
787138
554039
123059
58740
640327
564851
580819
953617
827682
324654
672248
569613
218463
555122
804930
79620
70354
745188
861942
816926
594937
186308
245014
96753
700264
228392
246430
777082
82651
424489
805990
101306
946354
564363
873540
60628
232411
344891
239911
9220
132620
692264
172620
383692
961248
681824
434517
289213
908219
136255
253086
413142
561537
898391
731530
111834
355123
112787
909110
33536
287782
22716
576538
823346
311165
549773
926984
769114
527704
848651
329710
187398
662832
625087
47229
126967
431375
753400
16112
221121
254602
85366
175339
624608
164353
286026
740498
221577
929250
888477
898175
803215
637679
321598
907619
601248
917527
413332
611895
695308
106849
815528
319997
686643
860303
896767
305554
370412
541798
349255
344916
180689
644725
167778
851279
791027
486904
526008
222730
324016
778579
633036
851457
360594
621222
254771
996318
704003
782476
872306
829109
79695
292060
743102
193429
741144
707480
715218
407932
149889
998661
711867
779162
899920
959803
592874
74595
495350
966754
607362
629610
498390
24018
828546
456736
558260
733492
586999
81172
545273
655303
100115
663620
823371
502332
370855
104730
34994
181782
374212
241823
988331
529425
443628
385939
210748
820183
686201
386218
657761
481349
842800
673654
975735
202535
464361
792284
31070
174577
650819
394719
264387
231926
492327
708193
446536
141557
216107
773804
895718
518326
73854
917617
460944
474393
830849
796920
31230
924833
730832
648611
805437
617209
637962
822731
277526
428512
895018
592539
120608
751242
3222
361661
192828
411801
763658
736718
504976
12829
15753
150218
702097
203628
703406
510967
974438
280145
829257
309314
713113
937497
790764
207746
592070
707356
186056
677317
913182
250329
299474
629921
897403
268670
712329
95624
384236
748560
273471
680819
958121
127098
777733
707254
717891
40600
325988
846740
868136
192966
303938
509281
533199
426694
434925
578105
590328
787677
660965
885235
214586
225376
868559
324732
300642
552275
344575
154838
387167
773966
868550
698574
246406
344315
740096
249668
763741
965390
283121
777901
701291
618479
942057
267163
441786
119376
639626
630155
57630
483969
664092
962121
319189
279509
511334
995419
589933
444333
610893
984962
127766
865301
760136
130867
114152
572681
753123
832830
267864
162983
714823
716997
614711
640194
537774
842378
562550
512889
314054
461927
982176
222965
259481
233915
757376
578470
805426
109569
571949
838329
751056
605108
705651
249243
470492
57290
247449
372066
745536
63976
773597
497303
368164
84989
584204
350841
149519
379974
500601
93161
338729
664136
362907
944457
11863
965745
291006
782870
361013
495710
509659
874342
382127
162383
199030
27310
160797
822991
67400
741318
35339
896914
379484
249607
492687
97374
660918
808928
256685
208657
670373
514963
118094
279409
512168
380907
110899
744746
300202
195092
539667
573404
421516
103884
705587
942456
809132
997974
540316
836667
515900
689349
554766
377107
81464
172304
90925
363120
887382
724606
389952
236309
765013
320455
969769
191090
770550
998958
313746
909858
623045
250904
454283
467302
803698
542909
751755
88287
554744
572286
923893
678357
929066
135878
334812
612713
567064
729641
153974
889682
113058
418900
145918
978913
962064
780484
272373
452411
632927
188145
172386
393551
456594
623912
613800
337595
644130
847599
915026
884993
823282
241197
565339
95458
116970
136917
294442
197610
617160
989345
381383
195026
411170
554073
454761
671011
258188
999347
112327
117039
246954
893705
479384
891652
658459
304097
361568
822263
389955
828077
378545
899155
750032
461589
754670
561042
936027
458459
272935
894143
316088
98937
691970
201687
429688
293744
686226
601317
222838
530595
566962
749133
739124
945058
518082
893590
454320
867965
955349
662036
154285
505734
751615
809388
283135
463252
274179
910452
610516
371956
188260
878344
494625
690050
877973
441523
203253
279510
947009
670277
629020
303567
867039
344626
427365
192738
595580
800359
540133
590604
51034
356534
317077
308533
907427
359917
622796
482935
549970
753685
262031
444963
22488
79464
868985
324525
581590
393857
462778
123867
912871
412620
46086
5469
380649
73365
976321
508730
537155
805771
424218
367807
83841
220891
981772
615942
231555
913389
863130
958481
741676
492365
815820
135362
905188
146581
770984
498002
76362
938241
944984
906264
379505
127423
219869
670677
808460
146123
288496
726394
627240
664167
278028
536603
461600
564952
42508
163131
1574
972726
581695
254512
626283
737869
216747
870411
662020
762440
264870
41358
991943
26516
831020
165182
491332
48078
207753
427909
62878
412883
750650
891198
165402
170916
861847
632010
105887
561470
371263
585446
42776
222406
584969
162599
965028
104722
198337
883032
601295
978779
21738
120296
850693
700572
884306
817576
742844
384539
474215
133075
61120
34640
342445
47906
176653
697722
399423
742866
817943
152588
342832
15586
539311
101622
770022
799147
297745
507448
444266
271244
710764
484719
229788
411605
361144
685255
253913
699922
228037
366699
932095
129264
218279
808399
883065
616804
641767
785650
96260
848967
329647
770775
360730
204298
663241
614697
990111
470867
459781
724316
924562
514725
342000
669156
629244
139898
437239
224849
773227
978689
936110
150758
613056
435576
187970
101312
638608
32173
899734
205339
529361
86824
39449
757188
737590
937077
6166
891409
821057
630996
74850
133660
708216
49041
29256
335204
167392
428426
566084
723799
994174
327365
222337
379553
259618
136178
170044
925155
631636
795567
930115
44097
321386
609016
501836
464519
961413
31175
969118
512999
208146
623010
670497
663414
801954
327309
890524
48728
200182
145100
681582
346311
812319
300135
83300
181063
523831
92431
69994
493854
723801
754014
734914
380220
559596
524592
897378
826550
463666
523569
786101
119843
392185
560006
99790
162820
810384
255991
797035
677311
802750
387088
356983
290804
746361
332800
832826
124923
638700
512557
209979
811837
265037
39838
350775
977050
14354
877736
115698
873744
934404
60098
310131
89405
939753
157655
532164
320944
352376
802203
80360
523388
157130
723496
204742
809540
185042
492784
696928
270210
930008
774653
585923
726319
630891
178350
267538
627043
729138
106233
239768
389346
885222
293971
481733
177822
160778
211455
546282
620894
11309
96871
2013
440981
378667
566118
890008
984215
759730
726090
727457
256962
62646
440942
501344
886451
69162
897662
258553
387917
274395
9283
455254
725834
588976
775485
447103
940541
971396
274153
977291
465318
454795
40680
757674
152784
897860
715035
790548
217449
169584
573224
940592
285217
516080
511743
271420
85228
520654
125902
451258
984542
476898
478033
377074
140526
519753
606383
518732
943134
472457
744069
407586
681725
450410
187316
14239
500549
437295
362441
270233
342519
612307
723319
851292
219664
224136
832985
592165
570982
15920
73252
881208
823792
604454
258237
601609
842824
241194
238369
97126
224953
670600
883605
479874
867419
526377
652356
2616
440928
614275
180501
144279
195450
853246
41021
905575
666397
78490
258847
797435
687894
593448
418328
811384
775201
468296
941736
476160
585479
493180
452117
224255
391111
732328
943898
148023
629439
209001
529701
511745
907613
141303
340621
554800
447550
625245
768761
383669
577501
690833
887116
403372
13601
438866
772613
166474
529442
447615
654408
432852
274131
28841
215714
509035
771922
593921
465848
584122
220759
12628
761413
144488
835137
117173
514870
53724
546243
752113
918271
742029
46764
952443
857683
300518
83719
575407
542353
990489
756763
988252
912911
330872
625522
159977
702948
367110
611190
763919
520698
457845
696736
514440
202622
685472
921517
327959
120095
140512
156264
577511
212885
27229
848033
312849
271691
427339
810545
509080
728828
7504
429193
813478
834474
199803
322372
287052
761194
447757
240529
649362
651745
898293
690790
807597
62018
643425
990754
450015
420394
150233
607973
632699
413792
292991
74687
421617
381953
644014
531589
614319
811634
197265
354860
56649
691441
891142
453273
674021
990837
575588
525035
652562
558334
879046
526609
620963
195312
79215
522295
142322
776504
937382
394722
870241
515583
461039
662470
910401
323383
51219
931992
981239
251221
579604
663724
215894
382628
961205
775038
936175
187283
188107
190357
592209
831201
784914
255416
418538
818059
631049
722291
660689
956300
757498
941717
268478
346159
100042
808385
291032
827564
67000
391393
843830
619902
268263
109777
211804
904952
766384
958172
550771
959591
258995
112155
737142
886108
573188
651436
193465
358278
34582
834890
421607
467537
385403
211381
433617
369918
814539
952736
695535
253796
838500
615291
950983
707780
638866
574787
129470
955977
414480
792938
475785
420800
346873
343177
259940
182852
692576
312456
897115
190753
922022
790070
569056
550969
762372
46718
130322
786387
600818
69590
536260
696697
538796
867945
582291
872114
412158
253139
848024
779675
414478
256726
908283
892579
598976
327990
687853
521075
478100
607177
623645
80259
447723
976135
708565
627675
686630
186338
989578
500499
981893
498645
620058
23014
900611
775436
619968
728351
887186
997740
319558
307030
651420
351126
986732
644501
234882
52137
712452
265422
185459
56550
196456
347259
773329
9551
401485
696284
920601
487456
873441
598431
200613
649555
182581
344558
60717
406563
24840
540662
681238
630376
630828
67805
418611
432744
232352
840195
993688
23131
493229
855004
605130
160276
967458
541873
496457
560961
541076
121986
542072
162484
839162
879383
516735
443153
698905
224703
278181
915291
375976
721038
70965
376813
71647
973851
287498
879864
282591
956923
322187
243677
656208
503346
383037
925098
551216
241865
103330
19416
445223
514537
836965
437070
929149
564533
412185
236412
971608
559228
808293
478386
829238
151639
719362
384322
455259
539450
340818
677315
750307
135516
560190
32369
80195
523876
720231
57131
573044
917835
150041
607882
926463
225656
689998
232224
800654
559388
836603
311919
493749
482566
120189
133147
696275
131726
739577
325328
904374
769579
844658
937454
2138
533307
441877
893386
264758
720979
185640
783919
667759
996279
49992
357758
711669
365132
418668
969331
272046
41736
310434
762052
563014
650941
920463
945744
373205
156709
213444
793493
327008
352954
599878
193163
187679
218845
329875
555222
926625
280318
617287
680530
666231
906742
813081
986080
168031
876938
623870
675101
174782
680837
204677
800316
688392
129271
29800
829300
708934
692002
82860
790732
136300
125125
730005
558553
594925
880355
858415
223641
571221
413155
70930
23720
714335
875936
595352
551844
331009
158516
453341
216102
947325
997299
199343
248176
560544
745542
68277
540764
524590
504204
359438
389735
700638
200787
877310
406610
980101
958513
781436
418684
37125
809002
156986
837650
19844
643390
347099
675294
400219
664796
627444
931197
708604
453412
773574
285098
899995
117008
346255
345119
446014
835290
23879
114626
661981
367852
824627
769161
129913
73029
6717
792433
62286
962279
722629
616363
54688
568723
151014
778872
665524
754780
451210
983404
748717
74141
618459
415187
330811
538163
205958
348567
110075
372144
634455
810652
800837
198297
326012
661459
940516
846627
223348
561671
257992
689362
278471
828725
811956
15957
144924
806085
214433
800657
971076
411537
805371
729637
622425
849004
111875
339401
164248
451835
866471
92280
721979
62517
913313
160502
519726
329457
732499
610960
710390
723989
917210
674690
461391
234603
926424
866887
240150
315959
46178
152648
846833
438531
37868
470648
565807
169792
869042
431944
571410
202966
895777
506239
767108
349098
695568
289996
110922
900346
837388
650944
276729
981180
315586
211688
334251
172435
527778
163157
458360
1723
780891
521831
153253
577250
483235
161946
1575
758500
696111
67094
824258
529683
551380
489400
855865
454004
816673
597885
342242
269023
862853
630734
114096
487123
94686
485227
995392
534169
9749
944012
972833
480742
156439
480624
317170
534614
676284
125601
768700
869747
418684
435756
927843
470209
197394
752028
538731
476082
445638
322484
238987
632475
766068
783146
940874
798072
948729
146395
136619
64759
859424
294836
902463
548616
431528
831264
41488
558854
599493
307959
464017
22005
319106
68091
743553
226116
331790
933053
145551
677398
588677
522136
723916
132818
825575
788002
419578
14581
227096
481167
615863
999595
633111
738724
787573
594494
663623
639634
524943
267397
721969
157922
585319
738093
663108
695810
460931
581823
43203
725004
528190
68273
29393
663612
380923
286858
381228
982556
873593
111843
994165
693876
794295
459662
267652
995844
533845
534326
235075
452248
916814
588948
949176
165356
760450
320060
3332
730123
175829
254537
770121
134748
832851
95452
894979
846571
167266
299631
687215
1981
128738
942689
472294
379517
81310
214699
213829
622768
119246
25464
182590
954132
85091
381566
193206
913575
525212
922645
837281
307750
781329
373467
398535
241849
101016
443024
764852
331899
332626
774030
29728
862473
424071
283031
878807
621830
798517
57128
1447
577302
403430
73383
657277
396975
254068
631479
984514
988665
401407
179080
152537
237057
898774
521017
564852
843531
548487
495804
33885
266895
575565
87594
991876
876929
718253
940989
529412
991087
136767
2850
620721
184217
140792
246712
255420
423081
512619
513219
617412
418061
52804
471021
632478
6929
907204
731232
354946
510623
960476
832718
451081
966747
880332
177692
341651
860106
592631
717058
878954
821792
616800
424753
801302
365406
347613
99063
330344
988584
856312
956033
805614
177926
468226
790575
469991
853687
700655
260574
496894
416216
556478
895844
52456
343757
699524
576177
271711
753579
313530
860698
843535
811729
103056
318861
494280
297429
3780
543855
6631
412464
544105
690532
280105
91049
722510
336034
443344
666669
794438
546096
777376
344110
779180
635630
147994
378052
870159
810434
659159
597018
761545
380011
899280
113406
543414
400979
756256
97243
956781
460641
784514
83470
518310
951841
458889
94033
829232
877770
378560
862277
941927
11488
108505
568111
986730
906923
161196
403578
438554
371956
302743
577765
947998
559205
104171
5720
835910
281898
138672
531344
920295
588935
884016
749791
897586
344117
393127
526776
551155
438008
200867
917789
495113
699396
138105
101893
121742
320951
690375
486100
321699
26011
54330
778511
329579
456048
537780
784130
800031
183540
273022
591979
546599
815793
674385
518756
616285
167640
715246
529201
259519
117074
996268
330384
132825
730188
592799
113947
172936
206317
10746
433723
806526
935905
649746
622952
804129
360516
432521
578431
669811
507668
774182
701787
227995
945381
196119
578115
408429
812257
78109
701411
350245
452140
92504
431585
442395
412283
590264
40941
191925
589251
349662
967758
689315
870262
377418
319805
506338
303831
735886
925627
169065
133989
735698
139610
168326
783036
471557
634467
510262
70940
541457
26290
483153
678455
266200
975027
796343
606697
998610
127130
48511
557890
970012
269137
791168
312751
408827
628404
51193
525998
114803
333108
937658
959375
818978
854778
108996
876079
923244
395754
665004
348615
371683
950382
691165
436508
338898
266760
360013
914416
485159
895870
818113
102249
191173
407087
236294
625017
838772
617767
810020
204706
389882
283205
860799
434629
734954
753131
54406
347938
138312
764648
908251
647032
76093
803419
618785
633861
363779
484399
444792
146230
179053
709201
883180
14695
982489
538213
814882
753651
55316
798785
773088
225272
447134
566584
409172
874071
510042
817363
721939
772986
880698
745780
903243
948888
278046
294129
144825
998288
836929
805628
560616
667290
139699
266017
829996
599326
75141
475674
775441
381421
19560
827772
864761
871469
414056
820082
765566
626669
260704
330612
142158
83508
551036
898194
345806
502873
825994
979291
681339
768610
180269
50082
825950
310244
545418
579663
595455
190893
585223
746288
26120
226182
913890
237674
926644
898545
12907
779878
280239
857335
290889
872215
98469
778453
462971
998945
998568
748839
520882
827664
322325
126352
821630
95557
9018
163901
971850
607073
634147
399886
576859
320477
303723
929881
375687
274904
341975
545911
15932
798160
479086
530131
471036
27631
189208
154481
823534
581269
319448
922085
727987
466318
991076
711269
335150
705283
988403
309255
568650
95188
211058
649418
948329
14311
934044
612591
634675
994787
913625
287939
827198
497744
48290
649544
632978
669415
956521
872936
499048
778758
796315
656834
186805
243706
123689
377739
402969
133683
538221
49554
468154
955276
407760
542106
64346
945916
929339
136203
883536
60897
525653
462052
917625
831019
441006
554536
508399
527489
233872
724521
291338
564533
250115
539211
266125
421906
33010
314154
935682
125229
702792
891933
162708
203328
930055
834400
174481
937160
192837
829449
778406
101289
58876
802574
960180
601295
351133
471569
413612
291545
729814
128349
334901
380150
676533
436522
583161
798434
492768
959040
710918
551105
128194
285348
403044
379147
561821
17381
528208
647534
957202
927001
775158
594574
866793
121068
878371
698582
33243
625756
771817
491063
535850
434304
493898
363182
303782
944718
26268
520927
394279
237808
358467
2488
723253
542032
116294
461918
835064
897092
387229
181177
289033
731777
757562
56109
354822
67906
478522
235999
756955
50988
245864
627350
908792
994838
838887
866842
296842
38005
591124
48103
66489
764515
550330
153672
938060
401586
308400
610758
502115
386216
842358
280062
44799
623753
856102
610441
703373
974237
206453
136594
993532
359597
122420
994692
802471
723023
263530
189387
221105
709571
321850
708126
543002
634833
39311
195130
176550
656354
428116
754626
360732
440428
915794
909709
749456
844978
76046
909777
569613
316578
66091
114131
563260
705257
576342
34736
618464
758012
853003
408386
791312
237305
685490
805698
198396
630726
468286
593741
624568
446680
618399
478281
13052
126790
432834
96804
263175
108709
866159
332925
314916
775756
393087
129281
551287
884622
692377
703056
179162
130866
619935
926260
365749
522112
278938
88439
737004
992175
937530
125313
265620
623951
968393
683421
746749
916320
694922
165034
907208
387948
878312
760403
639551
711022
589382
260601
122187
581558
210182
736812
871326
649784
323373
946966
26518
714304
257056
603181
850946
136802
484311
311396
84047
543942
783580
868559
534655
186177
618813
925325
333426
707068
442
167150
617534
103116
556886
356212
823319
73765
978433
553510
380400
710032
239658
972178
110579
925307
77409
929128
183144
301312
57094
167676
420017
677099
275079
767306
371040
300335
661979
667728
315693
306996
942108
901133
312495
414781
854506
694646
757194
282998
19269
19424
844999
713763
228021
633215
22190
352011
97825
379652
18899
100994
421311
200321
593118
319106
330146
283365
608607
691413
190518
783362
905022
927119
105324
823994
769001
661727
833222
927563
851134
873181
386383
324347
435122
652908
199691
182347
237890
537239
392656
724364
38985
555776
80639
906885
956442
784104
962442
351956
8002
62082
139677
991281
486965
547497
410563
482474
163491
668213
744256
512295
384925
789174
5088
823714
128755
665453
553819
328847
558274
926948
858123
895209
270932
570748
262365
845255
268939
497777
279217
360010
223720
72482
54290
523562
935476
54680
651318
250022
3467
367406
321214
223785
58036
89311
214409
493991
31316
866159
650085
530506
772042
206770
105977
734733
221250
205031
592397
271563
286904
320436
386316
39934
264605
210011
11846
469492
375070
15131
878277
290371
703097
25034
544800
487629
284864
666703
604602
511704
391025
933006
850359
717099
179903
387538
705750
804001
367688
323343
533305
256293
507602
931824
906546
730457
542604
372944
144179
240218
465429
421352
593721
451953
530165
841019
9557
882781
433326
25765
29756
621532
175577
586283
146753
598480
53102
489266
678517
548559
927996
202611
89005
879230
712772
731650
272593
830491
253508
209363
451255
86698
831246
226077
199831
248699
837945
29059
993103
927307
254022
542521
384893
54033
153829
941027
980906
237815
594676
650945
336593
17396
950011
322517
839038
526522
524518
244935
187775
362654
461540
850469
471660
339302
507950
22036
104338
33908
935333
730135
413803
103492
235513
489867
793965
895482
641009
842093
312315
628140
59747
514968
386006
203927
511395
812837
130757
453740
792452
398155
404971
454578
566070
111386
484542
742983
993542
737533
282364
808411
361111
657291
191982
156648
627368
672426
961058
983564
173078
554689
328194
205824
464033
619102
116519
938404
550933
594287
614785
669389
645882
439983
173789
405886
989835
673007
817274
351016
505614
744506
131731
479460
909395
375
109728
22669
486735
788397
356469
5707
98650
371913
996559
799392
694376
591361
935108
107516
380596
629936
938698
290422
113303
366990
859701
991798
735064
229867
538764
726559
572648
383022
429135
654434
870221
915347
636831
630014
31207
752754
818819
921199
103076
786167
268923
166849
24880
718053
321923
925715
735570
829562
581971
905214
838181
340736
839965
190818
551169
700888
357444
812478
222986
643041
118081
278441
502336
375836
903632
296172
101757
857464
95481
185679
37387
628856
683343
778888
222921
456724
859666
361275
697868
207184
813302
382726
32980
478454
962780
653920
996960
718250
851733
238865
982536
388287
811473
82730
714978
918681
311809
672271
521522
78372
120635
468325
756457
116229
871919
456453
510152
870349
94298
847734
994259
540542
219179
7601
872114
877825
997361
215994
206782
188747
969262
479710
190186
610195
4923
977596
867291
22712
886764
98887
247076
212019
889759
495854
449034
744290
745746
377599
221023
821351
589606
488854
63362
485372
201846
643958
125475
52801
458936
859175
130839
884781
88060
320399
831858
627306
914255
359964
192612
100127
954129
483253
180866
376032
809739
360661
169631
497725
667204
90423
932791
594647
601161
4295
943399
943526
698987
624562
484994
988843
531784
305886
100788
122299
644876
325340
464448
116948
616210
751595
906946
799747
934039
54955
463370
172814
514641
960809
25759
412322
959831
20758
234579
241850
498923
795425
783907
835175
295
206802
634071
325030
698445
914356
342755
425349
256394
516703
716171
722149
342801
960652
802412
282283
725982
118683
75440
754413
276298
704577
39466
282482
427130
482399
820676
901394
52019
764091
411422
44085
528776
148127
3350
828391
679343
969161
295297
359906
377213
262239
375414
334031
315239
335864
438947
853310
779250
375234
153084
483464
20060
9544
815183
130892
650367
586181
874850
871021
295033
293675
276886
576067
597602
838433
299442
360102
2118
17135
562251
547802
661994
802181
972464
712763
755469
652281
725970
337591
609714
132538
836979
226695
581298
973970
312672
22802
970029
283718
35052
343178
245900
577607
354963
577984
894307
312807
707193
401134
277161
278879
683888
241778
449404
288983
698961
839624
385188
790937
470870
576805
90007
927867
965251
9680
456592
130498
446030
794808
58329
451157
860096
257886
293594
607991
605364
861082
118078
96999
877487
33448
544390
995474
868229
991757
515101
803032
425900
387378
52934
342692
379828
567410
656632
568664
847342
130145
912273
686188
573826
151309
421142
413572
650084
846720
690166
723990
923793
894754
283460
435344
926984
912707
692442
454704
676024
589719
403034
178618
289165
914748
420744
274011
892984
133130
740992
867386
970152
835666
368897
248076
845619
563432
798430
622760
888949
763052
958387
417596
738578
338494
949598
183087
522498
815966
52373
78271
862618
28829
791752
123207
512042
762472
897509
628506
392660
843919
604196
736269
64589
670779
726803
61828
793701
485566
488550
623417
878379
354637
502890
157653
915916
911883
405679
197261
495556
465608
99726
206898
168358
191859
15037
541450
393014
882728
59568
857579
504362
957774
807420
956949
201202
695472
174318
789384
585098
555191
53503
462027
118635
880366
600309
752944
350968
851821
368263
12052
811624
662185
726473
696711
512293
907913
609368
85145
99888
2545
584651
144198
315943
154805
385167
577661
748729
270666
360593
93721
64697
305737
143484
381206
444932
88676
406223
874004
510674
200979
942593
826238
532271
604376
822805
852559
355594
606140
198121
322544
411167
230916
223156
886002
400192
483757
137493
552133
349188
336797
609757
94371
871364
627573
468863
738968
694054
796894
447800
775774
428912
992576
63055
338446
625111
628848
942604
49720
380328
959402
924099
874332
934330
150523
732530
836474
76341
468684
233483
208011
14778
479188
558476
751850
2094
568637
955763
875121
472858
694893
945092
799345
335223
553416
41887
680075
464506
957848
729470
969407
887368
637125
235583
640047
126585
338741
116952
381605
584799
572367
563107
992179
462414
509871
457126
472654
621443
446224
860379
727182
783663
859159
281010
98336
968248
418936
24929
25318
993831
637777
595414
217953
15473
534987
102963
227069
353555
186091
428923
564962
295783
680179
50083
74071
316905
416575
90194
629862
715152
82524
146564
747501
694877
906228
800852
934599
80528
112601
264565
622770
711265
819560
402628
763452
844944
210433
612954
121435
751705
799726
798969
827190
651862
566052
72159
793923
475498
689989
663580
587011
580748
549272
370820
904142
739124
505934
943182
954098
324152
584660
573090
528986
194914
566918
225977
828495
978850
33186
535839
645226
549763
53839
772284
703899
809625
511556
6271
415107
720193
321096
258056
721090
353355
520337
38730
131813
378596
228678
214814
837519
51335
500225
975656
428563
884130
72931
68375
797069
578590
24918
260283
837104
352560
822302
685668
60180
133108
952245
198384
839494
658357
648021
19697
452748
523205
411053
704644
858328
570450
645153
610892
590240
497470
68391
926204
58583
579337
609259
874768
844982
635165
469044
147405
514402
260323
298407
377616
941378
217833
624476
881054
851436
760415
393803
486143
224496
62717
152982
510851
725834
915721
659285
229696
344703
103544
937874
628900
29757
403788
256167
902510
59180
521347
520113
996874
516723
186904
634682
510811
97286
381333
112434
441680
257020
575448
612846
240248
105523
745546
589791
577802
354162
689863
416146
324825
125612
170116
460716
629045
310550
828320
604237
90519
602626
502032
362768
508200
738940
986044
969430
503923
257189
899181
106454
341949
400007
68009
290270
862422
782432
377406
88771
8787
589773
931018
73284
710038
285637
166822
856064
366520
651839
490688
630148
544443
164162
648400
642447
211177
949925
46949
691472
754154
228852
468083
117475
316693
475371
398985
660437
319436
252533
323916
10451
660918
528044
637756
660382
198433
975535
466942
917796
400430
554664
715564
936868
392618
124386
629028
518966
587262
650172
411690
25283
886514
601151
212386
596052
534181
249617
976058
388756
554244
341906
15962
521464
218413
204309
606483
506020
657732
153068
318378
207802
714168
828279
817130
710813
415413
85137
161298
269535
762254
308081
763517
611745
526872
143879
350949
726056
646812
34053
466198
937603
275220
910713
912262
155906
252746
842223
957789
183072
913769
439467
439487
727172
305694
241507
363711
622757
7074
521786
871539
115981
511121
721467
184876
231444
354993
229437
644265
965779
891703
997862
433834
627881
571369
465003
728617
492767
689294
748037
19867
851876
925139
37029
368134
681990
121210
451358
510140
943597
949958
237731
871823
927735
308248
979696
606771
20759
400331
906932
341437
656524
617831
823248
848130
513827
806420
689231
488732
517665
3319
983917
322702
816050
477832
520288
57406
206267
443810
795382
842654
301989
786892
919182
104247
154211
367274
9801
673705
625822
925646
788292
427981
75595
261539
162485
579872
643006
722911
472932
46436
183195
501704
706875
156562
198107
800760
318245
168750
985413
569651
431185
477476
155826
823230
75063
927485
703476
356997
670958
714163
475051
478024
313297
170869
673929
18917
417350
266597
523956
206951
996943
804592
886658
295851
449630
521549
310536
166461
754224
80119
707359
544410
670298
231360
887196
778835
676312
25167
681572
186673
631022
8889
252456
596344
929679
692366
68869
583915
769036
900222
113418
656784
948679
627364
676666
273569
330553
239520
845591
463401
220217
5766
691590
533590
543130
225870
630505
54324
509862
807144
697117
616269
683664
563869
968651
424322
47988
352200
22519
562215
860374
601969
752915
539169
361931
58654
927076
93634
911487
802948
467602
186530
726994
988094
866256
59749
762486
518346
437979
307743
930557
911484
123394
884189
626505
272142
658677
732749
53218
443264
116897
197410
746109
209444
515592
967035
848001
957186
269338
541994
399464
874244
498154
769688
360176
909715
290931
479416
51975
232857
231665
468004
426087
145564
673374
520310
560599
491428
367153
273454
968185
976758
860762
101959
574342
770064
619685
750890
799094
146693
61844
344390
226408
391952
294059
203811
273102
969261
159651
580806
962108
472340
227340
749313
945098
496901
965552
917211
806920
655953
991952
273963
810898
347353
942977
2717
720822
696568
378840
379185
98560
531573
943482
105436
299142
164786
620187
711354
193755
101019
673823
859827
556811
963794
953188
913812
624060
217239
403007
420251
292084
759011
330287
905846
622312
228269
520695
873507
42057
590958
198486
487672
672547
986186
904436
509478
540494
288659
50469
397833
901850
656685
306014
281517
769595
589074
730756
799795
820897
777335
353478
428292
934821
144336
517617
522647
248577
82373
477290
395190
950579
168771
379916
30082
703808
847408
667564
84623
320704
67456
842277
802863
784947
214461
414621
535399
259301
257948
59138
295968
280647
310195
464028
658869
313129
851889
681219
301627
735896
953156
267667
598862
569789
37393
438157
946259
720763
177057
365929
718020
461650
415098
21494
125227
738355
194042
926944
841212
618683
354061
793563
429984
94960
102696
505203
418856
393616
766229
308385
741052
633971
546298
857567
635406
707186
399484
383239
730869
451710
838244
675284
915705
203823
11429
829547
114567
182490
53250
802037
418014
823227
166851
167271
698391
824879
798985
330663
564268
579747
39143
966644
36679
605020
713439
981564
715024
137142
428705
423905
849003
378795
25743
994889
95389
949560
712386
703786
736927
729627
89695
438276
688216
398897
282658
133010
167132
299069
229865
177449
644377
172766
685390
743988
160968
862702
504673
768568
879634
156908
291319
112829
236385
786251
159154
488164
940085
691251
892568
645542
729467
542066
161668
690626
511557
651531
660726
890806
811128
305133
463217
437736
978585
650701
545370
515686
965335
736555
686771
936125
785843
412530
256682
888334
912583
406445
480376
865467
388312
299697
896262
434667
396262
652576
260385
258568
93702
937999
456013
229779
513261
930924
66758
839300
508575
419115
57778
335215
568711
161987
221601
826210
354478
892918
686736
882720
681883
971390
917618
994494
479466
581847
954031
972274
93638
813095
350142
21585
517179
792732
73615
518500
879697
17493
187439
206467
623232
568286
49861
120645
537473
581746
188423
685459
748459
470433
239503
101414
24834
21953
637044
481557
656739
811395
611989
492465
10231
443685
311203
185244
552998
976919
338752
339434
277757
849233
647791
563066
376191
576540
937801
679143
772476
803017
278399
770484
65741
278089
760473
807561
431062
739031
546972
538476
804777
940506
267185
784255
183881
815336
301752
657863
194051
179559
953738
761422
918068
570284
773417
384134
773719
82305
815358
895578
158247
524730
957964
679500
553522
157791
787523
924696
686177
731113
684233
1655
113442
808338
708223
764794
521123
602262
442866
376000
682614
860389
952681
53839
680117
537740
898456
340090
335804
294848
787830
547577
307842
344442
267406
263980
49596
638707
312543
374694
356304
686047
293907
594964
228509
71072
711877
819621
508653
850140
803061
764909
923960
529483
711333
70103
391068
531486
969364
768866
522527
62238
433073
780153
307650
165777
921235
496326
33337
943873
774568
18427
447818
515024
223295
786097
804886
225041
589730
137390
729016
835242
189390
742964
721544
246077
817210
323248
405912
5513
819907
210243
410356
49464
340627
990945
141615
730864
818037
355677
525339
955539
102172
200784
640356
345818
334491
732416
398403
685982
54041
869492
717399
186905
235289
479367
313570
969246
407792
573134
374087
240926
518553
950283
490179
682088
901621
877843
688935
637824
671972
128181
986983
674536
716029
430694
946427
499278
707786
162708
525573
946909
710066
327165
636312
515612
570053
592149
621441
919058
137123
348966
838036
901618
951472
74636
108272
797158
391535
369841
546274
719578
388021
615427
632925
445562
363736
564154
860504
270671
243416
75912
318370
432503
728362
379992
666761
972360
297170
670955
678413
587902
311642
114600
821496
7947
437149
445929
330724
99230
834919
296014
873718
433400
289572
214418
503292
994968
786460
774822
564686
943818
376677
131194
351338
672243
54547
407984
59814
777429
765079
821542
571788
316391
322936
61419
331580
992720
444496
303749
775968
818087
176034
456416
795164
296817
36931
332307
862203
560830
498808
949530
916914
304155
524942
883796
353074
525401
836280
198471
170486
535180
208353
725427
53578
410953
297734
768202
55908
532769
616615
742165
267043
879502
325116
978746
297552
252209
365980
863911
803688
357999
724253
36156
564315
625572
610551
6838
897060
524007
873280
346540
713423
507497
344819
508954
244840
363763
849355
120148
808200
852060
408299
476223
909165
353247
389462
382511
241177
203962
767794
844493
473363
218440
854188
924161
636414
45686
995138
381966
900166
689484
219802
311837
638709
654257
507350
15067
723563
592027
775876
405161
402071
585243
639986
82751
20238
679709
493808
612484
195021
982984
182920
538005
411892
120947
172853
272737
845954
436656
132847
221478
253754
161055
998568
272040
270312
623344
44434
146469
860347
372386
8640
621811
335709
230496
935997
915775
43835
35040
336921
1514
488150
741245
56818
976337
216391
563497
927663
265469
901211
963772
279322
962223
88858
28203
827057
652087
70611
339906
578880
90282
576822
745626
505147
447227
109415
826745
913959
321694
606517
740484
972535
199666
912882
828666
331924
935859
693447
6319
234199
425159
307233
660618
454259
417749
416999
719015
494516
20303
61502
638238
605111
658305
664878
361611
35826
888891
748791
850117
764925
119478
542529
845623
838404
52122
532840
175122
871061
119428
545282
933007
136622
655275
839607
850993
533606
38228
140503
523548
749273
515844
854795
326451
625445
620105
736498
962133
134276
543602
55817
555083
833569
457394
608532
894521
442338
559793
232827
268300
780959
578284
717596
435570
986720
899118
259825
190799
520438
713406
507664
578259
428833
726919
667853
210494
649643
704844
975262
491695
867718
967198
132768
513676
444931
136055
603592
247408
86837
797644
695514
186678
530465
784886
559687
988861
125117
743204
131480
437656
974340
793453
356301
104438
114892
592801
278483
972051
763670
491842
173271
158717
193773
297494
575376
985268
132083
94674
323845
60045
942208
276574
313662
372084
989901
105605
164622
833630
896004
673857
506389
844907
831464
81178
211660
953786
559780
214197
869198
759588
24186
681028
13603
403239
504461
132866
537703
403985
382150
355570
267968
904647
224685
232546
100889
581765
782115
17402
823739
526300
419799
831842
816318
852926
630583
916133
249874
652715
923549
240698
279304
753330
81214
741275
849181
860502
27833
142882
512933
328102
264206
718958
479330
251488
700032
437664
799047
251932
458372
326843
871562
303973
606899
453274
476391
865030
591980
428768
963322
583951
679832
13797
600
271034
62890
662784
941014
704969
376107
734122
764858
334557
734529
449961
947713
549633
994152
544989
799905
317576
285024
897626
152177
811041
370025
788902
98346
734328
119975
562576
213835
807174
606695
674002
174695
407922
344742
365854
961114
738524
761696
6592
246998
805220
868832
806598
137693
268428
861132
138633
560062
776450
411842
488913
275139
438476
993256
128233
261040
532546
251119
753639
848606
919051
352807
544431
546613
127109
302397
5018
231445
825198
198597
529953
737934
411911
689931
216817
325592
743497
526897
816755
502819
291616
457260
305145
508718
502802
290660
669700
948610
136190
26357
939374
569888
830250
181419
441558
376012
686376
516656
100994
202282
856792
766122
896956
768501
137134
312021
635720
661439
16352
781973
382612
481020
969384
200970
709494
486806
749509
831245
798540
570411
154082
545763
129200
793240
961145
400815
894246
569343
408657
271723
607420
540054
95548
850882
466375
963692
574311
585877
493030
326680
189001
474608
137407
669166
356175
299151
407178
45961
701752
570887
631356
313295
931473
17230
546455
908399
293996
382330
258191
767308
995635
196891
595458
188703
143116
238048
503425
409854
584705
388445
449638
76366
686725
486538
189763
807248
666420
642374
751170
371452
355734
639383
748176
602953
579678
362166
986700
406034
136487
819126
718062
707486
59943
171178
129173
783608
770988
787253
5759
510163
570794
891969
994402
691166
595760
334476
703930
744302
674953
740310
784369
786529
293164
794067
847049
111787
952681
825050
929534
356062
942653
384538
928880
198846
102462
391609
474536
284056
681140
538110
862735
169094
235415
672450
51497
46770
648950
205530
901795
745047
904789
452399
36434
401022
303302
733416
670773
107711
641861
935189
992467
488971
903913
918115
225597
978229
584596
155027
58103
109947
43073
716128
99213
482487
727821
15267
994059
933378
947758
41841
162950
844461
863579
368241
225310
170518
34774
874434
834042
459946
975417
922230
45041
233042
527960
322407
531411
128092
757647
41116
471878
554005
768481
182101
447599
323601
563335
623739
150448
316289
875944
486340
238312
987032
895083
771081
723488
810222
617367
465420
208141
427610
737809
634003
815204
952483
106005
642944
773933
551621
109466
695617
862540
263314
988873
657574
166383
854249
175545
551784
683481
884150
59468
218264
319560
896696
233291
242212
130851
219477
101502
609115
416614
424683
374229
481798
630444
443320
190288
91118
567417
967237
880600
851165
309682
820592
139690
330038
572691
443721
428379
282142
214134
862531
27356
654780
502179
578731
833143
75063
584056
89446
606812
197580
887154
371857
362603
837625
571037
287743
575129
819017
82334
783131
760146
338925
325760
870830
895934
33130
710263
975814
198553
581938
451310
204011
612618
608853
204029
339538
460247
484360
836130
714437
653817
863261
286309
267775
375505
253842
459725
711884
376589
855725
531176
931946
556897
779553
234213
458237
144250
995738
778397
592964
493269
629649
405450
541083
529037
189078
522482
281884
984383
783710
364112
88234
490091
259364
38375
612409
291127
484963
58231
149826
260364
478036
971659
526048
57925
507905
275931
120964
456270
401578
961208
298110
498961
460755
90278
91378
874601
862889
408572
302983
266595
52445
886071
654013
923987
356547
547591
366799
152228
49702
984332
844792
965591
744792
450926
706791
681626
771697
640948
931419
949139
237622
625627
771199
40449
717945
719387
553211
974551
897043
408857
46391
739678
339650
473929
158538
468656
562175
607693
546211
586034
128694
213191
520280
954286
502978
430590
21900
314822
908668
97913
419227
465080
941218
652969
195988
86563
52611
659107
448565
657708
596855
816597
525461
683505
472981
854539
111201
408626
227227
483148
889152
189368
910731
287510
267660
532875
127642
946709
320751
557585
243331
356597
26019
739689
194255
74655
440180
310812
772523
904211
253974
759839
841952
822505
784552
638520
403297
372515
760466
434904
677571
848060
754112
467336
129828
279412
570997
420661
847697
65208
477027
264834
159269
209311
798759
438629
311209
995026
262124
449257
956330
511362
710571
20040
379477
693410
143694
298465
805762
33208
768486
399227
843672
821911
311389
101559
306923
603853
415539
521637
394130
126662
136789
916801
461106
254309
551443
894717
856379
644157
506661
702465
322696
297627
239783
187800
85741
35787
789449
151506
785540
971375
909166
862251
192929
843411
153525
872263
719465
11442
595914
78590
49427
68205
853252
561515
680479
42031
117265
33951
107752
18776
207818
257553
343731
373129
249516
616142
832914
392165
105349
134094
900771
732582
6004
146702
971696
656911
503267
882940
447035
981773
756709
177525
288097
805871
846337
405440
538895
400913
539394
426817
107167
330333
796959
821796
336970
766121
36157
297258
106307
264662
896434
226085
200717
56602
270115
582480
103613
135489
630411
228181
715962
724039
592983
579755
428843
565516
203882
751439
899338
187304
712635
498856
87867
393185
61071
318750
577473
374784
656925
123512
717475
802476
310662
537920
709176
392132
791699
710920
627024
250219
844850
80342
443207
955167
436757
363667
730629
563362
998011
436877
497013
667371
236450
168423
525250
722641
193735
615145
581540
56697
569257
675376
130980
329685
606805
342184
109037
696891
748565
546626
522809
915605
704327
97714
413562
108687
788654
649854
449399
49133
413894
399508
644126
869459
916118
171502
704962
358392
643508
265966
215169
653251
481218
34724
938356
783542
123806
876387
526616
811530
84371
346807
769625
50961
948594
160233
145334
674681
541102
532652
259000
986837
717722
119100
297714
44344
285447
214111
22020
103503
656806
196025
315119
712308
431698
549117
898044
477641
345958
49202
12477
5021
124955
839808
964809
995671
457336
736769
287261
400771
990779
296462
616949
930671
838313
693938
21996
296953
115872
708778
446275
249915
102325
696998
446394
272269
395826
582943
792602
837423
592748
431238
263426
466164
26913
833097
380369
25205
649249
481506
61702
218502
558544
590279
991712
14763
646949
648145
744770
944956
801481
522748
795401
779291
136280
967931
636742
33743
998685
537766
442072
353126
283874
678110
721795
481619
982791
881467
718451
176269
776604
737260
345332
647469
143422
396149
77309
351849
723131
808823
612045
493881
631663
765851
731601
208927
887846
26827
585992
208348
211720
654634
851133
321202
2424
573955
673754
925951
756442
403905
190234
882810
222568
347857
878186
814250
648200
783108
163490
405390
348692
71672
765269
579330
863570
271533
942
690409
957487
380893
132320
864668
807674
869723
105364
506352
690988
883485
145772
166985
937785
30803
689342
933684
191788
901767
126367
747948
121923
237764
811500
764018
628489
130177
636977
608257
758294
874984
789368
433094
890305
359441
758573
319356
620138
144351
853743
513513
124497
85751
311353
815725
264041
481211
784323
42438
680056
185584
275109
349148
287595
974039
261009
898142
389118
614098
942007
163995
110703
555837
559763
355555
264796
809652
957535
363826
377943
837912
68045
606816
177815
699648
736799
775530
846440
304896
189468
403271
385742
743246
576084
389504
943766
976063
776969
527147
713478
183411
487162
819308
916454
860098
319634
333409
182024
660276
642518
427884
647737
86444
643596
673004
18174
11439
893052
53101
113590
424853
162650
903552
798670
858459
732360
965035
631009
56769
253824
371755
421964
157108
138838
996971
926432
698775
462347
993231
580027
134119
937472
935083
985532
473426
435632
583037
233195
570567
78791
508133
517445
305950
897948
987612
573049
782448
543988
152128
473264
920843
224236
546160
679939
307204
735711
533706
535192
79443
69693
282840
173235
520281
384345
51590
703105
242912
849677
784017
655029
739207
963942
333634
304051
844580
377618
141898
910452
423074
931132
346083
393608
905803
248709
482123
495831
238713
197863
452523
687820
657861
671977
198920
91117
105455
291020
743070
749188
971731
566246
488152
949470
992318
249697
746576
567149
33000
564988
161250
679989
601822
863498
566768
926406
609019
706288
575574
507245
41059
425464
336756
868103
917553
540179
741366
867550
928844
808404
523356
267584
746715
337207
35138
222205
638431
344403
442898
690433
68595
699905
878041
770902
837423
892051
277176
812219
18540
508922
427441
187514
8970
191303
934529
90413
199126
628159
509724
295661
491370
58245
33464
560927
367571
347321
537202
118057
708279
334693
813585
824091
974965
259592
841568
78267
491354
632210
298506
852474
523566
207465
94319
893972
66101
591335
667423
489663
270958
732901
974638
569951
340956
512837
787850
141908
435692
981016
688942
93045
943783
320789
565350
418482
203846
314912
950889
697696
509492
801915
325399
936974
144212
885453
490453
348215
704279
23857
309555
649844
137391
870087
347640
10478
77743
102222
170979
470825
651628
52682
214562
177460
856704
513946
793911
696608
545365
700169
540241
687852
803249
895054
792918
137772
566705
932344
995109
653214
957326
381323
36432
145813
24798
910136
854025
470026
439569
202571
852849
911790
538498
965935
360495
67937
838618
253880
226121
641404
309977
98012
176738
498450
813599
432899
600131
460719
793468
460760
685572
64641
636605
444941
164895
843448
261259
235494
187730
895681
626120
472915
742857
416056
507304
948465
80630
914233
617074
438313
140324
106639
282334
597467
218696
5883
350775
318513
114951
230946
582403
546334
535915
980251
665368
125041
167878
950998
848210
161791
412259
215143
42420
425644
604866
647150
819267
586895
928393
378533
304179
324078
179881
752535
817512
292319
480991
411329
209740
532866
167338
882387
96220
627923
283403
856369
237281
633212
82479
834070
668674
604192
375192
905182
228847
858487
486867
412308
722961
866740
11549
679023
898287
814288
88456
58803
102073
443743
822985
514915
116294
47844
937364
862489
784601
788235
442437
673553
897064
223087
449909
838750
986267
100596
788930
557251
226697
852544
593849
382225
843057
420178
174067
464237
590012
379972
924776
750707
670329
433778
648684
725797
124486
540961
581018
807956
994555
702245
707549
724903
545497
731528
699867
550999
150724
872591
899830
775352
352504
135645
490475
409774
374091
526245
710916
981941
218217
931664
573507
111065
871097
698296
119023
807328
94028
243241
26904
455077
272367
401907
338192
850912
888508
345147
858945
585341
11049
681610
953491
913314
867824
384490
751218
14633
920040
566028
898097
483660
281947
470838
20981
767779
442271
34663
342585
252924
685960
481399
667961
847445
727925
273931
620152
619261
770532
290784
764275
312176
163683
490800
699767
795671
90774
25186
550594
273881
468507
745677
766188
742479
450270
104875
746844
140939
787921
287971
584781
618141
784076
661149
461627
755495
999913
81891
643509
612002
614105
998560
283564
208353
547362
155758
883393
886619
63526
390323
894027
867369
422748
809290
266838
850460
723484
134561
968935
11080
667450
903259
593970
146438
464638
415456
711001
76295
172486
33979
174221
137790
367433
789102
170909
733097
216683
873121
367753
197700
361286
84126
201956
236464
129580
637646
849743
421876
554054
980648
314765
522516
194473
127598
880810
282246
293243
10375
561322
727
1788
147789
615123
29808
933762
575459
15735
8378
344828
596300
583188
689957
261716
289125
133872
904713
462420
606125
986191
572970
127472
416139
729716
585378
660978
464513
678466
387155
170143
416864
655343
686171
390658
305130
247067
907277
854754
608705
722696
962504
769756
479205
770269
417924
115639
781354
421105
710586
975585
66830
113463
385871
831477
77048
209764
505039
254155
882487
541544
399493
975514
755621
439732
739732
455923
111909
793774
49345
70014
253621
2509
923587
470362
809975
436031
717286
156038
741548
516950
320247
753679
413648
407141
104119
372802
704868
712937
650871
822044
736950
985527
425604
751817
264353
371495
26553
290732
673987
632703
666373
643004
128259
302691
573232
166907
833642
635363
565271
377903
868045
249342
686821
770973
918739
166555
293764
178531
738491
72935
694730
321804
704341
404309
644411
13838
812284
113248
286560
490882
638155
527236
339719
491530
516122
449255
202066
217708
803457
738080
205243
773072
792721
26745
66316
927274
988825
150712
455542
95474
590813
968092
435250
947941
786300
606336
786321
424658
24872
448865
129845
648793
366809
720414
214716
775463
126331
377837
118424
911696
219955
611157
439013
716917
934072
12374
551168
64900
711255
715024
976708
630737
107793
443909
326106
283558
653602
668323
688755
305317
910015
90561
198417
903162
774116
446264
769289
40507
609083
854497
394505
32536
82319
954266
642652
551963
132405
917867
893040
408926
915555
408282
128483
19526
936558
282876
731674
868450
708621
481400
695965
253958
500351
755723
800830
693566
71598
122410
283547
666729
558286
965793
247168
630656
762064
254547
592474
121313
740253
681317
575613
486811
101766
635563
686776
985085
496993
783070
726617
414512
186974
336607
813221
776099
325764
21119
165617
185579
168822
524254
423214
877969
645793
11109
68550
859744
246528
815563
783165
416673
24729
403737
338555
459899
955202
584960
397802
998076
887699
811417
369401
421941
296775
463293
127175
168950
872908
834451
562710
743814
851515
584007
685778
504541
459869
134519
110073
645412
847680
307127
357116
643654
586348
483621
376671
814016
580107
507537
831581
34529
300337
892312
717009
77752
938392
876174
514216
769530
700187
41207
894461
636792
533310
895706
582078
557019
777621
87066
435599
38500
179408
611118
669612
608452
797323
292224
402044
233406
450258
508950
609460
768299
627030
739742
380204
134372
886
865084
958451
348388
810484
584439
594167
675186
279903
944952
32911
732126
658538
626393
578698
554057
517561
949681
835906
233363
942248
834357
177559
616997
453660
399316
641556
332836
163167
823259
796233
249381
410246
317420
816076
84376
516300
266057
882627
11144
174910
409530
40422
779872
116514
946511
900973
638760
944059
584236
223341
299419
874489
611784
942741
144641
50618
310826
371367
862386
403652
483798
147706
1516
568873
707984
375127
324723
162934
341585
496400
758936
518322
366901
802904
325207
800979
815106
76188
978600
890892
136080
116717
402558
226683
736171
208532
701124
577030
619771
794906
305832
981990
441351
327864
250034
402539
94984
899333
377403
818839
438801
234977
639961
97375
106575
510769
44345
618261
115869
644271
731033
157331
142125
396574
818926
30665
983802
142099
768863
117516
46488
5405
543741
935124
2409
889474
585572
7668
209629
848392
255192
671194
840469
617863
664211
868479
268942
132603
194754
627391
858478
821607
728911
954583
836968
525597
414657
372835
447312
147426
414752
56124
82204
390350
60067
91310
391582
253626
679176
972616
62128
831523
462171
725059
108712
294055
798019
722993
629307
318444
890026
275025
884848
993255
690331
271541
26923
336338
829300
473051
515379
764079
827571
908812
865037
311639
648287
823053
179134
780791
312523
995016
207772
104402
753723
985918
871552
95369
801533
943347
345069
795853
360347
902088
51659
233513
5953
704160
436172
626173
503673
558444
148404
518386
955457
658017
217839
433711
195294
889002
946769
875064
152055
287456
391090
136627
193252
37122
991528
395931
842370
46938
38996
790565
436615
118268
617546
288886
522617
624487
450039
230535
758485
684593
652179
234269
869076
185554
508785
470052
752932
372212
106654
392947
229627
294281
100774
16594
428412
600077
950854
178707
28486
706508
7014
630540
630781
59282
534504
247809
337813
236023
666166
368374
768149
46731
73103
836009
389170
750771
869528
483342
811645
79515
254602
779881
569022
654167
739220
213713
498021
388306
616119
211599
633787
854330
692428
990993
529896
63954
874454
126942
965673
208089
793844
791220
150378
603094
854908
666568
382526
69199
90067
24411
90718
582651
151021
974247
369427
495282
986099
139201
708541
813815
967667
513062
633980
874314
926478
735518
882252
590687
335924
250459
416274
316648
925259
634634
350393
156102
920513
597101
882272
719956
905713
912061
249050
351504
790316
888906
188737
20128
704130
613779
573144
501918
201174
899838
628966
499936
563125
723967
218447
653290
226845
432795
116949
431707
68416
580395
986187
671547
236517
299217
188746
259174
20983
960327
585759
590945
685132
658623
559684
467385
331770
563774
377876
370379
269192
683075
163785
897431
777838
213130
703657
270068
402266
422388
972865
790516
525459
235816
661153
646307
556156
906294
848255
818721
700687
261899
920005
591792
430117
466160
405982
708592
909163
916823
78323
509758
711427
603230
9278
969403
917528
958603
64824
422103
763091
929566
82956
681156
697568
100002
603884
61958
920094
619265
381103
767094
358559
842258
179117
100781
684960
318687
97122
757393
663068
445048
90159
973282
886583
799977
142710
206847
515460
833773
39054
664883
621504
485787
913573
619439
79182
733472
125309
435619
101076
508184
300858
153805
14116
422105
462007
682105
815859
977173
90164
400676
736228
925349
645886
777501
437938
514421
651019
379279
934849
446980
135175
949494
705596
489377
903747
495276
40901
596285
516531
22257
291731
770352
925392
990376
441887
447816
498876
173160
491376
139137
126228
662520
649514
745143
405813
861353
370060
672242
579838
360454
955439
524394
808136
800534
75166
668388
851543
116438
274523
963013
987104
138875
242698
553344
544205
350551
696270
308569
420374
129050
800996
563964
520267
981787
571748
865378
221346
246315
380282
563526
283358
833686
644040
303849
542043
264244
572731
187159
919807
173415
231202
788549
872655
419063
699417
523873
289884
47133
233857
356072
915929
39209
393291
208482
13676
110624
311995
524464
226528
877131
92216
844149
850491
716378
831577
123903
548779
933884
309270
609909
733893
115128
934715
165317
93449
954010
633158
687148
704938
287418
229558
879290
552032
991292
328828
665972
405641
183494
994502
231104
572934
720230
182542
545818
326148
949007
901974
826364
523291
731787
738912
882862
379967
833643
520158
883423
77373
135949
402819
391141
608798
124902
434531
462454
537780
659948
25568
547077
786403
328467
319257
403621
755792
529060
356069
2742
180384
798728
633793
762357
319426
264477
535285
731839
431226
904045
841089
295629
890348
301671
789431
275839
223359
470845
120902
920020
706058
483009
345178
335057
360240
643241
508054
464910
427391
502777
503707
212980
143276
320339
142738
554341
15464
636599
852445
132906
663684
364636
877334
581907
509384
472382
236928
475292
866856
738624
985207
789202
767963
897487
434265
792922
471438
340834
101511
429153
748193
476015
118232
499731
730606
312059
859530
636326
798258
258820
509537
779561
447071
928973
744279
273394
833018
119386
127818
787245
760723
78018
221943
174035
162628
980737
113172
777527
851138
330827
548809
878533
256362
524238
466828
168971
395076
207639
144477
328660
774133
756810
660318
966462
664293
433382
822520
680543
47880
496169
983949
199562
851458
335072
686701
992411
25822
51597
276580
495434
319866
544443
780160
652492
888061
331811
942961
328858
557228
635612
49984
740425
147241
677560
440503
80519
73009
898021
775793
854537
556438
139543
825763
130646
43954
705209
364267
840710
637060
38347
766516
28031
784151
240316
816111
695454
832452
7973
968762
973888
802503
877380
939418
640525
371408
334025
442463
408487
444273
465397
672676
686937
968292
162638
822132
838203
519068
524639
849667
880978
522835
854680
982932
576924
624018
631585
451882
364908
413413
833619
17046
953195
572751
25476
696242
657640
386304
228088
78246
288282
224730
296899
111669
457636
118349
306069
263694
777522
115114
452147
430952
208329
701778
281777
557918
370450
932481
434015
38667
842654
126857
156474
693102
498087
239675
518085
676471
349941
841149
652017
494296
728478
789060
466725
279026
680905
535574
352537
252270
751026
436288
356811
529093
136031
268595
903558
474085
116085
845685
615253
793929
683815
473382
512163
666844
932769
328760
580374
636202
568586
203655
448530
302648
17112
929027
463882
259341
779526
26865
143365
214381
840769
351854
266903
9380
770638
623642
361982
797687
789327
924575
453903
536318
870287
285677
96332
672464
143071
870501
580813
234798
845567
82479
996130
317001
288167
485442
804968
424490
873802
483298
318658
740385
80637
459838
971384
314483
520356
314119
277558
93313
115512
764609
963848
917881
317597
932732
717634
561928
207416
917194
876629
206555
255938
921739
449614
247223
866965
335721
158433
837941
931213
676290
704969
355150
873357
542973
262753
902767
693738
901339
246210
725589
481703
109568
90959
113126
867456
967334
407272
422400
902910
995520
442657
404881
267682
346130
176826
114490
631829
373866
323448
810811
296496
545928
735047
297789
917144
66425
341015
730850
143558
475320
204954
62254
240093
905026
269605
680467
370913
748134
87978
86050
228419
535029
70912
112802
925937
669213
263090
91592
444097
673147
30823
863240
559467
480819
748121
278959
197939
147703
153266
602095
189017
431418
50350
212424
343789
379521
342815
260562
40808
575628
461204
29267
906824
171150
609253
371957
588360
775931
603011
57532
863942
561389
462252
512438
831267
88270
433184
186347
770689
998590
946433
40277
357064
131267
809446
720496
587284
310372
319789
522921
279296
244981
231985
554175
640811
840623
252257
952910
482886
844301
925157
509085
5565
462285
209427
452425
300886
267378
828339
706933
487945
189611
463268
143551
391245
866697
560841
935015
191886
404086
885606
408611
849515
766445
562152
860169
700759
496646
255267
844188
103298
45525
741843
135559
534443
579344
864419
362261
519424
572370
635599
816536
949778
963099
818667
896043
906598
675396
606939
28260
206700
57590
753925
469870
511369
109717
287864
381414
511949
423520
564442
239850
243994
61837
200888
305798
510385
208432
383927
343888
862617
218330
630190
974022
574494
729071
869747
630304
830443
742749
980599
110971
2597
286108
132400
30355
128473
822181
896855
856917
89398
502640
420556
856797
905735
169356
733256
993650
180441
651067
147543
564094
818255
320459
724013
470122
812339
20250
570229
709090
435896
679474
714588
41653
845465
196409
991091
560109
944655
167618
253008
544369
354949
918120
317811
115154
316709
661221
895520
898761
139524
61840
609789
366175
582702
509164
689971
998994
37897
213775
148048
597824
667883
610666
157700
47369
863027
68449
59283
971192
729987
563283
958630
812760
756149
584040
766534
818725
425067
668207
147572
37552
417922
970923
830557
644110
625289
720862
705227
558064
678493
525856
344267
849750
571376
251491
738776
669658
451906
71410
623877
381190
633390
229262
454741
893230
870137
126226
802916
608628
864898
590381
731815
813089
306691
967568
444626
764467
56056
261815
371369
257278
670806
828472
944334
353649
268504
694927
252134
409173
912579
581886
948568
836353
386880
742468
595304
866908
123275
521750
599856
206322
704063
750918
581323
545435
318747
25852
84372
721510
126052
415141
967643
572696
682385
80015
724813
136851
268697
589828
687237
6677
83750
548465
954001
408727
71488
252472
885977
351504
587974
457435
576108
951453
604025
796160
788731
904990
368004
208926
190812
69721
588793
578405
3824
157813
682071
524270
659912
579363
337194
376352
470497
70994
197697
867895
773177
81265
483122
907669
12697
697927
253281
784644
63912
948329
667825
278200
606809
261110
148547
238640
54482
402765
748072
272576
621872
197442
354075
51763
293147
19157
834654
951134
530959
53130
87327
462738
15105
438934
743637
139626
481036
163667
320201
382577
811821
379746
418471
168929
71660
149387
929025
453272
787606
45149
501952
460876
494374
441867
408832
499154
349562
226877
41883
968084
524507
288811
738652
382346
489690
295555
550686
753739
360023
827023
340687
803249
592879
430591
401165
799858
692895
399847
842517
414632
451483
67106
26223
621312
374063
172741
256466
186685
404685
788298
206733
340502
244113
970115
306252
824109
316304
101441
850254
14431
800497
323360
956715
743829
859825
21344
976698
81534
990654
687767
20982
86486
365846
815061
713113
318607
474028
686207
985333
265182
532898
491143
525642
181671
476889
799516
590546
680138
92869
13091
218748
765775
105513
270210
352232
611279
509470
514031
658401
77914
729204
130163
257947
527437
948468
277184
279834
41181
158834
631608
161004
54901
821684
95373
894584
746338
99067
668346
766586
444497
457046
181598
748235
942367
91963
677467
718196
486286
847791
238574
500679
966425
372294
138832
51948
420499
93637
101980
405564
102796
365038
294440
276985
193143
220649
681346
334453
766823
311626
294829
666774
741145
376107
31381
214613
445534
404326
855179
344113
614351
198878
479134
898583
811532
34415
132686
167146
919448
727017
974559
14353
646934
610085
58248
50126
754079
621827
416440
170703
729522
417207
909458
764793
437839
108929
612100
799207
8596
675588
408675
899396
916519
858697
260104
723916
470443
401432
48155
63171
443313
926190
489991
359422
583520
367901
593666
701356
863332
215096
561919
598120
3303
893133
308618
20181
61988
470389
931857
929904
354128
17690
672003
788298
25139
590605
150280
100528
550004
569647
272155
660361
982874
131960
578082
43685
870083
380815
90406
639462
97204
878700
437831
449574
343740
301842
393146
488792
809866
392503
214263
429254
214242
516268
130061
228723
980223
648267
495411
66460
714146
583280
805858
630938
473158
606392
540175
600066
861039
470385
392460
151894
399853
799103
831869
189052
941390
135957
398829
887410
363605
114239
827340
580599
853598
672715
175477
316845
498451
855987
635331
540249
164098
131802
269733
588094
888669
248179
294032
176823
455557
883423
643865
194968
762327
314731
195156
433908
637143
456589
931427
942743
651598
386281
592824
519513
35481
229268
194056
986527
445625
344928
687672
1356
821213
298952
301841
893615
636358
837831
249408
899837
822388
511644
811099
595828
837830
619914
447224
522610
459945
568885
943131
988263
301336
68284
435334
266689
333091
933268
13820
189288
989331
146527
605691
774700
885538
163003
216604
893293
421586
496011
415596
804043
97678
967880
707406
99417
276019
523913
121916
298541
461685
652268
586972
787267
285173
944259
926734
973516
781631
328420
544927
855004
685803
308517
473916
933977
996207
931356
423889
672349
411107
308424
679213
574935
64669
583876
343428
438934
637439
887693
663533
222931
61275
253949
297851
499524
282511
273467
86373
467454
46063
192773
274423
291380
110235
762031
429100
39543
686032
951370
705297
820933
815093
483864
795365
361541
268331
996622
580696
642344
472342
593691
323888
321131
175366
494558
572506
632543
902656
895234
959788
396788
917898
77597
598852
38514
339697
340915
459270
511657
279173
311572
612365
80496
253937
815560
710265
662228
812114
657660
46534
970709
655797
233775
379185
466698
462121
677786
710199
627317
491063
764399
969984
940038
575099
384914
627961
606051
889452
354387
658431
454864
643962
276560
532099
937336
384988
176950
376071
839092
915377
96873
190040
308350
853650
387853
439058
696332
981315
525598
862788
706951
693129
353702
754927
110374
554515
673554
955570
811396
762004
523224
983340
449025
722342
349449
92003
265279
294051
489677
256854
24465
538072
846891
875755
599750
142579
158896
280380
565594
756523
165751
850389
930294
34337
937792
619730
618729
711176
866509
418198
856238
248263
788164
309525
229313
206221
982137
833015
494873
976159
819253
682703
619097
573899
86066
361379
900461
35088
21110
58563
438006
642088
761048
383239
40884
359656
107712
959152
620558
83307
946467
864473
591456
897439
259424
464618
200680
396463
825425
469955
763527
445096
52799
671047
461267
600720
5855
20456
937797
135069
493476
490326
70533
590516
488758
177616
287920
610446
659959
967706
58261
751536
394011
525791
764121
6006
876449
502040
790958
848380
245126
563231
940106
393612
90364
532913
781117
881994
812015
619531
445843
160142
308411
370166
678700
107589
680791
271034
677408
51248
389018
466353
42672
526514
843331
64953
426482
706281
897551
858832
665296
867100
755881
42998
517191
10469
451641
216300
928623
360692
899633
425919
960106
749531
626979
246805
437159
511938
914096
41280
159603
960523
591533
29802
378025
623305
47945
255355
470129
296122
10543
199907
363925
652091
398354
774359
872628
912026
177522
436068
344871
528748
952077
763960
918448
730119
569806
474935
792070
206578
5600
447235
644687
429715
598103
941393
966953
525510
612656
960717
17181
537810
636166
700746
313520
735978
301948
315353
772705
634465
705952
798218
491820
921591
642336
355950
283927
23513
196264
716644
65741
739730
199403
726015
125710
524906
197913
38802
85137
646048
582353
979711
974750
767749
987211
356154
155354
694443
976140
848100
104018
122907
505637
76611
798753
818279
671463
324698
248445
659955
853314
839040
82825
336249
151790
319277
66698
926679
726629
21537
820770
466304
630068
560641
625085
702768
320262
642926
551229
434335
763083
849595
361535
36977
338913
4424
734888
243268
598349
402406
421487
502012
736330
822525
54601
986281
249636
727163
416094
481591
259677
217803
34626
300266
775459
771937
342896
672275
30664
888231
178462
326220
667261
507556
157306
253982
882279
787088
378524
102997
978302
728049
260747
802329
115589
871224
43087
222900
859923
189787
981652
759562
375978
538319
878271
503406
925029
334974
172636
996984
234354
179925
859084
523862
26562
355378
94415
463787
642361
869917
292269
741161
154189
630354
35731
78309
224259
694174
719254
462560
553859
753434
590254
400240
561086
865287
683166
586146
610451
936116
125238
732785
520217
57994
701908
698613
262822
768972
776556
482703
855170
823833
484434
167333
807160
155811
21891
783550
267573
811859
599977
865413
494248
41699
391873
913320
888937
159274
80970
90988
4587
504213
799404
900332
560912
230968
819453
437799
530720
732295
802883
175582
625960
746442
875852
838993
95772
110672
645533
857454
972261
144641
2974
22570
792282
633646
876998
9948
276376
915942
213277
312167
982048
702174
940015
715825
772813
17504
794976
357260
889804
784486
797352
655292
487170
943518
347086
482949
983581
997493
960624
57435
404152
765566
95628
69246
587169
56165
152646
678142
155519
364929
115923
318177
541974
129780
217818
397511
156576
444784
737330
957476
114654
682162
247733
10933
82278
431683
422584
76729
120525
682651
834224
556737
922716
984375
642689
146808
911899
564991
574479
123626
874533
746117
930221
674488
747408
354139
856461
537845
919734
482812
777995
710684
870890
586209
395420
914402
317123
84907
331753
823696
311701
553912
857581
285577
745276
698978
818490
317832
675862
300306
956876
171062
674689
376450
729559
942412
912128
417696
138767
164640
359060
320075
710137
707835
726198
840353
196584
96126
355550
718908
958694
216939
69349
723118
796619
460632
436681
172401
575539
619810
422609
562188
300518
614997
885980
725036
350180
170896
757950
635236
986104
39388
675741
742269
933485
8125
853337
236134
398802
73557
27442
874319
942994
656107
462173
439751
541392
213979
129804
509629
111290
491832
513326
829548
149042
980704
162913
521658
623155
269215
339492
314653
479612
577078
620817
909771
868893
70100
414056
334219
266962
354043
239837
161725
553258
919500
15509
496397
872886
513151
62436
648693
564084
478868
752871
144851
388048
610875
227456
569951
790203
773596
114276
72345
26991
963243
328483
823283
361648
703121
771187
534073
814454
511506
253591
364724
290728
314592
487701
20471
898742
258690
141808
973352
281844
477617
957653
921419
973509
400195
843566
535586
95209
390487
287691
418151
301396
322786
469325
90409
951311
150694
342718
947439
215225
323061
707330
250276
380615
288002
123626
594495
80035
409400
126014
704639
876389
957333
344197
893279
661859
574555
403671
52503
414844
65354
312309
374438
698192
203542
29215
423439
855460
654086
707358
123008
871826
456628
63731
379654
848032
886291
982633
94868
244359
744256
447416
563453
11671
616132
449655
992233
712836
811359
776197
245264
870960
674633
612071
444087
932342
903213
974703
906162
342641
294403
438130
844780
225818
797650
804030
134241
56272
263978
608271
804016
929121
273081
7927
892390
453367
990112
130108
965933
135692
14534
367641
293566
214554
470560
507838
269959
336929
863001
26918
489319
385063
240160
963387
689754
29593
36232
414197
333577
487054
330532
122619
195463
36965
706206
314514
69716
584963
405268
494502
204312
369329
666407
525178
996550
377969
410377
591430
889684
357079
820166
15804
45712
854018
886444
710268
366920
609044
567297
371564
788590
430419
359451
714917
736482
359184
791785
485569
588132
994599
121289
110997
383664
734761
401307
502369
989654
164865
664523
551624
715256
567337
682567
412240
590133
919791
341542
958206
551421
790143
640115
723869
939379
540191
833104
428024
547295
729503
84484
729015
129686
739230
447688
623829
794057
986351
605150
16948
538363
352583
532585
109698
149050
182596
853882
81763
625881
236796
314005
915995
820291
507371
998760
560254
699541
63411
849861
579976
943782
295288
252910
110788
96174
236124
145502
518526
149095
987206
267091
550599
144696
446317
182557
305358
250490
529198
3562
251588
607715
49993
247189
295266
616801
326386
406773
688658
872181
670021
822127
403123
114851
459815
458865
124242
322407
627379
236784
201636
363354
684212
655599
464147
676258
649701
294004
909136
84022
222031
223709
643512
397967
473756
987051
255644
470898
919086
612577
959524
20575
575038
35298
828525
564878
245162
901560
638917
658589
949133
113077
550357
133012
930153
171109
978542
311608
924557
177363
913308
461510
591732
111244
17165
873998
469986
720903
645495
257671
18741
283835
234024
998158
192147
557851
158645
394241
850138
539771
380252
432692
629562
77807
914976
407823
972051
881638
299525
128067
727485
765527
911607
706226
826045
265161
12287
757568
270812
151305
535458
755978
708240
287778
537303
772248
470648
879728
732176
226378
162966
467360
420372
317908
54377
390127
868530
189724
197329
671878
38729
102240
525448
758448
292522
634636
41582
914924
396433
619001
641898
394421
770802
631290
822834
735703
120443
604845
231065
641221
753861
235439
329486
433295
716898
566788
564372
271543
675645
939745
334593
720779
1640
942154
146877
45994
647225
834314
383206
554483
239222
48529
335004
399595
182803
565492
262054
548650
724440
887388
477187
6620
716352
512897
852365
504024
379400
963276
553728
872167
262077
65576
758553
753435
396632
894499
965826
833533
125921
831323
547271
888787
797276
718625
264351
692332
386448
574276
383892
153561
265705
984365
378408
509535
953395
718015
236843
207930
877385
58731
478357
5954
731140
138940
312999
430394
13018
391414
489731
170339
722750
692517
512075
812606
786551
456863
884366
546018
34683
137180
637325
633755
7562
993006
908165
471728
869365
175741
344763
905742
315652
755357
69753
653272
846105
366800
571958
565389
955204
632437
196432
684445
676292
139940
14945
88570
781148
443499
126495
471518
82013
108103
454415
553366
667772
371010
930634
577670
166975
84461
2598
768440
110239
264075
76081
857640
184559
636055
760561
772062
839060
744510
578825
98499
185715
16046
418529
981659
792743
172913
539133
395226
408317
407960
658652
815904
574530
102865
215621
897414
128182
353771
646913
641619
127227
561933
959792
570815
503215
839343
896958
194348
210448
627092
321841
705254
569303
612527
59477
218352
360871
308396
545691
500281
951362
590285
481559
83538
659962
471685
898051
206806
141945
121187
35135
225328
498057
450554
161674
32913
343030
51220
220038
607373
505594
610419
567081
89737
831723
563316
874264
334668
390284
193675
664728
375708
372023
6145
122488
579130
701571
414694
949083
295819
133791
288286
730112
625919
290496
824831
987692
251043
713917
895570
773790
760603
868852
25543
136029
152623
25738
742656
25859
243225
834313
823802
772556
94017
137513
242217
843636
877573
294595
39581
892612
106911
41976
209595
207272
275140
263926
423906
917836
924355
738402
43806
346207
496075
934509
810263
732146
785209
276219
412024
322379
221322
787816
756961
92824
512834
469676
203826
592222
26746
5428
854197
969951
473158
832262
673891
715921
798439
389884
6196
98468
571292
281480
202310
521818
908832
676044
138381
550886
934556
585924
372048
746905
947465
32338
137628
21946
610398
475948
697319
7731
968614
170537
287630
280063
951391
340352
509602
144328
435191
969677
336896
426143
315742
23200
165185
343186
383728
250464
671258
279892
199821
232994
716455
330267
807768
697294
871341
316262
19036
285879
557286
782321
389256
359264
250117
7825
661731
397708
574910
95033
872841
57142
912953
504419
343367
875932
560618
521864
907511
141553
779665
508312
921177
753872
695719
587133
92542
157134
948479
731438
382496
897724
290775
610459
924983
482998
364520
636667
918240
80325
205470
404501
310440
555282
27605
527151
520894
710589
924307
558225
577698
485552
324801
157435
617346
299250
373714
790056
254382
816184
429335
322771
633867
648552
740849
876340
818992
808602
988730
138911
690718
832356
688748
765741
630178
636351
229915
558543
579276
907749
899928
671273
852701
36044
54079
503265
99687
73319
745076
902868
83022
263298
827444
229297
757162
151322
437848
485144
237217
311476
665797
818396
233443
840390
122448
327797
970554
665590
637442
814154
952303
283579
535009
973634
557002
272518
935124
429636
973172
655428
134785
513268
136576
25873
302768
215743
878070
651034
335640
842329
880113
728857
949768
932295
444728
321303
859668
986966
549456
956237
536791
759597
297144
655811
860809
446395
60312
888838
977131
306059
111593
911550
310670
746268
610544
810959
841488
15987
93006
804897
35132
677185
654540
187072
694907
176139
920648
618718
951528
732618
538222
275020
428025
907098
370439
922890
220379
435578
427198
391761
831848
224472
611633
924723
979402
499596
592591
191468
701859
952257
398725
64518
580043
6136
31998
847640
340199
769251
395918
972402
542213
77454
301255
393957
800888
739807
998436
830938
700976
115779
264239
963229
697207
660067
430199
109932
482235
189068
23645
813872
248499
443767
258623
578343
613012
78365
384033
748772
602376
230752
639536
981199
873729
374104
860399
412188
967173
248181
783362
819506
543985
895968
934203
849357
808384
875494
348855
644386
970129
991918
581762
163716
903681
839932
634648
682686
306959
646662
61545
891798
445688
354141
572827
522935
528662
352715
25330
868104
127062
671670
554011
4138
94642
977373
694573
774599
385257
783574
730362
406174
929862
994466
33047
623191
948807
141697
982620
5410
109259
454169
306313
254574
156473
779747
284810
51376
338706
304663
452580
836492
492409
438835
827709
37559
471099
707899
199046
698899
581377
32959
42999
905368
536880
533426
45375
585573
516273
589476
7688
663021
20458
490540
317556
5441
164688
468589
229267
350570
689009
411781
827260
720248
177153
314958
50643
878789
325744
847047
470383
486329
184421
742998
874368
565968
557762
514959
657297
37071
568359
425897
799277
566427
548447
237134
51170
276773
627649
311964
639863
871219
673273
855377
579537
944399
543291
328110
762240
503811
600543
487405
453824
860231
575838
569222
382062
830583
978438
575760
117936
863564
88495
555089
156156
615897
742090
787849
464997
84702
959733
526295
115894
963124
723331
390507
606678
429125
195113
876350
646302
204539
411949
565671
881227
646677
71621
611527
953313
952644
912664
909555
892610
3658
108437
187601
397909
112509
822648
765896
470647
131305
636215
115272
30696
852079
183664
628670
903780
89490
60974
626630
371280
62434
452644
421128
371223
691043
796741
143155
684596
922180
612601
291293
572078
28640
884051
940291
218885
385334
866307
403889
629007
502197
909602
947667
641114
544495
784838
816462
443620
328654
943676
229819
365987
353156
802472
701579
966321
218440
29456
700139
122827
506835
619396
731606
603113
979199
647436
618809
956225
596436
246731
454768
90514
144220
680348
509191
623099
888202
631525
843788
535278
511897
611885
688483
402098
992624
659285
386407
897928
260224
150278
580516
345394
346453
54257
371890
360968
155865
122317
923818
327009
183147
676529
716502
480366
331933
452155
960114
309164
293329
837179
796038
208483
371814
615541
787500
682764
830128
536761
172406
748912
526944
70000
644164
88140
907743
376258
429662
765332
515526
682977
805612
96444
269023
196144
376493
44129
497923
15588
952878
310098
552406
877901
61140
844470
467083
572106
254715
393328
520286
772339
20762
51160
189036
961858
273847
277060
50157
355153
488879
101602
751573
102748
183606
139137
703543
291059
680136
238041
43918
889586
474633
883725
401639
773497
562580
35436
327924
814316
722899
586496
253176
783910
59768
412228
169745
780815
842312
329856
440053
7446
324029
709875
663937
759835
289474
681413
142719
964820
426289
617314
96897
208186
968505
624322
645500
155362
947479
577707
48111
184075
413852
668237
548466
680083
606828
327079
345381
425205
447816
352967
246649
714757
968477
163159
114283
623766
480748
919072
128757
576434
700642
541457
137885
597529
897311
697449
730946
267831
364686
784478
985667
568754
84882
537490
388363
156446
786786
487334
342359
951218
87707
405497
368829
514742
7663
846013
141468
629917
461981
538324
295544
39196
430023
669838
983815
380777
563977
805252
214982
773451
67556
883726
604643
957950
352332
203009
866160
695401
914827
135643
603101
801780
49071
2846
447103
6878
243536
557684
860197
558841
194461
280233
394759
91831
758993
152587
995129
779867
546575
336717
353884
954193
780098
430813
702329
894481
322388
319953
562144
138352
907975
78640
915328
519341
41346
742756
841158
958835
138571
705963
730048
332480
680306
285821
79337
881014
837707
188354
511263
980140
658288
353942
157626
628179
527804
401401
346720
879575
382269
544377
754584
246094
59991
207806
72604
982015
442409
413132
211871
608012
507461
915189
805837
418675
964701
512138
341462
654025
723799
547184
50132
231515
833535
668162
88956
395109
96218
459739
451289
49448
421019
749371
735644
757336
518713
808700
945209
992652
737113
552907
250278
924414
475923
693547
349397
895281
592860
299554
773511
7502
220441
29896
43202
734539
758625
632475
115537
865224
289942
20170
405852
545258
668160
493596
302168
387029
980024
698376
461764
633641
900681
656643
250200
545614
655701
940132
475477
222100
642202
527630
577758
988747
493408
850084
509666
63844
84227
333230
48359
72741
164255
231366
529918
233349
620725
933398
660764
912092
816985
896931
327471
307400
8802
348643
354470
710673
606623
399038
55910
427313
77792
582502
284357
112822
578884
273385
982519
893982
740172
549980
687390
876888
284475
293724
159928
942593
725109
915143
750083
833958
290781
844259
832976
532702
521933
7162
572498
210932
580989
480890
951881
199591
157713
448728
826224
810384
26160
165605
546814
818241
860887
718611
369881
352728
580291
619854
563837
584766
545669
940942
556141
841257
120932
862052
577757
834243
15232
553471
587761
401225
170443
9374
106677
976577
256137
463280
29357
848605
170533
92069
854360
957347
299817
534652
975714
648001
677747
182663
864972
389095
424238
639404
597153
536203
265426
968896
837939
130852
296606
815707
636356
201693
441056
850869
966824
282847
386182
619550
599955
619589
920081
841886
57630
530509
877845
499485
675304
554695
339614
925057
132965
149428
468848
78389
108035
519756
17609
831739
949006
538265
617779
662303
368451
321568
344917
973597
367569
197071
25694
780512
106393
148128
123246
87
142246
791941
361099
316301
963900
968552
241209
453962
320207
463040
829769
154932
470121
503746
673428
562806
934851
940098
793776
62033
370693
423158
226527
383897
231779
540435
195954
854147
518481
801937
696996
283302
194598
985878
138044
184651
239408
811570
309287
740593
931703
191974
777862
16040
585871
461896
3755
827685
12718
737566
2331
983269
183159
406044
963517
68563
698179
771702
792022
149299
961960
537610
746107
681980
77392
239955
3077
25766
445371
785013
753679
5657
313557
699770
578965
349638
836040
182876
962828
574089
370054
661882
685879
558016
926763
363678
612261
864066
121364
155303
729925
164759
212614
455599
525365
63088
500215
575366
543661
658372
775266
402452
428752
678923
258180
301753
429067
506960
172156
515427
415972
329430
811030
257603
333987
74304
44413
953171
682022
418789
129789
946536
401961
195100
178118
489802
730747
370625
732389
13321
355637
897135
51916
214644
658635
5453
657680
520697
867098
674992
238956
725164
848381
478953
746417
539333
676646
133777
107329
169924
784659
790426
610338
742755
500232
793577
303934
639453
229520
721799
231040
860260
111020
703693
105980
783767
820253
903997
707366
305896
678295
511112
267302
521942
284526
121880
46963
695692
264241
166547
841522
787522
489632
637120
744191
265952
52996
285350
602581
660322
804729
785402
689111
940383
302711
875788
459961
344904
481548
968351
389787
470787
502219
931726
664376
601848
880126
890272
475959
485665
587768
698248
445517
232022
7893
952261
887366
755981
734795
674897
249067
266855
516904
966263
57072
961892
585124
501462
476212
709692
563139
951316
610830
930922
77238
724359
256737
708432
213814
805560
217306
982671
153469
138785
792157
795854
955848
55799
19334
927639
171752
633534
966188
286312
41263
709809
251930
769205
75346
759268
438786
570952
162843
258512
909858
813311
454626
269561
1577
193070
202630
628550
590507
99539
954201
696094
231366
997377
305649
223477
510584
521093
762890
729616
380328
834835
906464
491878
123346
663673
16657
308781
914925
49047
872973
501966
600904
640256
915769
873075
154303
988278
711780
368514
61681
793834
827862
997039
870091
326453
245469
673386
607323
364404
833403
663734
268172
71170
436299
45064
663282
626517
62484
820331
468555
352140
731535
918268
66529
266060
81649
421296
572717
862654
174930
287164
299332
80111
258736
503679
721397
72386
594425
888602
766564
417910
618550
355274
225272
725767
585884
475895
966186
601122
855244
290320
473377
47109
212515
770215
808154
275638
635752
541504
458833
484306
719297
348305
6750
310627
172696
411890
23102
119806
477629
481588
32199
471560
600503
705895
614840
927970
510490
535744
598223
536142
395633
796421
289265
968928
167381
571983
243107
935544
864724
979839
449982
287892
590687
946080
23676
78464
156514
745984
718225
628680
855257
761367
329978
253735
231716
301573
972604
464307
443563
591396
55471
865857
835982
476229
861126
662922
854799
841531
220739
68000
314958
629271
5423
363656
704772
919514
350128
650022
667442
217486
670203
303376
243599
173815
536214
360521
261126
503677
302494
360930
836618
75127
677005
979250
230649
810523
462357
181862
70664
480669
351784
789194
334587
369537
294490
342030
294864
708239
572589
778145
7045
113908
684736
834457
397140
220701
176623
987862
955056
610667
357291
347195
514285
208695
567984
983917
819806
621217
178162
455316
647809
50911
901393
633115
332794
314847
520093
253563
657499
729473
754508
13665
397129
42828
787385
869893
337343
409763
945430
24527
478666
378765
832590
828867
972004
317882
510470
935851
862992
292864
445568
869006
893088
799445
616644
31011
959712
646362
538453
20084
51636
367178
23759
292001
576257
517228
848959
537900
136760
884842
919344
783653
771990
777697
932837
689203
981139
96032
303137
936010
143372
362785
693823
134229
565792
396300
487572
245936
784560
658745
677606
890724
534088
320099
286654
430046
602717
406458
266032
427542
184199
624554
634315
347473
221038
98538
565363
19960
180146
586076
599691
619409
908459
306400
972920
89473
499543
666479
672
506717
339141
940847
787392
807278
789009
617970
415443
351300
327531
657650
917058
409797
485168
239948
18152
745265
328602
470401
411611
510189
283992
491037
537420
300350
724534
43916
962680
782161
906768
933459
404123
90900
374122
979607
105458
214179
778016
230621
666610
201461
699882
865606
665677
292408
672838
76529
971923
960316
559596
416489
17163
407880
448398
633935
69431
990253
496752
128355
741632
980568
924341
850226
3938
803308
408669
48336
761091
352931
726351
383967
652269
23731
887757
616545
608163
907916
156738
914681
583684
827945
671461
898333
574583
779670
444212
226880
721023
835934
434505
453633
786920
603973
717853
850626
539400
457366
819941
103605
137010
357169
196290
221658
567373
78075
449347
474870
243382
805534
884217
24302
754905
848813
892394
791490
494884
938638
622564
363515
166664
535372
170542
116252
458982
456300
525952
764655
767493
370707
896501
854894
979352
227704
107254
897150
745106
57430
424092
231953
795297
357743
529459
334130
646633
808245
794832
658930
679859
72943
568922
272228
65079
31105
101184
797048
614815
929829
664107
731522
941818
445871
594591
8881
727253
95842
314228
414634
307791
301568
282206
522099
39621
293900
354250
149235
95312
262374
571974
137686
546473
451927
370201
577274
49887
261134
714535
182970
71944
766552
97192
400839
275707
550078
266440
993412
813917
723780
535230
203512
113909
280249
745427
134813
2451
659900
503977
665095
350177
336495
800791
553608
914001
153389
879897
700490
646668
732275
847564
567946
775395
266762
632998
381465
277603
704708
45829
511477
295424
389022
641432
636449
276500
253804
19506
889302
73813
400536
890630
500053
753466
698306
100545
292449
786350
196772
646333
675801
958024
955223
846534
499583
92180
806749
157157
355552
761059
163086
971548
176643
469876
743785
694534
406448
762729
232141
747263
923613
943521
817102
257072
191852
70896
128063
740021
843632
649882
897028
19839
274260
728314
867145
702751
408905
144952
367294
377257
289151
196424
387456
223978
197159
839637
367758
952046
388982
85755
346630
106529
454703
160648
610172
817439
746660
241462
905552
442217
54888
416282
715209
354047
685050
930209
638728
835925
212113
205340
867908
932176
315898
434869
4814
933471
973071
33894
59641
402331
754357
21005
658862
126503
441147
408992
409611
931196
832049
189685
411921
2291
378772
54798
817181
185432
649267
800835
327962
140880
290887
175527
762082
417842
188487
166764
964720
357596
599021
583341
501872
946106
602059
409237
537290
461621
131054
833199
809294
218749
201609
739890
158874
615652
839696
904511
588842
962926
770845
634596
456362
53219
381534
579177
632901
644070
690811
142403
825998
610880
961783
250964
891117
429930
573411
802228
697018
582179
516546
576465
528056
469070
82371
240486
223186
129478
21927
357622
781041
644734
33583
750440
650513
265958
868301
273816
781114
839475
90278
154324
605239
318988
319443
130966
420497
265977
447407
825350
348259
317291
8090
904443
866273
219462
14301
337516
403141
717345
440511
412376
138736
800159
864401
113295
940931
148495
22427
997234
573636
488140
500926
26265
181533
24992
394183
864270
276671
221517
129182
111534
523035
430108
191674
790414
50054
492036
157100
846163
508408
782087
927821
851806
990763
850948
998674
350894
593675
5198
359086
322045
364512
553261
131467
366051
165674
942147
421595
949896
960684
261901
247489
488918
431310
8309
3743
775703
412948
60905
545797
251619
579166
336828
226718
602732
333449
272412
164560
788562
279355
249694
305389
29951
604012
612491
338574
122262
330373
922454
998086
546640
547799
630659
688957
167827
337083
432415
285226
979434
281568
267605
351602
291964
693092
502881
6066
296366
291965
285860
32432
578974
209029
237137
42225
893272
185118
361732
352071
89457
586660
369030
589968
281175
568496
371159
305816
497206
729744
863061
69189
221921
150095
448698
502893
483376
479937
479444
680787
647471
725740
170879
666296
210285
828021
802069
950284
215573
586833
115253
360358
835422
246357
519584
647463
740299
916024
210854
336819
474269
691956
219717
860903
139650
833607
193810
411810
863333
674403
777035
221730
148581
123688
389214
648669
395252
955926
872262
509431
636584
79351
874239
483309
817599
543496
583511
94407
154520
912702
141073
337077
267139
286931
152088
972866
735440
671646
762657
101321
533405
171798
945363
804235
370320
921394
158818
538275
325864
945119
650102
791164
896529
314845
717899
483395
175337
745570
38224
796760
832956
215120
69855
462444
336289
454318
343506
997210
582282
485746
112808
48786
802894
776559
115432
500735
412502
626458
904538
427551
754093
164206
476122
530128
290700
321654
217625
532766
160840
510957
17660
283558
776563
923477
217734
762972
739081
141638
340298
456340
5991
288778
117629
911659
832315
420568
454127
644618
772472
588328
806338
534084
657679
118676
97078
214606
672478
591309
223422
701579
897588
593248
333613
721500
906471
347926
125876
554119
800356
140551
738644
10474
214792
305011
886755
348599
29987
650796
226998
286583
594096
51045
660682
965810
83400
763212
557852
220843
82833
479183
491478
119112
555210
667932
149001
125104
587741
688852
194088
56462
991114
352191
82717
919810
450945
50394
920402
299199
646323
582579
820652
712697
295391
981734
761678
866863
686758
909306
479182
222470
632851
324522
661043
596132
221839
907635
41285
170328
59718
546861
407654
114186
306312
272197
158503
485257
176551
210742
593688
654452
147110
381649
845207
617849
493697
975633
741850
605506
678272
40627
861624
319145
236114
21690
769388
172966
111645
927959
507400
50379
793730
288405
435148
854176
772309
24135
989926
141591
635057
972235
444651
654815
895469
44073
441925
279335
226148
19660
51307
866669
138106
882076
5437
512199
441168
351700
797677
706782
314345
625149
342367
242999
782599
84876
803416
472864
442022
888082
360004
366101
598371
191938
626930
971782
365387
761009
267497
40832
157946
123093
627549
739092
943152
343897
685048
103402
684842
212681
563385
12100
30447
175148
842615
954660
862548
46624
285078
140447
865379
523750
426561
663598
530701
634433
196408
342858
17191
893542
17028
367089
269865
745003
640643
960674
688922
332754
801473
559900
853156
296309
524406
715316
400797
680801
106282
295868
170440
855949
711517
988881
248758
773960
50163
388494
402249
688195
575814
655564
180705
616746
957342
131865
980528
545787
643558
352120
575518
205965
345453
473341
563349
702850
768700
491246
11178
560237
920818
53389
13306
363009
675064
306307
934519
659658
761989
350069
334865
947447
970831
758056
500133
209747
404226
152067
74439
941936
168490
934483
212127
76183
217497
207512
997286
414835
983637
209225
91936
354015
524427
173922
209240
664106
678669
919920
490237
693994
999831
558267
218982
414236
480436
207029
782421
856245
56999
824367
179881
114086
217374
216297
42141
684196
150618
929546
39573
237009
452295
849985
937210
334914
911865
433061
424355
9174
394917
724938
748863
601590
673024
469573
992594
953343
618168
950286
220480
179817
833198
217599
722105
791009
930707
298701
578863
614103
252798
934744
889670
449196
541761
872025
968683
5228
140688
999481
47949
413446
939407
55223
517016
952277
208827
728603
962664
172291
937123
474346
954999
872994
374396
143667
89510
113622
564872
491609
835479
946914
117918
170671
300178
49568
434085
858436
344014
848477
881394
216232
307193
801451
893015
472705
867525
901098
262097
242580
593206
821652
773340
389003
750996
829128
553708
715704
240394
664353
300715
157512
892204
751712
53716
297126
324663
267395
153170
615702
207965
988047
422099
939538
706698
697201
814619
904708
661562
385671
23081
495171
483768
507355
369707
390588
236362
931548
777
555587
92071
429200
890200
494248
434463
466289
963093
63373
183659
661579
499637
60131
38509
458966
510125
271273
189714
916879
231162
447301
451814
590277
939761
874103
643837
492841
809552
56008
324778
275554
360851
306243
32361
671488
302307
899491
987526
643539
472318
957038
198384
624530
454723
478521
766126
252827
187245
87178
570762
463022
818245
548556
771154
611046
860251
652815
962892
31422
887363
612537
671812
419562
739266
588946
907835
95960
624323
625320
378223
700190
692262
823482
153689
536982
800675
376344
855176
245765
769211
857373
470712
118231
855119
2426
19699
623222
390756
25163
841395
477330
189182
639226
415699
961800
355858
763318
483774
853147
603517
414319
221685
440990
523866
472802
297620
333369
830056
568498
977755
58519
159320
577750
220281
349210
833527
275520
831288
345810
414827
578979
686874
911303
186729
623793
319446
396816
662953
873771
158558
958320
187466
1968
900270
247151
916097
690649
317182
834745
46135
87739
624075
890257
375826
569566
602098
933613
144649
574043
845788
197445
481155
894559
859033
319620
233020
355105
405291
715832
475987
614314
800779
996304
998852
275237
158468
105159
775627
990785
867538
948833
866647
599461
374499
641419
913580
91958
718290
49897
197743
996087
666442
888966
151248
29893
477354
25014
104057
567881
31278
343732
393707
280817
787910
797118
76065
879524
148375
178492
89693
400746
859650
284361
272718
956428
609991
595203
486703
382031
644796
816624
396853
187775
822639
885787
647485
677148
89716
187271
103699
930489
931479
291799
14501
853604
149602
240428
76239
776716
594949
520570
444193
921139
619340
114658
393272
497218
553283
643561
44128
814078
851697
177434
557662
652643
637449
631690
512924
688029
56314
146470
825231
962601
95254
537961
656139
771353
970684
837277
637999
621793
960005
117528
631085
593824
356757
993398
370535
314714
94715
4459
541709
319915
597767
856462
679077
494200
975253
278453
567067
3952
961963
261540
753845
807749
415882
554457
244885
439369
871089
526630
656781
237789
412319
442377
230351
769895
445135
622558
772881
438239
641799
509628
578589
241867
700605
498890
596375
805770
741092
367568
190861
312840
669828
551319
918991
264821
359726
858688
745753
828715
339893
316032
42716
610931
666053
403161
324531
481255
423979
37129
981460
442780
764895
983788
367541
919088
906910
625023
973209
942653
321180
60167
91804
106464
406371
602564
895809
228586
936518
559225
758181
835773
760047
291431
658918
754720
402017
381448
679073
575479
736477
62773
876356
822933
159569
273054
601868
702595
959532
134751
46949
926941
526877
927985
760696
25594
23846
781713
133506
416353
594414
745995
490465
941073
755191
495858
639942
611301
692096
663959
987634
727701
873642
956878
887694
779975
912588
74520
431201
286579
355853
933059
389831
791565
663033
399313
662844
123455
153614
356622
676557
549150
987693
315022
641742
832822
316129
695265
563800
511832
999145
699606
603305
453277
286881
954283
951967
992500
94587
842391
769140
481573
270817
282360
822170
32174
255252
315811
660502
971846
284104
400481
286961
740851
13082
282751
536479
285699
672421
113443
572659
899007
849564
811251
912793
892791
474352
957360
753507
759162
214711
900768
803348
586466
531433
907515
64706
317118
159053
194163
90561
380756
692571
168746
273997
343121
285980
298661
569469
417466
483112
599583
705508
442830
306077
35413
474183
151329
781063
179899
520138
591996
223421
866419
595875
87251
629822
675168
648828
790930
888569
545117
984845
265906
304971
474446
808386
694746
47595
189738
621385
227142
377493
19444
950395
676715
12922
398487
138330
203275
743512
877698
276675
967084
781020
685050
972303
501104
403071
345760
48470
643180
373288
621204
234240
684755
856425
260281
475221
342894
758298
744602
163883
948728
850439
725897
380898
603307
482418
105347
355515
62292
675187
830446
394331
996632
889847
857946
670601
725577
178322
624584
755309
260448
611
465619
654786
489693
120571
67539
122521
708710
775611
175703
964492
762715
405332
514493
991662
824258
879708
935352
313229
658745
428164
522247
83818
334265
263240
929229
803534
180246
289041
903764
743152
148985
774644
377410
5245
907391
990057
429839
975773
830266
709047
113941
967613
427739
791696
415093
965268
3189
144366
525793
756934
750072
520254
165644
239023
699513
180396
479590
651645
369032
119898
653111
790013
489484
441832
54362
420206
73165
292262
391464
597864
933142
519614
16919
807858
105150
451577
270964
481005
264429
694296
362321
742174
256632
846394
598085
931702
193109
273762
226522
30104
837528
628117
422489
85256
421269
256759
580423
292378
253143
945620
396243
833079
898523
189359
974551
184361
753965
185854
735939
118522
446502
575755
45839
39254
143568
415483
604101
820884
641183
457129
316847
458664
477717
156528
418629
610043
218533
618165
539988
792354
55464
949269
234712
464906
24966
140014
959497
456359
704746
638485
366306
92954
958191
770447
20489
955249
669972
395632
109859
254505
919108
242402
437780
433524
79575
737988
200005
316982
878206
654167
761645
161787
970597
68774
424002
859835
756738
396629
242325
797278
494729
541920
22583
399902
856899
463236
536207
635720
926260
888366
119644
491259
750990
105024
948036
461023
867824
908994
521683
893732
339960
492476
130518
692553
892783
470167
737485
857314
727000
555206
607378
437100
769792
124639
342688
577014
746271
570161
387552
662185
593157
373969
92090
592350
464596
755685
608103
49186
931542
195442
986485
252242
427003
873571
10735
38039
685749
44702
260282
220732
999531
962679
323518
554954
268814
842701
645005
394473
692950
510910
70263
269528
548999
880006
568983
156883
680910
450161
468566
181461
340407
324713
249860
528887
374193
668486
511517
858733
645894
83946
903241
264645
386274
705727
228373
524422
539715
480768
116889
993892
737802
953978
30061
771956
560801
827313
704720
35662
256895
614099
814271
927414
975361
662388
608355
853624
49446
446266
419603
920697
724986
857043
336983
714673
266601
753904
715632
554754
551390
966489
150963
204287
575836
58091
584073
288195
302132
30713
937017
251551
620032
103425
252077
179210
532085
632411
92102
869938
144492
477225
401604
390669
607923
334467
632406
696836
403746
349061
27275
712335
871890
582981
66383
204072
879495
376145
487255
769281
456040
647237
36810
86563
768124
461926
720584
361436
646044
14320
966619
32168
661363
971830
604065
388590
799826
415711
324861
88862
309629
391972
966618
165423
516771
203918
10819
396964
255004
859039
164091
308103
487185
880999
14069
630824
428200
381511
697561
367633
614560
500718
197116
722274
572830
205788
414601
33799
515402
396648
483886
908193
381851
996794
138752
833105
163149
357828
521469
955744
46370
110498
316261
679361
825570
165268
780879
308723
912672
745610
396218
321151
807154
853364
172091
639799
476848
510470
31907
217225
75596
862847
937964
264224
960635
554375
203237
516836
394126
906014
293643
252028
87734
999499
532551
305851
631420
434136
998733
323845
885934
564298
710981
385734
354722
744256
513194
15670
528071
135071
969277
896380
147375
424328
562617
7055
200806
602048
470102
43072
324028
718529
268580
673019
843192
124930
406116
693856
764652
499769
629532
441703
718560
401665
500661
728380
433355
839688
427815
522242
466951
152874
837413
514789
499654
71918
225849
511939
421210
281064
836420
22786
509263
805722
25540
191306
737554
988076
524535
702233
597706
511885
271628
898530
212242
38564
623434
885798
314465
73548
721445
839395
258977
647288
344612
933310
952455
662707
892599
698730
841419
597232
39028
789571
561064
741732
688989
72841
720432
207139
714742
898321
561835
484304
879526
570355
379914
22030
980753
654308
536696
572381
118682
36380
822267
743231
629571
875092
934380
849934
832312
176758
512292
290875
530134
764306
424886
99409
770652
154517
581507
676285
592982
133883
256572
305143
165680
388030
303825
919873
142284
872833
797472
771787
945254
491564
446015
871586
640309
461109
261498
603368
393084
937309
190317
661834
45215
658792
321735
986490
746353
453398
183317
547554
440694
512616
283213
306277
265632
804291
204799
811117
307707
878368
912695
658127
461752
746572
434647
111794
654367
374195
562884
98122
285670
583577
105678
675141
361538
644854
791655
335963
558742
232797
771107
815499
795952
917264
889439
583254
691000
586736
393827
433688
376937
259698
765048
515689
914992
906395
74055
799164
11468
671461
823789
466918
671367
776969
634264
863700
692912
621940
334516
8050
367824
242914
544995
396060
442097
695801
47426
474565
926125
451003
890473
490277
255057
794880
476620
568379
506874
756623
273003
405992
305884
355729
288161
587277
924510
89883
166498
621593
225071
262361
780184
315017
348712
114592
22982
275754
528188
407214
718120
651275
54358
640000
705608
860256
536496
51817
99969
653165
633641
658792
317661
835692
464345
420452
994254
492786
343609
145451
409405
850654
599681
702313
881389
147525
928040
976014
792935
948447
221087
346617
762199
945797
682414
707271
528951
74091
994010
378335
338039
86396
551545
385285
857340
922444
865098
318642
921882
966236
712815
967296
673320
763489
477854
862656
983139
735082
584172
247342
270144
339784
686719
818390
249076
706459
288886
986471
320973
773443
150387
637625
789474
884739
59339
632992
883105
27394
741999
23818
166672
984250
666078
459484
950373
28774
193084
568081
258543
472655
964943
504218
563460
423140
603395
580974
978659
95366
790518
299366
948203
469633
56890
326567
881728
237335
141663
464005
794510
472393
565954
382080
818757
988243
755304
834941
530173
713924
400042
501960
379985
781692
17827
429722
879684
783470
592940
215951
624480
486338
780825
906140
553344
356176
705677
426575
41091
405956
672164
690136
218928
855121
127092
554135
342042
999682
816897
705876
439286
295915
341983
154781
23938
294806
912532
75494
691570
659495
9418
804574
152808
712380
606528
679206
345843
220808
894875
189951
600219
593889
936385
455318
157822
576647
431997
999445
968605
242338
261301
882846
95115
896756
787343
844594
311313
684069
361669
893787
802418
355781
642335
247376
782138
549712
739943
595928
318979
269865
317803
451233
23477
582768
510519
794732
317356
160929
496492
49308
554680
530989
686529
18551
100869
461205
483255
6679
857652
562036
998972
773946
771964
788291
694979
651028
96193
111633
19931
230605
682195
740511
92532
270728
962813
109915
646722
915699
932105
589579
713920
100876
774407
939221
913782
310665
58360
591821
500785
940854
630585
20741
641878
531383
823841
148416
818235
238389
93604
438655
277824
769086
142915
689184
38940
479157
506596
22273
423422
717492
830749
94825
761976
281885
920576
627430
365500
357111
565978
347081
726199
217821
379754
577267
845683
629037
540243
589599
581327
264527
333690
624251
543439
762678
523156
346168
157083
920375
495237
247472
660638
365115
226330
29910
92704
447014
206289
90832
175457
175056
205637
445445
359027
999256
55508
869113
148558
319622
716000
523478
872386
926013
718207
640215
412983
254713
392015
732577
572365
337092
291006
232352
147522
619557
496650
181947
961433
814146
942422
629309
451538
852581
368917
435081
635118
905257
454342
196276
445209
121240
402806
118809
675835
843274
275331
25254
798804
861659
847198
321494
703067
475725
292433
616609
579497
977827
609216
794512
838831
621012
53275
612988
183375
412127
833433
838886
477946
681091
465272
87702
515540
740788
864967
495089
209475
728689
841708
520823
785044
389185
605364
491294
659217
799042
456496
912346
448145
713848
993738
759872
876041
626918
832748
161104
511173
780689
555639
60735
694263
325792
86670
108071
165444
456731
87551
48814
59389
383333
786458
516039
71998
729319
952362
235257
99916
441234
902475
957655
629531
915869
849981
888384
904261
173868
622080
158004
266743
564095
896090
732120
895653
81113
288580
143235
267166
918143
11818
15682
712750
998734
621273
163124
292480
370414
819228
738998
35207
753639
312281
204435
245099
272215
822987
609833
394377
774224
223711
886221
340061
950420
830823
64587
150434
78773
395815
471592
771533
332933
781314
994042
406707
444048
225630
936800
112566
925566
230919
725815
968453
490066
936856
294012
448510
204903
363997
308897
928815
687137
543218
770842
457047
197034
599788
91414
667657
714612
54867
241026
151744
102542
441690
188002
116862
4829
796129
903777
388816
768730
739408
122685
958363
774402
288997
661268
733638
806914
104664
36437
760815
894398
855319
233468
250287
548184
869552
360949
517805
629282
610347
111886
116188
96970
3134
61076
650718
817056
402648
85592
907448
737125
808364
573910
247540
290502
299454
260621
846318
548908
643128
453561
298345
631211
927407
431412
611418
669169
379091
761054
8049
844183
127341
888237
84808
488492
191463
797907
27600
346918
711159
758914
583174
269660
170324
395803
346214
53715
431362
931201
31386
312297
975650
511522
356157
759588
68304
435167
415485
780523
731123
967852
231277
422054
442696
535793
801523
123416
188271
974471
85154
853437
371693
483604
670477
38832
868136
371830
80111
244456
46531
678493
367060
757100
820410
74549
856810
559049
729126
74240
346018
923342
329017
509434
367982
207278
82273
88385
133122
425037
564005
574107
296776
153712
196306
371866
664145
119588
883513
987868
212414
973046
826645
729221
386134
178891
697548
935641
356633
253005
968341
487860
188624
251855
848351
379014
785239
982497
978506
914903
136616
535391
501956
739231
86572
229033
23594
176150
544384
991341
318359
537667
496701
308721
165432
590134
900062
542798
66474
126059
806415
661560
736270
398505
27270
42954
622955
921926
749503
601129
432453
659419
101519
635233
660409
829016
211356
526662
757770
201386
466183
737668
902271
667451
371659
318681
98264
727857
302239
544091
983598
964591
878992
938989
561366
565081
702201
246041
968580
187279
114956
675385
21969
474789
432081
293594
928855
528999
15758
137752
856625
654555
530818
251371
223239
917178
546010
784061
894168
175278
782415
825840
533330
782960
955099
591821
60062
634401
719056
672770
597375
693438
252713
285530
874725
297820
466406
382294
23495
939486
199257
893002
228347
781806
936855
945712
969987
180740
480893
464903
894775
59706
156762
364396
61761
767768
893132
541701
739962
780049
792207
917628
405770
508573
745378
576687
789264
919407
2951
523064
829838
716298
921861
275710
617043
646765
68432
563322
752820
57899
240857
752301
945531
896055
141559
890540
131154
298906
383623
886098
689896
13709
722737
528126
486783
98322
665924
736834
14726
926469
581778
177137
223189
428029
489731
736676
607971
201113
128170
421513
849703
762808
966385
545567
641630
990819
34920
520821
759715
92568
710613
584210
769895
467090
907680
22080
652212
977444
87414
737759
669995
960166
167104
869913
553043
185535
718031
219685
744812
73943
91856
238324
125983
194438
247247
914500
618002
160273
18852
732198
126965
45277
265976
362260
938624
63705
883171
526476
473938
4232
344867
685955
858203
942395
241130
670643
205691
971120
416714
677046
458406
489635
195736
626395
369587
378171
177198
503176
837853
164833
395511
998443
561615
85511
195230
862619
119980
811345
714958
873538
997766
442260
852728
72963
546385
762852
508587
315150
653008
241117
934123
805173
244808
148479
758113
45666
591016
458417
804007
184235
847175
868712
89371
48113
348599
760548
775793
975169
674439
356908
519075
102865
36104
394015
500758
582904
48366
194369
494685
944823
730867
999036
271119
526682
372593
92829
534487
44709
616658
510832
521257
460892
559519
293809
771267
581372
567043
565961
525931
929595
13365
574366
909883
297411
539670
796639
970372
654794
607558
453904
698623
10281
843515
87754
750520
880597
877173
182487
128788
498699
522590
23303
987550
150802
546046
232045
467011
62748
909600
851560
267229
320902
598982
579733
382011
30147
808381
706415
940818
783713
849249
232246
1631
730321
488568
638304
216876
486059
962139
917600
342613
437703
856197
190186
459909
529226
320686
307921
491387
658308
841099
301965
240695
501544
491738
255113
504943
519044
717149
322628
895308
838092
89762
697202
584403
96226
847389
681099
733146
757743
771510
913759
63737
902647
553905
716178
743458
846730
10883
285927
397483
999827
30931
76154
775836
116170
566392
518461
43071
246691
889539
46357
315892
996385
160740
47521
453429
860624
777706
52117
902043
405574
549565
964488
281014
967032
187797
634944
652329
742586
744213
177449
421897
893352
779073
254307
55584
37241
789701
80959
602608
125792
246886
793786
715183
891169
189189
350992
647958
801708
831199
448567
811787
204203
160154
680520
25666
969225
589726
93691
711846
917313
255249
109038
535982
80121
697377
119487
139360
285484
570220
876944
444360
717218
391663
382201
518772
400334
301860
918867
322894
269797
776977
240703
137455
614339
140175
708053
374003
369566
253357
748276
232129
328831
870867
827868
132385
297739
288310
980076
583118
334056
97945
961026
823821
938135
539782
34439
339400
219817
274578
298822
372304
990985
711384
182470
139396
192435
314700
952541
19270
549221
679543
686529
441425
58601
340774
716151
711347
564179
120010
473540
126368
974318
719838
145033
867812
56210
186313
797579
417042
341016
30081
721243
431769
418996
572124
890562
548323
910461
927562
848118
76117
997794
319264
998080
373975
936634
550659
970806
248807
611358
375530
858790
986263
605915
801514
756672
969520
513763
379888
994202
523988
490564
817603
634563
388113
357890
711595
412799
926072
987073
589574
7694
885332
751065
492366
957574
313489
494035
855491
219989
827453
509726
146719
562630
69384
713443
406416
138195
339568
371357
399935
16304
208096
250056
560994
235306
643424
892617
234
833329
179164
787079
589863
562634
221887
655092
227520
99145
633080
94181
605152
397166
139315
859761
604240
976795
584848
267359
879399
604891
461877
64793
954197
377583
611773
959695
413486
765310
772457
499593
80057
895844
32105
557189
852179
960905
146267
118739
361419
977049
928722
694956
584063
423601
28419
381086
959951
341290
14209
109683
26396
946719
448251
587191
39052
821248
244370
988283
287850
633223
919426
148263
454777
49750
642024
655499
964787
439480
292927
357065
528331
215676
672907
824316
871972
715430
108095
108738
973817
239901
466734
415301
151528
764202
463148
78384
474603
550951
304709
178895
602139
733780
687045
63620
858865
524891
373038
15811
10039
834906
749128
228300
590637
318138
161745
613256
246976
256601
954867
390665
701838
929754
367413
276740
969845
182287
607228
515391
472948
907323
781814
583838
79464
164469
400282
717767
358057
472514
15416
902618
252848
826224
860330
775878
927682
976529
20033
462250
448149
451331
180098
848223
312974
140646
809423
117793
916538
428685
765972
748033
509644
301776
561632
403383
24442
908435
605794
319718
733558
435554
433908
234910
488294
36476
424316
470402
272819
141868
311418
210269
137942
207486
501379
879933
495912
976464
30457
753488
504990
857804
139229
636483
99015
420999
234444
100350
401960
54272
38713
710318
533816
984019
262798
850915
627884
310822
443058
737807
549293
482333
386350
220762
726489
366194
17667
37297
402089
484373
96100
216935
174633
165405
799206
459641
270974
261741
547279
872254
895927
895487
583780
199942
314283
217161
325052
386184
134319
350711
888372
351747
735096
870624
304180
544547
141281
86581
925995
337793
133057
166855
116364
456340
864474
63371
905827
545038
593424
801810
240346
728432
585537
932935
725989
779341
219622
442626
129178
261008
561942
768449
773297
928282
56217
946774
51610
507034
718626
664183
828148
688310
948996
147667
370694
821728
988886
167494
683736
908990
799420
925047
734124
707143
480086
157903
86253
923751
67632
683353
28114
585367
510180
558144
838837
129840
420550
255713
223033
350435
89627
45372
320118
713741
220099
880413
595661
288360
66872
778744
257468
817787
433085
686687
398171
708607
956369
35002
282674
488328
234465
413517
174198
520231
744299
333562
663171
371284
717198
424626
85858
289688
929457
530403
413375
682657
486707
737292
247356
584334
426614
791631
347796
380641
561942
671416
994530
45175
200419
999679
842895
896920
340213
988487
808431
403763
735504
779265
114237
736221
643192
617686
280967
581400
847052
49049
806906
558154
479504
299824
806540
716020
652513
242434
584440
635731
413114
874163
927709
792670
907114
417419
479238
961820
277241
743738
569040
821265
952096
438375
278253
172564
294937
959809
898522
539219
563077
36128
425621
500963
445028
642787
276329
306533
751474
520681
244362
220677
456781
417470
459579
255762
114902
698206
586594
999491
795356
851367
413444
153253
469758
970051
824326
602155
384785
763531
224983
398039
830168
873253
906240
367011
894853
112678
526005
44026
717782
136027
684451
494981
339252
303361
605304
697282
844965
482906
67876
155432
940006
963542
513848
351364
221885
746303
590533
844116
824183
515899
288540
622909
710628
748172
694945
353841
928356
363812
35481
806739
673548
138238
6463
890978
486658
63082
83397
596840
567185
41804
748826
626941
634168
189168
692679
636587
343899
315013
962657
55765
472484
70746
760303
718169
430344
916234
686316
174121
562158
138628
519522
202030
569232
994902
453721
330613
591700
752892
851858
466491
736036
794599
595922
307130
697054
666250
699609
14456
725470
676976
945211
824348
784115
243502
50731
813673
437295
598276
583492
796743
808845
232318
768984
61380
414242
269739
163028
295104
275806
63293
262464
166266
966849
487697
663583
26570
415741
650044
100543
479657
340673
517712
468491
160606
368573
165718
239099
84912
361020
756930
507500
16076
633384
323782
753491
722405
719306
929643
500380
296071
327270
532770
433119
291192
324069
939772
62898
108637
575412
622937
712598
670701
372007
641072
353996
792518
338587
392872
633937
782897
431608
923435
748516
895512
827049
50557
524964
428341
350615
748046
8712
300429
478684
357713
742662
210656
377971
714965
807275
420752
497834
378973
115826
644625
383421
263428
70251
844575
655372
598610
174206
519456
222242
111896
167771
365779
934411
91162
75494
217026
957390
651820
805323
882536
282756
875318
604146
488448
199332
819389
756192
821290
484478
573634
388297
200274
516773
874404
176208
907359
754522
194690
596989
660232
140314
894867
560407
898325
467069
522977
154659
214092
326512
777861
977205
555472
821967
606019
644369
93546
589419
27178
742635
730526
776378
123416
550920
971388
559188
757266
861279
22085
444039
923622
700886
631256
219350
573824
522016
27424
959740
75661
728870
557918
738245
287110
639575
193095
686492
200163
432251
274715
535461
818771
345756
503394
790047
388211
299556
996865
504135
893942
412365
613426
547343
229618
92137
210675
536590
67477
910078
504218
294951
701917
632404
338574
360585
523474
528992
606219
953630
388618
947893
941645
282125
771820
235901
248743
809682
823418
653045
24284
81349
124764
89439
844405
238684
417748
765016
467980
803053
603878
447254
94568
893822
679525
134557
68820
827271
56231
334182
722023
443662
820700
457400
842289
95050
390384
725680
842613
533163
754151
470940
346970
504449
52145
462319
766769
827384
623762
626098
885823
476506
206368
670826
496648
68413
548807
869881
634738
213873
653624
444314
931939
530317
798487
292953
398255
198686
891440
26466
714671
771477
335040
245282
206579
481169
363862
291830
520946
450546
734484
721799
237472
278837
620648
888386
55814
866106
587478
495378
960570
140803
714045
493169
262761
166344
390111
19462
367163
386232
428118
44027
906502
379824
877844
62863
749538
825602
840696
352843
240584
791454
918123
69646
896326
214689
949079
949518
766093
397278
814398
888361
578735
86661
165379
151961
922488
2378
340691
214792
861410
654456
722227
118722
50758
451740
67651
281360
270293
639852
383517
294084
805053
478597
765191
268121
60422
165113
411793
737304
541318
486138
425031
426878
491995
104905
392147
879160
234020
298840
672033
92773
131886
157335
719093
684247
375730
821248
95438
264130
544741
237355
504485
233925
588091
712262
113089
509699
584600
662227
252230
595809
230810
445017
493683
135028
530779
943154
146367
585915
221569
661648
586454
395331
250435
589913
272953
468611
98593
453644
592053
275170
423713
31947
164795
669195
859313
709525
299452
698339
925612
748251
296349
120629
17346
414793
487310
737020
878484
211799
409442
745187
726880
761885
930952
784597
305304
501397
548793
218761
117374
339549
532040
593000
453167
979134
584039
222989
372403
944927
994833
233885
939246
87265
692738
102727
250757
982263
500498
103283
426468
827201
751710
375954
981356
71718
70169
292913
460796
955763
154180
263797
749271
499336
85300
59905
812457
543368
795925
810198
508314
454152
74420
441626
378449
394560
647814
665864
977653
712341
575971
761378
627996
144133
499008
356892
629038
998000
269810
727106
84981
425260
972311
948477
853945
723424
229478
270488
309926
823731
150379
596614
321120
589266
44514
573094
360260
511837
31686
920604
343337
925080
26370
604855
5932
790849
164168
6033
943031
462960
570325
383335
871751
848894
621843
38085
741019
83188
98163
420740
772445
415885
712878
745020
603196
88376
306743
270096
725141
308972
531451
987845
709020
478368
254642
691896
265896
262809
191432
838890
808781
878857
941328
937260
389829
919548
565450
602409
261329
871276
564878
527895
276684
446319
526652
479438
793412
848058
777313
680453
29644
583655
668142
94121
694528
703264
131461
682047
992883
761891
453596
456215
904514
744717
586874
580934
239946
374521
274306
382897
214804
908871
94088
514818
575899
618849
739111
579390
96819
214995
196402
997180
248292
475123
740715
501868
829
467099
988303
623578
196608
548537
420148
495644
648183
885311
742892
784176
792159
278611
188768
313953
204113
455381
640322
888131
674789
317626
993443
601890
888074
329112
955990
155252
231539
748837
552926
465226
25757
900798
468888
269897
812631
322484
521972
264224
426903
170645
893823
264205
411840
707622
915906
818874
313769
75573
643042
443769
835152
351297
317181
392788
116724
133177
58280
131112
763032
51504
287490
848860
442494
868163
3844
950068
965446
923886
316234
360678
573504
379256
786559
946859
912928
981725
453248
266086
74653
866789
701180
76898
510879
436162
346647
630037
606614
594238
275615
296874
818000
440781
887818
133286
731263
233586
542839
811359
213393
169871
761616
653299
122081
116575
655763
740470
838590
377795
857439
114765
300693
434108
529772
510755
602267
313803
852557
731119
10256
599105
291115
281857
424942
16266
401611
110171
920567
970874
680270
236625
829845
485413
13552
317631
447505
129047
193236
660294
184196
530460
94257
892712
2358
133862
646007
893815
312366
84415
847064
910938
287545
727691
293176
144408
409568
410660
81968
239094
486439
830725
295430
431713
74287
126553
586959
871815
22382
186662
303954
763634
797234
417371
68808
128717
817116
315597
735230
504872
785866
648913
368413
559708
778528
346898
22230
241186
961558
515879
387768
797996
507577
249187
161693
712765
974870
36637
823792
463241
447419
89019
957604
768619
607398
968217
256038
800957
646341
967462
797217
802244
634437
262780
349341
565108
945754
211842
40831
466477
84245
376538
835590
902715
291824
690187
922078
259765
445149
146743
478093
988636
298182
152260
793435
921670
567361
876577
754980
986982
445667
306913
935404
154894
467137
94089
625344
524723
11135
650991
768145
136549
359275
165037
170797
832114
126709
342848
460454
960857
970396
556992
93998
938305
476190
650521
749224
439038
935266
976302
242914
420169
668824
609813
590918
799593
234806
450112
171080
38161
116002
32619
760565
84290
479983
125415
547321
901278
311685
406325
702911
530701
65748
946194
670623
900826
342763
204918
361638
197325
706852
138368
112741
759780
380787
996470
968803
714702
333500
335097
284239
499381
41030
367917
553052
310733
93587
934496
507137
880234
603320
740581
153057
484406
644951
982161
899779
666168
953517
514891
725655
61578
951070
155309
285095
521792
378000
295821
856396
187901
514509
450615
230712
926026
419545
630883
992127
185195
257623
236962
937847
418523
388676
953720
175145
802249
716246
487762
631176
62288
358713
923256
702906
470059
753145
819812
672793
564915
722718
485108
962345
328453
51883
398866
292047
7129
670326
481499
222050
473885
617378
787126
615940
54019
300800
143988
110983
997596
227308
813698
432250
554456
622984
786540
490506
891159
202043
202655
750957
242034
383019
432135
501436
993739
536730
859768
685122
429415
527660
564254
576808
207933
324743
361984
518134
65785
831186
612648
899700
894271
629115
568707
787049
560430
240070
43777
713335
329683
544812
299269
35041
59013
414467
808607
347792
728380
179184
45115
667394
621549
371579
653243
638814
566036
785218
446336
415325
479856
862874
167702
823920
651
180818
801796
936346
73383
424398
977238
288954
994695
169381
732803
188832
443554
791099
564291
419140
315867
943556
821988
682266
558880
421412
783792
947151
579354
306426
823065
711563
445120
22773
165148
480703
879350
76703
844214
822964
211056
801046
451556
111569
383185
26952
443631
713302
40142
111970
366416
12838
223694
90665
781027
302388
599444
426248
211533
871876
902882
569899
178956
168328
780680
266987
947460
218442
564015
753324
68576
63882
24531
592461
424787
742774
366340
109762
458979
869041
741530
10991
570009
516885
553441
135986
48550
410402
787906
722025
781519
257966
51634
177974
265954
572714
226572
769293
601448
32138
949371
769197
797760
318922
525669
175347
333572
402699
269321
8733
625890
930110
412639
676754
729910
536352
81568
321423
378678
817059
162420
180862
153117
378458
821650
967560
632477
426825
154818
198885
778727
834186
101776
228869
618919
128410
467700
845617
741501
833652
117716
516203
131342
232474
369781
532835
308115
366349
820429
255402
625695
94835
223513
902307
425822
531423
641046
857154
889380
744461
779984
542492
43297
83690
168696
877654
964750
579979
881433
406875
836327
719212
244006
332124
218016
126129
874899
455188
571118
326151
804084
790129
15670
761059
315707
338576
604082
338804
882360
462943
620877
983941
451120
983351
672444
63265
115422
948887
282288
119669
234758
250837
944325
278443
898358
682220
824827
834626
979338
326489
128903
616689
743723
348566
377809
392898
652183
659279
112928
911543
676847
993014
943814
70730
676039
849288
482782
222755
590247
41120
433946
192423
286173
887352
262239
181340
644315
877834
300155
310871
919382
660855
370316
385364
289027
187760
981524
791860
281162
78693
233533
605618
542880
388158
858282
649377
122861
145623
10045
776296
834817
982223
446610
781270
66886
315683
716929
743544
772291
992782
645314
445199
449038
664784
466120
296286
503330
79415
926060
477224
48373
868621
911130
623724
987507
209178
630817
671784
77360
374202
73727
701299
92307
36666
187580
374739
665438
422050
597263
637212
625346
39993
747446
835411
402484
870023
744554
727146
924984
747469
509298
138976
565669
552487
164441
955057
423647
809717
627360
694891
356935
833333
188561
432648
883187
507444
320287
11712
613773
93611
990734
762471
844116
512964
434985
980056
827773
583730
100412
326245
525995
997227
860444
665915
701697
433576
57084
419267
371016
807675
501858
137287
558345
22760
763028
698819
119314
430289
145539
871172
9272
287151
958648
172208
986461
736738
21401
262705
695137
761873
766891
57400
941016
720512
89195
19561
282873
51332
993008
138988
765418
545765
491620
426035
700613
530706
30711
365348
777719
441458
894478
270041
906816
86528
256297
156126
477632
880849
9481
803729
822870
986684
325355
223255
384019
180438
449789
628872
555803
72563
798966
464257
865303
857471
217467
286526
447992
436058
150860
1235
100188
709513
850008
117452
246596
472972
737130
629678
101873
260333
48521
687648
208123
209487
518748
362549
201043
998587
39975
556429
437754
744166
170322
703407
830924
781218
891005
440686
352744
400509
711917
836629
253929
219363
992828
137927
789878
257373
90577
723038
9676
765688
326036
444389
742329
682604
25906
928155
169379
454798
693503
651249
484100
428182
208001
35756
654750
66007
700207
858904
556072
428400
689389
69725
846781
339402
622040
208889
747375
681467
566464
154455
190813
980521
465012
952702
496264
677962
100935
223636
392649
27997
161275
44423
499987
540390
340589
208328
690493
837423
700517
911788
833560
797570
286038
668622
490426
160895
209807
121695
810426
948314
360232
99383
302848
564695
853008
832883
180512
371869
323215
908128
44798
589050
646352
494408
583940
75678
55862
985977
733205
30050
133980
135165
84071
415578
397400
386883
11453
767649
13165
50882
732100
537926
350640
255909
75444
695292
507061
335891
78104
828530
671286
39876
974503
471170
643532
150083
849232
463750
900601
103996
735508
478366
527219
950193
812920
944280
267500
131084
775410
112409
6198
56497
406155
565413
174117
303799
574110
199855
679745
607436
500796
298351
745377
567023
911012
711624
9215
113688
965699
490965
134256
687944
691069
910888
97247
348386
588407
202475
218417
251344
521468
614408
577387
355826
205815
943592
329728
201395
740067
662435
923668
461290
760579
152186
868609
281687
516691
596499
375760
608268
49029
825570
349819
648368
944019
515903
9802
373416
70454
623070
602148
906746
477860
552482
670219
421184
336481
671837
392927
670391
104596
428489
863266
743463
29817
52997
135690
343163
180083
37707
574910
654313
71128
358969
955967
658871
553140
22089
729791
772623
959659
353322
450060
240815
990970
337427
77096
64867
895228
894543
441357
111349
80591
381543
770576
937015
189775
722323
339572
896870
715466
737265
738791
993072
631824
198473
486969
869367
112229
381473
446545
614932
433580
453835
57476
580464
926125
713667
39295
206699
486927
516742
33556
378746
398271
471114
894551
428137
527072
987621
760767
261199
104917
574600
947957
651460
11595
31734
79002
979442
594963
77228
695558
132571
651870
418660
582341
141255
344013
326097
173782
62015
241096
532415
484143
800993
736618
366851
599439
285763
829468
947230
762515
295261
883114
474677
384655
996626
449614
922209
198775
513953
132299
167371
350831
313739
181442
11345
56652
408967
414710
199647
918370
616565
59180
543918
862039
594972
945394
69396
306523
221308
796879
629825
44514
135588
626213
216550
536791
477122
168905
687846
193052
880631
363556
313467
50316
725354
219066
375667
268119
108222
574738
810336
894842
502416
580680
138104
955964
697454
990997
249961
796564
351877
277220
632897
87139
701603
924280
349070
252627
20612
551439
455984
377278
381935
658390
249085
779493
212116
419134
424316
228816
65734
243978
871584
695322
620463
464200
861808
818543
973802
941372
286526
525464
948568
974255
509333
331921
704479
279956
905930
135979
508043
610542
754516
569728
956480
448530
278246
812137
97508
216401
431046
216909
445526
349887
728007
168002
627409
442493
482208
912812
955958
505559
728779
299233
21029
111270
469935
848903
899129
143544
82922
454476
29147
104304
475877
171499
748960
618128
498715
244313
77951
545248
531339
141584
797314
475333
597937
266599
40888
660452
629990
140278
820799
283355
18647
125564
901394
928070
229315
442289
460403
876678
881619
823530
642791
384598
625909
271547
464900
601262
469168
94472
24166
531896
436616
274696
202632
594109
211662
370906
990787
948033
442920
819310
99694
759535
976994
529796
360392
211722
945111
435605
343052
231448
256503
419538
220107
879045
409785
582388
799502
927478
28911
556970
850266
494755
37008
463680
205572
831369
798051
698670
962057
689280
930015
238870
280628
669663
106038
612982
487819
152057
493491
434238
352816
271747
60448
522010
833156
700358
438764
146724
713776
434340
314919
282311
302813
210319
517143
290383
996138
823107
441593
189537
538644
72692
34412
937113
860327
767824
119446
731267
188600
313628
17939
110804
306927
98781
430269
614432
746336
458796
705628
843602
763494
67331
411414
613773
581830
903758
230160
829299
516719
118806
112835
246248
491434
518094
209817
163956
272593
311924
129189
41620
196199
508956
300192
173172
816254
967818
704010
19778
381873
299294
817293
883819
212171
539379
794898
927609
449551
284795
788998
645151
490515
769500
446521
437690
539182
718923
228913
140615
499410
838938
597625
208850
302864
395992
650390
512893
559669
304110
540973
775598
466237
518490
977359
561011
130633
693772
673039
449061
292103
742812
50480
330211
352687
805777
769024
445588
217117
157473
345779
251854
955690
56785
970599
816731
777629
574745
871133
524586
801851
710840
444175
567800
44226
62768
880467
769669
394857
455652
10406
220939
33298
740190
903094
819287
279823
743306
122951
996589
610226
756260
247594
667106
515410
974412
310197
860316
531091
44708
970934
452643
114374
793858
978508
632242
632489
492949
802790
938824
112033
775636
943077
759594
536826
688555
978144
218600
916909
194121
166090
412060
272508
265219
328780
711128
817623
116866
430873
77993
971785
303684
123416
691063
309459
454547
204862
203221
250709
240251
724913
223510
189466
353900
523948
644020
866739
636594
76521
874417
484430
659420
424683
213026
430436
934194
767949
899719
825572
454579
802491
584383
734865
212618
450515
67116
575180
307531
877798
838143
816271
505448
87980
762767
171721
116174
546698
992213
709790
593682
737120
902632
829739
610156
793630
244817
290127
204204
59625
501746
91113
485541
853281
81007
221004
563571
68512
448037
923858
963231
771701
546312
481272
404581
802608
606844
383384
454548
567595
732510
86932
209538
772863
28436
737444
348503
798093
317806
401709
650236
475642
431340
448709
4088
189238
451173
78272
773676
346243
570967
133442
183527
601847
971012
421593
710458
734742
639990
891957
533017
935313
622477
839216
124664
433512
63559
782367
89083
928179
75664
954783
513593
740388
384226
627284
111395
421081
782372
664022
200663
191621
44634
219311
745712
738640
972602
440423
96993
301528
19428
481856
31371
802367
592060
426748
977183
193852
856660
408265
978119
449560
347015
668967
570833
748947
946017
585263
509744
342352
721252
323965
954081
274469
855509
834954
968823
385690
85973
218249
508396
136810
696240
818042
125344
935574
841851
84030
426692
280472
821262
336997
370625
866240
944324
96320
902437
867988
227906
23693
853092
668477
575749
762668
834648
867216
282109
62668
2907
65257
538758
526792
160250
566946
336212
619929
102017
168402
449910
77080
537118
490529
84323
576542
189808
319419
669843
58819
239333
963919
520192
850292
565986
929901
414312
994391
815876
227026
544980
981677
527407
783291
620060
309150
798322
453982
720009
35220
82215
864671
28084
384179
560987
282312
417513
852409
814398
120500
873279
600056
671814
134293
62630
962888
389526
43
835670
662804
956339
592901
581620
432147
293227
933116
916406
47880
886758
381725
802425
547555
351339
83140
934209
6665
183607
180828
118281
867973
175236
351433
480783
996040
18577
486928
78030
331871
335698
15110
498140
917492
273348
173110
341458
892382
973679
953523
277193
194392
424548
436800
753748
51666
957443
792009
751982
212459
309085
238900
923308
526826
322688
694088
531393
296430
408714
145781
66795
220319
838699
173629
9939
385482
711957
573576
297193
633450
407518
650781
450331
945685
681591
68827
33730
193515
55035
954774
362677
268686
97174
774632
632704
638084
648775
439302
307467
498112
523515
867811
79053
639618
157730
100736
864104
590178
526604
801778
92035
175260
824265
234843
111378
819429
926195
620653
61500
773616
495018
203679
894194
127868
906731
209149
419905
641883
244534
198503
312238
830106
537805
477914
368946
462215
464817
372275
890869
344702
710421
356160
638149
353156
85963
862146
528564
619675
816830
838906
684539
606568
913560
941096
260072
266886
197356
40321
267324
109919
910487
942905
727895
738422
996844
791657
213573
322909
571531
437581
60742
701394
960829
964242
50156
782317
1231
34835
547770
273279
607910
258321
718301
388328
372006
976938
282227
770847
190393
294006
837427
449554
59087
976471
327052
866730
954327
213476
859108
776303
465606
822043
78897
623233
611631
52315
423059
906431
946697
670306
328450
730297
106081
403152
783366
396135
862133
316189
213125
192425
616803
696536
347461
927229
358216
972063
299306
449251
637771
255035
481454
212624
869775
153815
544157
14950
770866
777043
981210
696122
134214
814970
602363
661443
553316
16268
687539
70019
510903
863960
108621
267526
471291
324214
730081
840409
316267
141561
698168
272456
35031
631737
308638
943470
984833
922484
151882
421361
930955
926791
353778
572328
50554
333482
725118
107923
755425
306236
684742
510118
201285
667461
997574
88044
870862
918262
55973
879698
697971
754580
733152
763965
226422
525366
587179
29915
909141
573258
868261
567665
927031
620892
820142
813567
457454
894056
91151
334453
421675
849247
509778
710769
378583
404616
883182
306939
733068
259979
832896
344160
639753
465613
264907
644940
636486
417793
219568
577590
315683
225198
213325
259942
629682
496855
766470
969439
35221
608921
552393
251130
828769
498048
437389
359366
93544
668684
973544
690867
473512
673201
551306
437390
653271
520401
482148
76868
45727
571796
463719
849551
801201
944738
845823
298930
779953
505337
867437
901087
974778
11499
719912
548761
960672
617873
374977
665974
716759
555205
806689
554201
453024
836401
966985
377790
265488
587796
843190
799845
804292
581018
38591
828941
245217
590092
634026
882315
991062
504616
167542
306645
396498
227694
407736
173113
77380
879544
587961
642831
495677
105271
854861
639430
441822
453188
537040
725907
815796
501916
641815
466352
865026
895032
499986
106437
956778
133333
621030
391427
869860
941804
266614
829303
610694
885716
820553
963603
964871
328184
203719
520193
45149
502339
763639
67513
138388
542603
254500
561189
677184
960443
741985
596549
155862
863983
152363
97571
821697
825081
655092
297900
287826
939444
76236
614079
66948
188059
317693
397672
655528
203680
146738
544132
843154
957512
860230
639121
656930
739677
739050
85869
876912
74096
216651
190955
449300
793432
503341
333576
469067
439761
138300
734083
382694
553132
441216
53614
657831
878884
36272
126578
782866
691164
997516
945243
120644
755247
629087
75531
308971
245269
53305
782747
390567
976851
533989
734101
393093
633940
464109
594910
140958
522589
733287
185459
398102
886427
625175
253507
294737
178351
678996
777546
958479
836963
262320
83673
244912
933984
784107
666860
164885
143004
483623
757825
953788
527491
82245
360222
17478
488800
983372
45399
38959
97546
215263
547242
154162
144547
658102
670838
564682
800228
20426
817348
409891
151868
856440
551623
490773
714928
917650
361817
166636
643001
971352
212478
195458
439852
637612
142742
406007
953844
172583
195498
919655
392517
498642
292756
531483
770397
707042
490513
144621
183991
206350
610771
636359
88133
735523
827585
713113
716676
10960
69114
624812
536943
437852
974121
676811
756648
927083
128614
368819
345363
732242
524971
329378
378588
42859
553449
151896
923065
445616
84090
476115
604116
979526
476282
560153
486794
43253
770623
605189
140877
664585
673316
789224
204837
108441
220995
993057
444508
462655
360676
183101
162851
628043
249231
632092
536653
53644
840659
132002
800063
148288
541817
836247
564644
259054
342735
167802
3216
219125
985788
553606
608102
185803
599794
768712
854989
675196
864657
839986
643382
219546
301265
397919
859851
622140
816000
313395
134473
158814
814337
505903
65281
252507
38894
407877
402202
851021
438215
56067
671201
975673
219795
172941
874704
728356
644563
909482
777147
789988
208655
369335
728899
616200
18330
161193
731161
474939
747910
884034
402838
143902
872551
967130
396821
117723
855637
264987
592754
747173
842773
252542
303049
400091
716668
442509
855642
401061
981964
122627
212686
962515
703237
487670
920946
416960
749306
719547
405468
973719
649335
146538
176953
896140
6197
248774
121132
384310
595871
326580
48522
603050
525859
874401
818634
527561
171004
341877
479540
530059
351388
499578
633660
254284
468983
655724
696112
554554
656613
929046
123321
626440
654362
876222
748016
129508
658814
151541
726109
257617
973513
960205
256161
258062
795946
514317
817417
816751
682713
999032
935727
781400
225963
44330
845059
465472
410667
503165
590323
471040
195521
529392
762547
443245
141933
30895
686033
361009
223209
752895
192614
319916
792194
34867
246583
525070
351585
548969
47836
645670
134282
827170
220844
588279
829601
824102
388710
674877
543605
724007
512747
953490
306625
727033
398140
323824
464859
959274
675107
11798
833428
155536
337716
648042
745652
887215
472824
4385
491700
386187
903895
983108
168336
539908
174784
9662
259046
42355
667062
946630
108525
452312
890344
674119
836376
821177
563741
772463
663303
658233
74125
104994
224419
414999
444684
558709
191893
296735
424799
258850
146168
169674
123488
663654
976504
657523
919576
706412
653739
398518
850938
789829
893302
886484
773956
454618
486542
801422
380136
919870
635701
194760
562319
852798
272908
856662
242238
899473
639228
151350
920109
757780
247232
125820
406672
983270
540788
888152
873953
883077
755940
213093
24122
520863
364984
465476
579388
790922
768509
121437
840979
358517
921387
334664
655992
137129
660982
531989
218894
12636
471063
12107
500384
691988
776680
791193
541857
559020
723737
477985
193497
783606
236552
675719
153004
803886
520317
968291
871244
282396
250037
895328
658353
766965
902666
180968
320988
503937
907515
502214
754014
493483
32036
123859
17357
834111
467196
876919
678134
51214
696352
60845
212912
118112
545051
364746
796419
427576
718752
563697
3260
888396
430794
662573
979002
407097
13169
966228
995489
514822
44994
210849
99949
748228
75481
279070
980722
579405
148417
847732
293382
76528
448566
462824
737154
109749
249027
183202
821877
976377
639208
576464
716393
950702
1214
661779
194656
834287
823135
950257
81168
750450
122281
41082
948239
223286
121938
211981
665469
776922
378916
453281
831741
908065
455673
137540
759883
153202
734996
624394
936421
781545
802031
402560
170888
179807
88130
832426
231609
357116
670321
543941
151327
467845
40994
613447
324071
336076
250590
202290
670360
441809
880094
635157
469840
329671
470303
17886
11331
825851
791091
981835
35679
671131
945073
866305
324285
689460
666248
227180
59522
306800
362916
967991
726125
28613
951203
786873
747521
831993
40675
695064
54473
158000
487633
882084
489878
53062
730209
465449
774618
376600
757539
229527
770976
707440
321208
349479
680904
806871
833132
851269
975853
539240
996365
930537
327597
965236
339333
828859
249739
868987
103225
917899
542625
451718
265193
426702
384259
327345
108411
448998
994719
318504
771017
673783
415269
576480
433106
624364
876415
99109
98729
354447
743344
975979
536954
128031
615890
706114
353020
295937
485724
962146
697959
708036
812384
862022
408354
567664
299519
379983
38500
591628
31335
734677
754014
570254
899349
561056
786517
822318
672980
643339
230543
157914
375331
467399
814751
370221
350414
365969
789656
805484
244238
583358
646909
747364
5958
745069
536889
46438
526177
918683
334349
820345
190360
916202
984643
200716
206173
671314
822587
413528
969350
318723
999296
511226
649715
506849
272226
572791
230063
236318
725152
66678
290299
700790
908592
228233
421728
659005
793980
967144
112179
149971
918366
866608
685593
341824
84169
890849
804007
780876
418867
88170
619892
977688
909005
226022
364343
682286
735947
70099
123053
670625
553223
994761
847082
763975
740716
730285
841104
43912
430410
614754
743273
598224
744170
417395
988909
24383
846556
692792
712875
438434
303568
68500
947746
291195
898567
797941
908513
107556
307019
189584
741823
924875
438137
215036
179991
336679
375021
483713
975053
935289
440583
936965
831357
932982
737844
809121
370719
862658
797801
551062
466277
642135
353917
932652
740787
565183
324306
169370
800712
134440
874220
40302
897983
633779
467375
874509
29980
381775
839546
115767
803771
61139
764360
89767
861621
382320
344868
427405
347068
492120
138731
145542
934949
55428
781338
669718
206433
330924
887137
254236
413369
427850
627615
476104
433822
69818
162369
229384
335241
314117
40013
610568
184125
816908
873196
141203
714769
192999
191057
853106
920111
188071
442937
951013
773602
237302
677977
827456
660409
85159
949226
573185
822157
330127
985251
430223
96525
273667
234572
875558
116997
852596
200344
185407
42440
999390
572362
221019
660020
132574
670972
901861
143703
838383
674192
774587
598458
164727
700670
827326
617322
245395
505143
222450
282755
139541
687416
447083
841913
735110
758060
576619
122918
415195
684073
27829
242128
882399
341998
784333
416654
352407
177342
96542
295240
166089
399556
425378
707569
687397
110969
142039
606539
470169
779437
148024
876342
141056
447635
802826
892733
550067
295330
417690
279544
329617
283668
774411
978160
711469
748394
377651
863509
621033
648330
983828
136182
384854
889166
658906
63800
281182
895972
474905
736641
866985
710866
125488
815949
463961
277280
396533
798840
786093
52425
953719
319946
851589
710724
321798
988642
417723
161951
994010
117676
496386
950280
154192
336085
366775
271763
926800
831345
148288
444000
682226
20022
919259
23876
583977
929587
533974
365213
181916
265440
762070
355554
976063
662875
150624
314827
615331
99341
9237
522703
100696
333049
822927
639387
565112
978049
850418
288480
291816
509899
956333
26048
519684
942050
288357
356931
65640
702387
466932
880694
301419
595902
375025
454561
998245
535392
75207
503081
777084
655970
505577
692536
744649
711088
392751
824464
788621
199919
456401
574541
611895
269164
291901
177813
915272
209006
105160
176642
768151
629686
977455
126886
926707
88140
907375
542359
239016
351665
290430
791978
166552
946202
520930
354398
487338
744158
113265
352404
653598
36975
724271
164230
105939
942720
912845
253772
392949
775293
339373
977009
574117
703337
802734
14585
861440
507375
956869
940617
430170
712848
561489
426443
981840
661005
128936
340850
647966
44622
34630
215727
842428
207980
191663
505586
922094
434710
563095
764114
469210
106320
531724
436235
798489
114816
855711
252779
493820
57258
474188
703944
985792
234871
374470
685955
855036
242924
597405
953472
899894
760404
915032
906082
499131
83385
10409
274312
265490
625717
688552
540914
900324
791552
574130
218379
322378
354810
559769
172514
527686
207985
702030
941774
639334
774296
615693
327595
912130
976052
103026
391371
489568
987933
216548
476663
269079
289492
396979
181205
329147
142604
45528
716009
624491
463484
101154
93804
836619
96315
721774
608931
17004
402788
813234
212583
680148
161887
672062
308567
880517
805644
525097
2789
295011
946227
982757
311804
656703
725200
952861
351779
664212
876975
650939
986711
494566
572084
189928
972951
200929
395963
33200
406683
94792
210686
267069
903585
203035
888847
209449
182102
461345
986985
509892
588807
491013
337902
386095
109818
277940
327974
694690
349692
853975
959179
378621
244548
92437
38384
902875
802823
11965
833131
619932
942836
861198
543851
773175
972574
553867
545381
314671
674434
438689
207003
277343
560379
297792
931607
64025
214089
739916
109697
351641
215881
541062
430750
757884
24469
550664
319755
136464
743879
500187
146784
564971
921874
596488
530862
335624
847822
467504
282040
76721
304421
486533
160438
468891
573604
250695
333249
386118
461208
147708
283593
317913
221401
538416
863529
554419
228005
333094
158808
269213
139723
754094
587983
178878
275038
35583
814857
404280
463764
42119
401144
328566
640806
497049
248529
202429
394137
991816
265823
711036
948225
152951
292186
449996
35355
488731
759924
373894
532143
548165
917822
128676
496043
353472
898825
62261
737097
55704
363763
300552
577570
954521
919776
687097
984382
43115
346046
31774
626964
717724
141731
374821
377456
503890
348079
760537
558301
154841
306464
714188
511727
222412
280395
424473
605735
211602
207453
764567
980568
672878
699820
213550
725162
498426
507321
649798
212376
592203
735112
631048
197469
673057
424971
351804
61906
986708
782688
71907
174874
292140
404207
863400
253842
687959
888877
562966
539706
222340
275809
29590
613440
565559
179730
828380
80692
430288
508751
191289
51301
157660
253904
462248
417759
628351
93822
2013
458438
487761
634601
477025
420458
216301
979349
549433
271720
766509
553025
313897
700143
232331
991566
386909
304899
127091
455214
938872
591632
287380
781511
284146
962737
539448
598501
750077
413111
777129
855533
350308
393694
877246
246519
259779
411322
448887
145729
191788
163125
395929
689052
214216
61966
155791
988443
991143
183812
18200
778849
592033
441581
824842
798015
253395
633990
64132
936743
371498
668959
702871
881154
400053
277212
4343
124052
838368
79595
559619
525619
888572
358469
762624
498774
747585
138168
816459
220731
62308
267222
943836
722348
494807
266608
332620
350659
116539
641270
222140
241777
327790
187957
325711
793178
147730
25888
847641
228858
461456
848243
562636
281129
852620
52770
634944
169692
892476
353050
255154
145635
191466
507350
4337
517926
916192
714506
184270
11586
897131
118023
489862
794023
749922
166491
547002
331733
999121
98391
584445
393442
112901
966778
412484
942835
378871
235175
188490
355785
472810
558181
484568
107309
87169
257294
226113
65555
261443
623304
260030
880827
349594
514562
724476
874079
414863
839712
560847
763751
714904
822464
187964
356064
621500
811727
72356
890620
450916
26355
356922
568588
284906
901564
490267
9510
944145
973846
671170
786763
429247
954692
482772
115195
91112
315243
545149
81845
420646
559135
936436
635540
821968
859679
202963
330905
527934
183882
324362
390941
559753
39622
54872
71252
266100
153600
801302
730352
704822
833046
779138
781336
626624
958480
347630
668426
415350
911008
10969
984501
89633
771558
38954
706865
981740
204179
961660
620678
232133
775638
693839
475004
485118
912832
683960
772308
66794
985882
37133
213211
600733
20653
299810
523175
807785
537398
84326
191727
732826
254007
486582
594056
119962
522285
214941
189477
12142
749083
715086
814681
423566
162446
246045
153500
156150
198566
296907
303504
904174
21979
451345
909198
574914
311193
917550
518660
27015
675759
746497
638388
805310
956857
599483
435044
105512
469839
570537
50290
431443
320034
386604
827269
329502
844452
118104
521480
663937
21821
421957
881487
957385
395364
40086
654243
444624
640778
831612
123482
444620
666500
597019
373662
875233
588010
786769
578128
177079
767391
961929
198279
742928
189443
88434
104546
157379
130463
8502
663114
290752
419070
275916
554762
93065
134433
763882
588686
347417
450863
318493
899635
66265
997182
657276
489781
349836
836813
202142
772338
406013
540968
999804
433610
724979
236256
353560
736206
253496
325103
855894
110330
230711
354293
491091
450433
463254
505018
368144
360300
338925
766281
604230
255869
621056
609516
505377
650849
854953
552074
865483
69622
194694
605515
656672
661492
515864
94068
715342
806290
391295
410297
566562
195683
347122
315715
828137
417375
588853
893257
905804
822568
356427
18750
884609
134635
813072
397222
259977
514855
94969
206523
84601
277958
924785
233119
320294
181219
876402
591529
832275
351641
212262
341099
327103
853980
908367
460560
410062
532587
129607
109230
620546
987057
15850
708426
363180
304287
285006
494138
282368
49200
622271
396691
817003
333725
426652
257386
643418
722812
135705
243397
790497
386945
891138
738806
781150
85340
236141
786055
2373
750722
812830
333062
488946
393012
171664
518153
86873
916062
467325
702438
335732
354368
46474
978771
168073
760226
870950
862955
506523
48606
761991
557773
120070
681512
411355
498149
931651
161104
398286
195133
381798
205405
847441
118691
158637
853889
480862
808535
850509
412905
444710
578553
355308
35689
191695
653408
377452
777014
105843
312522
584415
116526
872815
303957
169105
793948
182480
322616
908652
321515
786476
10499
41468
956920
50785
806449
316802
876761
306587
126599
46305
256231
407840
343717
151872
39180
111031
215493
184680
995712
766175
15850
533987
538756
824423
836518
909007
222145
841742
399967
499345
980514
904919
546370
823658
639517
532049
810289
581627
703281
36349
727888
638396
489429
356275
521954
38861
108139
959924
972349
60930
660291
937225
800924
559519
378152
437738
474290
369539
173863
917262
342029
243816
994795
901169
918702
483061
88805
862628
867233
338756
669938
125481
780919
274079
980117
860305
527429
836783
650969
809596
267169
260382
333310
904801
813693
484171
711410
129416
791463
346909
274869
144785
893508
939279
959613
160572
724894
152442
563683
122837
166635
332870
832358
815224
1445
479813
745009
384549
992253
212228
620944
327406
832515
726611
56946
426147
258510
138944
139246
623432
345867
822307
365921
26028
7348
580258
499039
823071
193957
315565
606822
694849
902070
894348
301565
774989
547330
188376
453583
327813
158194
536864
647213
527309
718520
906304
551169
532020
33514
645518
402711
531296
606250
609949
731203
220862
463762
646977
749124
774629
158744
982326
686754
770352
2069
599862
927220
448783
856622
578199
919216
847895
130006
80322
273488
267581
998345
642925
667608
997416
903269
92711
673905
431662
806664
534669
3257
935126
430243
282333
555678
770408
587749
62391
958465
413728
192729
467473
490563
248651
609587
752958
308990
346397
171458
711753
910889
682404
140260
941048
592395
577509
356674
190979
422887
503894
944877
390234
560374
189180
494749
484436
987850
961492
861090
561898
594747
930581
480412
241800
815445
919145
620661
254492
167959
515671
702329
903446
771225
40072
863516
688416
141728
829601
704118
468295
479953
247013
544989
329410
194596
435586
28013
974802
992127
507714
634829
243855
737214
388255
62388
721754
404991
904937
236051
838989
677939
217582
654767
368189
413972
737552
29264
44734
971382
370700
899846
672006
162730
300112
996860
881580
478742
324079
674327
111256
770
284638
712921
667941
114259
83903
117892
409470
780839
518877
880581
285519
163956
322471
226382
591380
528365
773901
750862
566654
526943
626933
818282
513017
980051
239543
812231
624028
895961
428288
434798
437949
620231
696617
92616
32532
565567
723582
734881
458558
321321
825085
543333
595577
130877
795091
70993
118013
206971
8536
254673
645279
292358
296362
933144
812159
270470
670822
827779
736960
756425
440922
87022
169168
503324
828344
209522
956424
582635
900092
336974
978117
89224
557145
486764
30173
367316
992680
710708
479468
866605
588168
951293
697013
266066
910805
589725
787482
489697
350607
823988
844275
905207
286437
233283
780572
648748
889025
91846
177239
560961
462691
357510
974112
272239
880168
344615
785489
401690
788437
64608
197316
723544
734595
931032
273932
264926
361806
426380
259513
299323
697310
494336
42007
195003
500491
828639
860894
688200
759224
946954
580056
515428
332451
309006
452018
858088
752929
663468
64908
844303
19703
870827
54292
843024
674486
133898
810255
886253
151414
117879
578763
577786
586087
566039
32649
285388
160406
834662
912008
750190
239752
376879
669069
364016
474224
40239
391520
159316
962282
331169
876032
11655
869880
278746
638568
579075
322808
71978
347943
716451
563530
637120
785426
904464
447890
269157
737796
390155
110026
847977
374269
479342
420783
130399
898280
192827
839136
651143
44823
772988
838405
200494
593067
149622
880519
224927
987729
255319
76348
317978
920606
189586
63925
408478
283705
728791
610887
584330
626672
656610
52638
625806
332222
945594
928566
675157
568581
85451
901746
630281
624777
586384
277244
972610
537227
638078
753287
374524
622912
85047
551986
48382
696088
668796
529795
973329
43608
91390
891014
778857
835443
863840
173046
998465
540831
935901
680514
226840
545309
850225
715802
970851
682620
502338
258097
894349
89363
541306
754220
108681
375017
168462
409050
307673
842295
39013
722427
540429
656308
351289
676824
558537
866002
958740
954320
811958
91097
753526
488097
569908
719472
326042
190146
447245
678142
411024
94320
757638
522339
153880
188736
648096
127287
381812
73618
820812
732277
602464
148865
830675
666672
166012
868198
381364
140123
376478
125264
49508
348052
724907
694290
466324
203207
757934
533806
665159
898516
712071
725576
512152
750857
975185
591289
614892
339900
777387
509181
760811
57063
363584
901105
76205
965394
203886
179685
890250
470375
672167
396627
78942
928821
48341
450544
56997
533020
684788
484176
96807
494668
914274
518781
54924
130856
106651
852537
603842
224365
224055
143290
627362
141951
977335
777525
629802
336037
696114
974243
213212
238010
251589
527931
473137
143790
520219
789644
17962
970651
60569
740296
113920
913130
785050
265761
659988
633884
145958
132776
706485
831548
454651
819503
893723
376905
750205
717405
73898
353376
801015
502588
691183
549025
892485
672253
93510
450608
364421
992290
113202
414948
871140
768388
899412
754470
287109
700321
314635
257888
547365
380759
625335
586145
783957
672317
543535
743732
268536
942500
307734
959899
611522
299245
598413
943516
37098
991894
435316
54620
108325
531799
769927
733711
237158
351750
171048
619777
672196
233574
298568
941080
887086
809089
314167
931373
229132
790719
334016
751273
797285
812460
13236
497746
376656
109756
819069
224722
309648
496918
515478
551078
757167
373065
252034
918412
291968
502726
353551
700609
578947
970036
307737
601469
164662
821215
731885
803110
570282
234625
242701
401231
792801
66168
153434
160339
520147
562900
301424
891092
186108
391751
920217
260679
214815
335891
297586
877628
380834
543366
691114
401916
412794
528317
345698
405315
111656
755065
674915
316048
926552
504248
307861
371017
169040
701927
864559
34216
570702
591151
989169
739542
297671
844334
280022
132
307235
126990
890141
685668
326158
998829
17157
470127
458921
763456
140503
343130
269584
109961
620018
231715
126050
897076
139524
219599
419856
299859
747950
934002
174782
722113
191584
730286
162746
564309
194109
238418
426350
516799
463264
376035
310902
582978
103901
204641
156641
181481
778388
780185
427853
627311
955506
666541
544643
101501
747657
574075
248915
943301
39853
687605
530620
873883
691406
233173
529697
844475
386865
611265
10892
195481
757918
666893
262147
369628
367636
785762
660880
486321
180958
232958
87193
543274
894630
630084
503613
874963
719146
241910
259187
53122
281086
754596
838123
685307
420287
879442
400183
356677
239717
241739
624362
203747
805686
436896
193196
949648
262838
807870
509449
993287
679870
171979
934965
722430
414369
578784
779298
257865
222710
610356
509809
965161
44505
168413
459460
433701
573944
464955
108423
875849
695120
622578
688203
179302
194782
716045
48444
913542
891566
335771
965885
743106
561687
748210
615590
243986
480612
88122
827769
802343
187833
47328
768638
851647
108842
51521
821316
908663
495632
385033
573160
109985
267942
587000
353030
221886
21684
761572
676034
732032
375438
49424
454505
806104
17159
251499
820282
472746
927077
197040
710566
389394
447591
458563
803856
655019
298385
147333
615154
759578
714970
921584
648820
749976
795564
96958
881774
449447
624182
405210
492559
52897
629220
729248
921680
737395
235513
58976
729954
612316
506706
620790
122426
362003
474296
769673
58941
662401
122425
239870
88944
617387
281329
886855
329603
751169
44038
848394
465198
328985
629656
807331
418852
486104
869049
203200
871367
660303
192037
928352
253417
800353
700426
494216
477578
247966
723842
943652
455557
154067
800676
776340
813732
542823
588209
301033
706690
702174
8985
339250
465637
850459
502799
131783
572583
369285
498525
656855
570224
791213
360459
419008
199948
521579
465581
355635
225402
833261
331651
402911
166376
848467
513095
230561
438791
295387
62482
342385
523630
630073
434140
242010
696641
507401
379874
332643
189740
630181
858793
956247
886667
655002
354435
918043
898106
904182
987352
106529
601290
507882
143570
721880
594424
506343
410200
517223
278962
538770
468072
508734
962744
965746
182628
903340
386009
502873
646906
986843
19230
653384
942052
112895
613535
488063
503859
910446
126381
30668
264183
401634
900013
89242
280656
871584
234831
475703
172675
395268
493693
943007
208055
369773
65573
574692
609439
318686
270070
156787
680093
325516
367741
936325
80085
808357
261864
313467
74353
499338
559836
342601
93988
486098
802280
611372
137689
194475
836526
364375
745500
904931
427015
990361
285362
367354
693869
302711
938582
413511
427445
898481
567392
20618
614082
590989
972760
815304
201970
783767
732108
149340
830475
743380
825795
901973
242391
218582
785680
23495
457593
679945
826390
471075
676238
422266
231843
963628
74832
56963
595951
529864
939230
167248
823136
228769
792150
190144
354695
862440
354874
437050
356680
814036
372718
492165
499841
462866
106080
82225
832725
272162
656310
43044
621367
766973
369593
717475
520927
902586
390003
678002
627686
266891
161009
78102
420359
591254
77279
79242
304535
324339
388564
393386
118975
306776
725443
854905
428066
674724
75107
692669
492674
260877
32373
226435
195061
447968
783160
319749
107
929634
499062
442375
107248
2048
843911
121562
373019
358940
910747
244687
582097
288917
552221
863432
274417
499596
504639
714194
822625
795782
384999
715368
826123
968781
93365
156745
492637
837703
134361
479030
508356
753333
687483
351182
252884
952202
194140
485892
36011
487959
892412
609218
332388
215595
809045
943930
320909
699617
788262
117415
858027
153399
357669
921430
917333
560647
759558
531674
202509
602146
902019
483659
438167
524349
923162
712512
772283
361173
884406
737644
740767
156124
118495
943711
603559
791869
539974
289235
457224
497275
926681
275069
102676
34021
935711
762805
662505
11555
711224
672114
602139
136012
363223
747639
328453
19301
911590
180464
92015
88713
628339
385731
615494
882439
743983
623841
262400
547492
659813
518882
159727
355551
666334
564084
98182
941019
608776
94950
717764
545811
731638
123607
180606
5346
356770
670213
157803
649519
229751
238550
947700
200126
631967
335341
232517
146330
706946
137470
775177
996021
107385
252617
245036
19544
186860
290047
88391
371857
593627
325462
569060
613889
418734
535842
447472
32887
50597
402792
105574
262986
853430
322595
908724
850270
679884
880121
152831
15434
220295
224245
57119
560579
258802
597270
812816
189143
300488
990393
861999
552197
970093
169848
897518
773429
186676
415849
552258
541294
718788
507986
871529
414595
751294
440342
93287
233951
251357
165863
567242
356404
997565
933448
743564
15591
365146
399764
264109
100001
645125
889687
235782
41789
167548
776002
69427
639942
878853
604435
38289
429269
547751
272131
780702
969872
505584
892120
838063
737318
225732
73403
105134
374331
233820
942904
808195
655088
436861
506308
735564
155640
865810
89244
80805
304655
548025
671315
195216
530213
706237
202771
622094
33462
632152
818179
569247
317043
973451
173020
348235
741879
107640
732114
655462
326730
743396
714817
219261
373651
784448
894482
949300
873118
509941
68291
159690
373354
90664
185101
883385
675659
295201
918482
874894
530711
609723
953915
1548
682952
470463
16985
419266
825474
946629
429166
426944
807586
726967
899582
381075
109666
779566
865089
96817
84701
245650
906580
800069
798683
585171
221899
247072
354929
347685
655271
519673
912809
93284
122407
258335
687686
597291
656759
670310
172088
129461
915191
681864
624160
244666
791743
18399
150404
657107
932580
175659
416174
251217
982564
601616
97396
257845
407732
154008
154609
606969
732307
67043
674374
995425
606764
244971
171925
302967
828514
42752
190328
79149
335570
438246
793822
759838
832582
467845
91320
355406
744538
530657
457590
470457
293
774665
845533
443329
135486
540996
760482
123995
973900
520683
769796
518963
58577
804990
198669
407363
396828
296964
406580
520270
953932
655359
827365
779139
103476
19271
467063
95799
842421
827913
181683
414243
443467
420673
966814
799511
643837
712754
321633
973698
825150
204561
142891
344470
389310
933120
943948
476837
31550
634657
542884
53294
525089
528312
320867
486638
456923
301295
3818
802415
346575
534815
101850
380269
152982
810207
931438
64887
18847
969414
824735
837395
167042
42180
242287
875987
808675
712425
619187
497456
50774
986237
61804
458240
968919
390972
284728
63018
437404
996578
347591
343487
890548
54031
506898
839783
739155
722014
837528
802656
327893
163230
670850
109433
912405
868536
339017
203967
918126
421263
132350
198948
948039
786109
491898
665632
105952
489266
235916
964853
136723
209969
906510
549171
180556
848474
81273
935742
625415
181971
750838
113110
105528
227607
417774
771698
224052
758063
359620
920127
229368
965493
481130
194284
319474
10372
15292
728488
401139
251136
777297
120331
293253
553147
696469
868837
772827
418386
591301
876017
240201
171414
125501
236837
859938
846213
495901
406540
949363
352611
953419
369330
502267
381495
866632
987006
468167
571493
390755
732958
238224
213658
890988
452360
820034
286489
951405
573351
902235
608326
995229
642430
630213
917271
926859
226806
168283
568015
263723
949427
707039
67553
707880
399344
802548
331207
961781
379442
507903
4518
239735
50208
818522
346787
415843
384354
906532
810463
384756
540585
201267
712015
534019
589133
683163
817173
640042
123643
306551
503592
947829
942215
741316
531547
942843
496939
149850
626264
287107
198544
39332
951689
538369
959938
81912
853241
95957
155989
54889
380933
927887
541236
433476
615332
891684
295761
103956
165052
853039
437307
800190
344492
212127
669364
304131
415380
413849
993332
461422
637115
575669
581559
986507
657645
308360
181674
861081
967776
375429
461980
41952
206902
174239
461804
428162
674490
412070
145908
343872
995667
790253
371035
823975
804577
276812
251280
909405
810144
143913
991822
71735
767110
548527
436890
741585
884932
340137
81135
1170
150916
531598
794399
976458
47227
75786
343407
766759
271489
650191
892095
527762
39690
441588
837409
760765
246183
977930
329970
333463
192815
43004
238922
963575
836
16154
105079
487404
254747
171426
120354
963144
489642
621809
972812
265514
705629
6048
848208
252711
418400
629113
596324
334809
184663
232544
678796
516025
739927
529854
186273
461963
691274
261099
398840
477372
511031
233718
555128
720526
12974
789144
26011
761017
102180
668214
276581
977696
863126
86354
480015
599517
754389
463574
862501
628279
292378
66745
259739
328379
70720
859250
319572
765744
925072
551907
580422
489992
933263
120031
794260
198366
640437
132684
827171
949741
840460
345584
215014
453066
67318
939912
686688
581365
263143
129858
867990
535709
964456
361596
770900
919891
640779
447919
852578
604182
227504
195952
652291
876026
234846
557257
129158
782288
865480
338499
345234
453834
475149
104196
708897
555697
924327
128041
794949
491255
43547
874829
378266
540668
977794
347876
388357
430038
923858
804112
601580
593232
314153
391810
841433
291801
593490
24294
222512
577177
75967
996066
335443
944027
594263
286708
648332
490615
404883
15509
76310
500634
432723
560628
293935
593957
850144
954347
479874
86372
681370
637675
873817
596584
562972
273926
289257
38236
958854
603033
26039
520174
81810
145331
999891
118789
385650
251093
677790
679929
967660
732137
358942
67885
85547
687447
839136
8187
75199
603297
961505
678342
616470
417548
963396
72377
38029
804804
429951
529385
55130
675257
519987
96601
846635
832670
800334
884035
988646
281557
712674
404081
301715
830090
381161
677453
783938
28404
964344
23751
97399
194898
607189
218089
720210
888370
302050
708929
749149
843627
80990
39802
357476
512644
262397
404756
694436
540529
211733
728507
629249
942574
455725
793472
467655
971324
484602
665254
206813
457854
56225
717616
783394
47546
404823
506577
845803
416779
337103
215464
402743
165937
994862
514431
542341
240121
878385
566272
472008
333392
464229
678254
385019
624253
195617
74968
865782
959609
639417
396580
777006
846121
951617
400626
663178
450023
299563
933827
721686
761619
274140
557250
758190
963873
475730
646571
666674
710277
458442
768315
80147
270847
114643
76132
790431
284362
647321
46045
986477
756752
651429
910331
215707
338551
925592
481565
440867
769360
903319
806491
117384
156430
755342
945112
848671
359597
499382
736330
457172
305665
474507
62553
885526
471776
552357
196391
76488
587965
405103
522044
655532
34126
267690
548263
190597
336521
431920
425711
297844
759991
269020
503069
588146
195059
254517
376368
237014
924098
621912
586863
322488
489228
628293
338581
627417
36777
206146
852408
905977
147651
522943
845639
31923
691764
917387
181062
759176
864243
816375
692040
833627
882155
660876
657514
278319
732861
593173
770393
612280
521772
400421
791308
110238
763464
717066
673900
663450
99817
259549
254319
854237
418207
769872
528362
128323
482022
639343
987721
50562
581757
223055
603515
435402
264235
922377
176247
583935
157651
222609
889355
456429
749724
81831
726716
948754
170207
180243
766906
704379
896472
596299
905687
935798
230675
902508
737145
694174
887431
897192
593963
145210
521145
520501
31562
422717
63590
14073
670855
668348
520724
951589
264698
461727
605109
335242
386847
826867
740785
522028
357395
665684
162910
660023
216038
153838
375848
878463
285718
988076
698757
449526
255505
454557
743043
747855
198638
244254
466239
440684
486594
774065
730215
478179
195148
855354
679259
89106
378238
877832
596690
629413
948319
879764
689575
786021
830511
621416
162439
370985
553573
353638
525458
926099
483454
141560
120297
114902
525059
413731
633918
502329
639714
902931
156663
601728
160919
645702
439276
63835
664847
313241
181417
223202
105932
867288
238592
285010
748294
257796
451545
3076
916088
642795
456792
742231
714657
662931
393853
804231
90509
807824
176199
903458
196532
125470
334579
899577
296565
331771
280175
689820
190333
727394
202415
836382
143592
733688
346870
851863
891626
72394
924765
151949
172997
217459
274520
218828
585237
216856
415341
480101
866977
515398
479172
968634
84356
62710
839404
565163
578246
377124
194363
854735
267876
995064
775535
410977
381889
698571
770217
352594
377639
358998
592135
278755
946420
695051
867211
468225
580183
179427
868834
277027
460342
402764
856934
577698
586674
85805
663299
846957
17919
52103
112359
542992
936675
707291
227846
695057
31373
133802
926531
276286
337994
21111
845724
858433
691967
762533
395359
451060
615282
255128
935153
190396
220030
260800
612346
922649
48248
404382
355711
592946
809027
140548
769232
900546
499529
512255
308590
725955
117454
643247
864013
231995
418200
21046
331054
92061
145880
193360
769782
67460
177825
500625
130720
548868
694404
586424
195334
544159
199584
945898
711402
810177
410460
821733
194074
919933
620637
211071
627810
48350
223918
341793
732206
564385
573377
271188
708280
692862
311095
272820
648401
122880
498267
897072
629565
728847
629027
125856
193170
723016
335831
196823
142699
677441
365886
806522
143002
601032
460181
117720
179896
905191
946081
473540
910174
986022
926109
957985
372643
899491
39268
401671
590377
496510
971212
712812
192875
644768
372948
696279
607251
880822
520808
254126
172352
702637
599179
480671
369238
157794
394021
158252
906626
738015
186234
414176
130621
739889
632794
859798
85240
209507
464105
13955
564909
175411
326716
863228
348573
264276
664574
462987
2416
794694
360744
698356
455537
804075
945473
589197
643293
622498
887470
925144
784464
669700
254115
52760
560727
424895
868512
200725
938181
295681
203717
453804
654667
464582
106643
789027
821419
650763
977057
540936
533390
547060
14569
921503
784780
418054
953319
559126
426933
656891
695186
241909
95260
247899
949784
748431
220893
993369
719524
479621
986961
901429
982369
298152
916781
261063
107891
300691
109596
134705
474009
291429
584677
747433
959233
18361
751234
955823
660940
23249
412950
669604
762918
242957
975131
913464
950660
762642
909381
402155
21836
553827
539271
374342
854418
466351
953381
77354
600870
909266
878790
404265
173716
870116
888310
211479
354989
408024
837093
430295
98233
641904
32487
439076
371237
175846
616072
733759
878512
834448
344339
522959
306522
944792
333486
290524
321960
818055
781403
877681
148191
558459
367907
464568
960086
318411
901755
925738
303645
62274
789819
896323
45378
116051
506962
738420
62453
97334
919494
788093
641737
13808
913752
685849
271651
65872
26687
134909
819362
511564
877528
759100
450913
59134
733452
718230
538829
653283
319867
820886
631501
643219
570342
23380
805095
251685
511965
490334
974933
564548
903939
760605
741187
394148
123044
495156
76870
3832
744032
640768
612139
117767
137509
276807
273263
962556
825798
25953
245487
395439
465724
40540
211981
922167
695196
565298
113746
256948
588765
996708
668344
11157
19112
361485
368247
349585
740750
613295
946073
998896
957798
207757
261738
829387
982824
650690
568044
171602
810471
269462
263090
192180
291733
58536
611924
950181
325779
646930
853302
187552
42380
950179
25124
716855
297305
798630
378296
367171
534218
633372
184836
336426
493047
29748
455406
541658
575354
909186
988529
717846
586913
789367
554984
649615
899796
640089
101381
119503
92089
252263
31052
869123
448522
62824
321061
999765
472154
995159
411054
36900
227462
834230
347442
721848
293113
967104
333691
26236
488586
616175
76045
338061
812730
516542
950881
681674
405749
941938
116641
855825
597474
75924
757977
324203
484662
519423
476067
490435
528752
266772
413946
627791
179074
29454
984590
9468
609687
374948
947162
733290
135629
628284
645396
715304
831556
480531
213222
413341
492637
982366
209644
805319
103474
906669
622722
475775
719223
653894
652648
906892
5620
757534
507540
715105
110659
968966
633626
768444
684068
158331
479406
191121
282313
131230
491252
91977
717228
738925
442632
24186
816749
753442
982781
176203
241074
860464
658882
95678
937767
655989
878113
207695
273782
176306
367851
746224
931665
169407
527614
787282
146388
94610
253196
793385
309721
287152
868688
784287
974892
544345
613818
993467
177037
935194
272845
233290
146828
228222
314835
403555
652155
98169
261347
847314
381731
249717
174252
655288
58719
870720
882989
627930
37685
825041
163752
54168
966472
238079
140525
920463
23180
164503
399641
423216
432984
426388
578813
253500
576315
126204
319284
893457
244387
38751
120050
236608
79626
219312
131050
759891
21014
928915
536109
36412
315731
390229
813602
765536
700595
535746
667536
668082
436297
537024
654894
519039
19600
407836
110221
246176
183961
748176
926811
954976
852708
960549
243395
733425
82592
86823
661303
573231
419261
494916
496799
349216
465284
778844
150772
336143
312397
603013
593773
47164
515141
311713
529057
269198
920968
352621
481938
619240
639655
969193
871142
973595
735613
537437
292930
829728
805558
558177
956832
902108
403061
110995
391671
851583
216375
21051
226312
240538
936593
890341
452045
416850
78750
760603
245858
645620
555915
361884
858536
57318
283201
11725
138674
189313
244348
653535
810148
859061
109130
528136
452581
841202
693929
137819
526915
266601
40755
569567
721180
736777
693933
471598
701086
480712
578050
255883
502624
352775
211049
774291
439408
661578
892536
730682
603407
73925
584363
44325
22916
626643
460983
297891
828801
511071
767880
8473
690927
306334
423037
356976
356675
656396
701677
76069
560297
120248
883179
66882
812934
723184
195473
915415
526077
903750
828231
506282
75143
733347
158124
444924
781246
81018
474893
947942
522689
822268
750849
394015
709456
68657
889623
756839
903979
578463
846601
531974
316421
638497
623142
552376
165459
285748
922685
121222
213721
330483
682202
420990
465876
446844
430478
113644
592405
818586
888163
49132
770272
635268
450260
351946
892726
346019
67849
545358
593804
947169
394155
560015
824315
563245
650846
57643
464089
814574
660562
454870
615643
76766
416602
807861
392553
580897
82850
791270
249584
223100
1446
836117
585271
700548
490649
383052
642799
543927
113269
57476
595084
172992
426487
249351
326365
671074
668690
258578
348850
109351
524194
773824
882076
688044
547266
976999
518941
748866
860724
522633
412551
295421
713153
64507
419176
366491
517137
68853
313608
205180
861531
644770
706028
567880
596315
412211
228148
439572
628027
47708
385260
13802
150147
769912
795111
526170
907900
848039
602193
571681
209473
339362
337669
196211
88136
908953
131375
248643
99094
884574
882270
859637
306533
483680
882176
513263
833729
140748
627866
598323
217492
637302
100599
687862
71280
739393
898905
572706
337890
391181
822678
657942
980158
308643
564268
26313
237812
973071
576719
390673
550661
263098
378821
25213
271182
561160
116875
213816
420811
731285
254002
213465
963523
292919
57199
313570
41811
948252
889776
110332
58380
276562
585852
591502
966652
848646
317638
112800
89396
282959
458358
484938
329777
353420
568072
542465
432311
928978
602063
895390
590706
589501
684953
451100
882969
85675
100167
508048
511576
213037
337635
428702
892623
984189
808397
45463
342533
778168
818858
413216
394482
434221
611761
338167
505317
391959
590965
354615
249698
153115
623158
868649
722098
86493
55564
746840
206448
746890
499846
645576
839444
968081
611010
951402
904056
272986
571815
963854
212087
212951
517167
360611
174775
660193
133677
515984
47901
987184
775358
744205
506181
572024
34790
869367
845491
349223
191689
30785
121908
964668
89430
49812
647849
728023
112932
167737
258159
254931
520323
755381
9434
903690
242903
411586
486250
449459
841861
958943
606264
668201
154315
94149
872208
8820
423934
100542
937590
496258
885768
509629
265189
677358
276839
760914
233712
471158
157328
921885
814758
740228
93416
581004
908270
195689
373230
113148
329323
4708
295663
689004
235281
994354
48805
679172
71001
968419
530152
502665
937921
685192
322971
758168
608707
794124
132650
840675
786656
678690
637619
672976
505158
73806
648110
841227
879418
747774
53750
787353
362262
166952
351378
536170
890361
446357
307992
114138
172032
206061
160245
915103
495533
472095
691297
391341
130695
464104
957722
209610
865477
32880
555854
747157
213455
463461
178444
117212
214643
173944
646367
725028
452788
155981
687995
251708
272291
322418
113205
164454
837935
349990
8735
317653
545362
253517
300859
478955
407859
25373
832870
315763
40165
981328
554418
352052
913152
875040
243533
143093
520576
720131
861914
842511
302622
792453
872516
228833
515365
314326
102177
548469
784921
227634
489083
489837
62546
787595
803333
454655
46594
862664
833739
103332
653536
759818
735582
620826
54510
152207
305183
633068
589043
746992
135191
91182
984387
593623
391453
149275
182471
776091
204518
529908
729275
696617
712834
15375
333078
199766
541845
946300
845481
173715
209070
973
510963
772744
705044
88762
191079
84761
824023
842242
229326
748990
771340
579920
413509
596115
96275
182935
333787
289635
755859
802827
406209
806976
558252
840937
32305
601338
179086
529522
84558
523401
941261
936628
284933
453264
496348
543244
351216
842715
207176
953374
919152
884337
795735
33171
201596
59928
932906
426980
50221
102059
888973
40109
159438
800788
487807
223292
536242
133247
291850
97292
460208
713485
577903
117636
654703
823379
542136
416023
631502
71553
312172
320452
24391
630506
352401
786977
676679
544340
799177
977167
577381
64573
415102
862365
184853
139866
332595
479304
497593
370143
267862
764114
975645
805947
558420
967317
115065
653868
571794
592115
970412
679992
880415
972914
869860
438237
602704
573535
301314
456025
857537
549477
726528
237136
297565
878740
839828
793331
287693
610062
21961
518284
789679
957373
782138
249495
526273
48985
278112
677169
125505
782524
412406
857378
701498
639883
533419
200437
107348
26918
139718
988231
705161
916444
663301
807315
120137
347804
840213
639414
34932
654912
453009
37798
350481
102677
661671
707714
905635
242059
678261
212830
780513
55715
924461
389247
772849
534625
26050
871354
236578
975035
749925
963285
822642
489787
733215
797074
401344
666316
328904
694750
182572
514212
975468
581270
480583
149997
62619
641886
43239
553420
618221
823622
348455
911424
550525
824319
631567
185764
447397
777927
81719
823597
860208
538735
928524
562999
723668
19807
20827
306323
272066
533738
8702
912510
201249
441908
201088
80258
542132
763592
866384
504354
559714
286778
563597
622411
431623
757481
406590
601773
480605
861850
483540
131209
807482
334181
58382
932806
566212
484697
567015
310047
610446
518082
556465
360563
824322
945449
28973
358092
244333
58501
162869
493574
259690
918249
428737
162325
282468
864366
74252
681189
54924
938106
765201
614832
862026
293256
764403
874292
69203
295264
22810
49052
214443
48168
972931
956344
638205
217304
999244
36397
739025
322995
837698
940063
144125
768447
864145
721330
809821
621110
931071
806685
99814
596132
347530
780178
945356
430387
50909
910105
954936
299058
745231
381705
134133
519467
292184
726324
537898
729938
243049
299489
843023
657920
321986
282459
873593
576742
798309
946940
231603
607981
863734
973744
557004
230722
89394
687933
756813
287829
786010
40463
633939
244099
388338
712434
596303
15734
426984
995304
345773
204678
201910
904366
405501
584050
312372
431082
788980
594500
392997
294344
304222
313521
711224
872802
337258
484760
332576
626898
116119
128810
629513
742654
694550
533888
317906
69483
909558
193016
468521
872835
438370
716676
948519
723451
539521
544643
278473
539140
316921
80340
779553
357560
945373
737994
339959
472770
302000
214008
258057
50171
66057
76706
393221
161039
723598
866985
59774
30788
93307
965161
622341
975064
416046
741547
253204
428377
190694
789570
963885
572285
568651
472728
252358
332956
562112
80168
589075
774319
669376
454758
373666
485922
540029
694949
59577
716297
916176
390640
809400
360555
554690
445096
487942
47633
286872
524818
813518
750033
186696
406167
960207
395997
616463
638091
219401
714845
553554
562796
949990
893649
552229
756267
269137
986263
979915
488396
736685
449201
390806
807257
207555
40815
616362
500157
641591
376511
925290
49774
572065
799472
756488
136214
422487
721152
788114
579319
471605
392984
504682
977887
418993
616177
136683
336859
963725
871960
510017
734600
479111
369452
306387
643554
301611
383746
255771
505530
211857
19876
52733
446047
824830
850489
572110
802691
84772
430430
503158
305090
187834
135420
998535
402234
584255
10276
786
339119
450805
573055
182782
680696
543887
389115
274517
327827
491149
549683
612340
727483
178952
597864
884862
791175
973704
631141
58857
199416
449559
219609
17074
827101
216054
136344
562961
343600
850025
623365
220922
100821
142848
402822
188289
962142
667717
144890
648328
986036
210012
108417
576922
731733
63378
205202
741852
455315
631535
10854
151162
951704
109828
788272
588554
66305
576536
377623
508562
329578
157954
516752
636144
326337
469
794045
815795
927315
373459
929345
746740
840200
174558
383982
674570
322984
608684
883714
446549
20651
651261
676601
461184
534620
166477
958067
473295
939222
705163
814078
827374
539713
186045
230626
245854
452523
632880
764205
362844
582005
168146
614329
398962
126749
607
346989
803080
462012
626131
72739
870703
4419
721943
511072
964184
956870
887766
795774
734400
605670
778763
852679
35402
255184
122509
460066
283184
865916
100744
499905
978800
23810
628642
50850
691774
287332
36713
317456
230822
141468
521563
759435
482746
47266
304001
51083
499216
362068
791233
47344
471694
958210
353948
222805
559152
59038
26546
360484
967592
982609
689053
142897
695118
535148
93216
152978
217513
349022
225207
190365
949215
197897
236491
968880
1221
420414
708565
568482
197638
98475
469833
664218
515207
53894
667828
744437
363800
181312
768706
979582
163294
100898
641430
106135
723535
151835
566803
171282
481289
64058
979384
547721
319066
913853
394015
389681
98445
46598
704502
146884
996493
221032
86033
483834
471772
724752
787586
968411
815697
27324
273892
527018
762990
977650
894225
75555
375582
763603
964700
878469
250847
242272
342736
762106
480136
654936
914287
151731
643424
407354
572082
913389
154401
512886
462865
112097
609490
977251
415578
344026
651674
223353
752800
66759
545718
28115
314080
454617
546539
158085
458247
43433
985323
310098
996644
797230
283275
475663
335038
732829
940802
644989
991353
136716
4247
76816
191653
149732
518696
531666
30863
103756
242486
142760
751665
177553
444891
137175
851334
85457
94968
134654
330696
545225
871107
89720
134975
232053
614155
499680
645435
247603
358773
941427
827449
433671
872045
299808
292648
619987
544893
763913
663743
480971
554971
982464
149191
573443
733818
900425
339840
512531
666626
44331
696431
741675
327809
58385
285230
861932
942808
417250
900596
648204
902018
401535
952233
391507
638980
688990
189353
39897
740076
458829
285005
899618
107884
482563
293925
833945
160642
621735
251333
874044
527853
333331
419910
642720
95697
219411
938530
853541
24647
493427
869620
783771
966415
612532
289019
573870
746495
292973
360046
284474
524174
540135
296171
796882
509312
930203
393158
717841
163545
9125
486591
750518
99436
703927
497422
101865
372398
154310
431874
15044
254587
427243
941895
530557
61651
313194
182907
960580
223677
152152
946643
616585
503575
180485
228547
653053
552287
895333
644341
897028
603617
846531
801309
397045
762036
713323
377249
412247
194096
593706
368826
973437
327483
919891
97768
91625
364
72243
817436
428345
828698
746130
593095
793549
559572
438746
578070
314412
672920
817997
271323
742938
252639
604414
713477
366438
81645
864711
779005
873017
909727
453928
546923
223590
583348
396224
267943
870103
311640
387300
295795
13472
950177
513034
164395
123514
663705
834638
517189
354392
384199
226054
613746
129717
608208
275407
306899
753403
400800
656848
420098
560418
268037
327060
96066
820261
796751
293121
232991
222376
720847
280915
544340
317155
205107
327935
455964
932492
79934
676437
707398
185628
501288
793666
907320
260808
122149
525327
49029
643927
814312
61897
631234
158605
756667
927189
209640
359489
500886
149230
5000
490691
606750
315074
958071
711148
142604
11851
809726
461272
464834
932335
7453
862963
566408
454789
279759
498627
974428
424419
95518
294157
575712
677919
605334
670552
176060
40615
789461
181622
257065
227793
283752
256969
773930
441878
883017
874826
599373
508265
886011
653467
879582
141180
463330
406766
262067
652355
19955
409513
81201
867218
140275
655088
407656
266864
206009
931539
19648
910794
975802
936806
979803
824098
609182
718930
844429
960400
414337
509957
399890
828739
285467
836131
778063
14990
120557
669502
295638
975666
555615
141593
536218
102262
484163
992488
655346
533327
83685
577430
207406
580146
188748
70193
749215
566795
742104
625282
168036
270605
134196
68367
510094
610641
745475
104582
933775
537302
999244
689924
54950
379099
729229
97140
786032
257340
550206
7719
676160
214393
544729
504297
869731
56775
116327
183409
470321
966662
266397
494294
878739
563601
369286
957490
753436
716504
753600
293791
409992
77427
425739
6552
967062
372242
114814
729760
183974
930618
498875
939321
585844
767850
589869
325990
440664
220665
418349
911489
97849
429869
71141
767353
400006
31112
605506
6630
440410
378194
176142
564286
889777
405192
503791
877597
571643
213168
865385
428793
461602
362987
999007
140714
112262
677497
761112
96877
845886
771644
942160
74291
850183
330469
429637
737787
168096
969548
899170
257998
536144
371907
208683
410211
196353
349998
563376
549603
480104
651696
577252
373047
372623
952365
570334
634537
219319
986631
672341
965976
912243
185554
961638
508465
387257
48210
158333
149974
84803
770626
931387
396838
624432
234286
766881
608807
166723
341293
73303
609126
797784
232761
233432
291535
743848
164078
519848
168248
732178
717280
406566
359085
948433
968489
316483
212855
561579
619469
389588
238388
367710
955594
286280
381076
771433
787371
177836
817620
712008
331968
686407
58154
570109
995125
121778
725291
131750
786187
542449
295508
983282
485090
353167
368180
426757
192888
971777
808629
213163
273877
690902
790410
752338
441767
970259
919185
608740
893442
232487
902929
660491
344889
957216
488995
283907
899572
254605
744740
650618
147125
768405
215252
159973
478017
450540
644724
359389
352982
27339
190346
822268
790583
312988
403783
948449
160939
675205
151991
921566
412216
845794
906772
4903
344794
285838
693371
859253
659348
578595
268679
351850
535565
892808
881503
469126
790275
855775
872539
147820
1780
510361
692162
518620
617845
160730
91518
871380
947986
869560
21001
919744
479075
818773
181309
370318
175924
238814
804989
385939
568795
380682
189225
667359
303418
254896
282477
936335
804579
957115
689234
518579
625676
821173
213992
729777
212007
194600
593590
565402
840551
383318
218760
877607
149357
751710
713389
741194
654681
625040
529970
863900
418904
396214
782039
483701
317153
540273
41710
979920
806903
7992
262980
969564
161207
376425
354856
48347
987521
35711
72836
435446
66222
970425
663646
340660
764583
96891
728280
248934
924369
632359
636227
293840
562718
433914
773413
111029
333170
562349
200498
395605
975695
226096
561705
412710
457055
301859
513595
942885
984171
404492
862541
943244
930849
922362
850284
881538
68449
532053
715061
812326
438970
289845
697043
410382
598815
431248
338672
810318
479504
871412
899069
825747
837376
632167
925430
256131
648121
503887
486095
196312
48792
845540
487721
861680
4371
109
862153
722713
980258
919733
837741
459570
426857
304917
994582
529827
282750
579080
677957
227443
286717
164376
960930
704314
316732
417403
176376
685605
499120
655184
785000
356033
715915
837581
108213
656582
23683
555529
115422
635850
884520
946550
298642
999860
36327
603267
379369
248949
879167
15426
807373
743734
893558
61376
696059
814569
351566
260379
796632
828883
105642
720747
906696
521006
573216
161145
958224
894848
903381
890938
609483
259131
558921
235701
681263
771420
720379
388621
832935
122241
73040
519193
357513
259963
265475
116248
330566
85061
875685
432137
84592
752037
753509
202157
34276
528089
201056
526527
153586
893464
807506
541815
310322
549441
506378
29071
315233
122880
978141
583893
186440
964612
72802
655783
874914
710491
85289
7152
699360
709198
820522
711042
622011
708459
722317
90317
411203
333121
175667
367707
243025
57815
418878
125828
724585
631978
348117
928543
396037
615895
296233
820898
279071
348461
755664
336092
441167
931945
12245
257341
316318
372021
692654
715780
773458
20736
949774
61050
60262
978573
403066
221480
531308
512159
594428
356396
473378
355779
331929
918657
962894
581286
676123
301794
375215
148082
991222
426545
154805
711018
399884
414320
869782
223672
294291
131314
295784
48273
373464
880534
746683
250924
837681
430905
498350
218015
193540
128238
848477
218690
370012
928795
891685
466012
144324
751321
390661
868612
795720
975288
626243
658480
449421
333647
763285
148881
909447
126514
869938
730642
378912
208923
332108
920498
664010
856253
34651
565146
690142
535379
486071
46534
97606
537015
981553
817648
213555
234785
865095
328797
705107
977138
695876
948058
164509
947860
239304
129325
466948
808627
862822
117076
878291
418667
273827
530659
62016
190014
705232
79323
985812
489306
74619
267551
245603
685377
204096
997651
77475
586297
439842
779868
143715
319237
729276
164385
432867
445306
356864
770629
939208
202589
69042
108811
65627
947804
794032
925051
579956
652293
507559
172180
84398
795187
645929
695061
540563
181242
873402
854492
74224
96673
121666
260474
682875
54984
99837
465955
159913
7886
343458
479094
208672
807146
971359
212244
641097
986975
297333
879054
845620
313706
265121
985655
767268
252928
897723
407134
660783
274394
972453
432023
764513
209645
356141
531913
25858
21379
661840
861830
764501
216908
413149
628760
503875
42289
455312
456934
200833
228022
297431
585027
130027
208032
845516
603911
806075
125607
23477
146104
336529
338526
811677
761354
233580
206256
87118
386300
506813
336984
180413
170097
294837
300730
34147
663065
175070
875804
554307
75380
363623
978327
588392
466165
503827
209009
267156
622991
537432
717327
803279
149887
142894
953397
133482
237727
432715
276641
582371
565307
197471
789954
420488
60662
525884
591620
474848
964619
591776
100154
827154
280427
818088
724479
550878
906148
464628
135600
751409
956942
811530
32095
581800
954631
871982
727332
771845
460056
799740
392767
659510
304488
437321
212329
956433
900634
935958
19136
301088
249070
489378
319589
64244
613362
394679
888814
11955
987281
312648
464481
447653
978097
146955
388970
492946
637900
338807
225508
666082
929851
256043
975582
968511
4773
327019
741509
583970
263196
617104
571087
621410
921502
438640
188122
327815
89581
478195
840215
36331
914924
811413
179625
162898
692592
26482
394713
290375
103121
590825
42292
626380
881231
197928
789356
971536
446716
982030
758403
970474
578964
10269
37695
260874
168705
51431
977404
983852
254325
903875
692656
590526
541089
608757
205701
660698
960137
567816
723377
849492
208676
370905
65295
554752
381810
776546
623314
18611
853510
796646
867266
120812
85458
292577
812810
238519
753248
950829
27822
135748
660322
462098
205982
275233
484584
517866
535880
280798
629836
263711
385377
782135
346229
412553
922684
561115
381352
945545
959263
891494
419533
835232
733735
161531
624153
886310
143373
162351
703336
853342
439615
741904
177330
159523
494279
162174
22842
965276
15458
170410
153809
390664
736432
940734
147441
33691
889948
193729
29091
440006
557810
280864
240541
101682
198095
734873
792522
199729
805876
812330
572483
501782
207658
799303
139430
519510
848378
750817
561691
365406
491734
969489
331831
401943
714370
491195
28560
485451
705013
225125
976475
767649
309052
14181
730871
888849
798623
332966
631325
900024
190357
115211
231716
154535
668649
620542
163023
427470
443739
275426
611976
534306
634097
179091
87153
123719
686790
187170
484123
356214
189579
35413
167213
917501
132234
715218
755065
985875
33441
32931
920465
682501
868859
772761
910762
129186
209124
303880
75796
215074
702896
33862
733616
362633
749175
781306
874740
956941
653237
511724
216012
223130
362055
664704
236626
614972
730173
664345
194422
509056
714108
618844
778843
528246
103219
235832
303020
718966
492170
278782
189265
486872
118438
171575
609253
205778
164439
565438
991224
343312
857335
957019
579040
350747
121569
788654
764864
411464
460976
178649
802310
531054
713866
772052
888217
461656
637999
696038
857216
75659
235240
394337
754351
493590
964312
321362
374370
743216
249787
299941
710243
240096
344363
318459
240802
280082
886129
740881
953574
998658
179090
522037
521237
30109
17470
574256
376345
750342
209457
826960
867695
571538
606008
218460
635570
78918
820354
963512
279829
411151
293057
253960
666467
319018
241199
220047
271871
266920
535759
671208
944727
8471
667270
558575
327042
248121
887413
180278
199971
232781
227457
662337
863745
625347
851519
489007
530261
465736
862115
104596
533160
632918
564776
319975
338830
583565
284767
457229
316726
675342
689482
25116
931111
421330
615382
787970
969649
312356
370338
747997
502496
831825
819202
390178
517506
855277
285903
542103
207421
383620
38634
690078
202553
583361
892155
484489
86306
712962
291194
500229
538993
459093
997586
68260
836239
560289
510600
414889
338665
245277
235808
935828
448870
429647
636801
809716
277846
994399
124955
29531
151347
920714
457329
131860
716138
66639
861307
76561
633731
187264
848002
809761
242442
218897
742987
572914
427047
936360
154637
547667
203690
812829
492452
500278
658697
788275
411252
765967
639959
424789
105338
417424
765079
781719
547036
127383
929683
706087
407545
332294
541561
532027
114659
100219
316393
142508
103342
344482
135035
805239
758738
984031
259930
986297
934346
292601
925203
437187
449251
107414
9531
292817
487516
575011
400580
291705
612644
174906
596716
622087
739191
224489
483180
482589
973609
377864
379002
246705
959920
416260
832576
855247
57531
280556
530405
987572
249101
352320
3802
898669
866340
546464
488003
945454
561794
709996
136568
482694
638187
185168
77464
150117
35233
411491
537964
745843
256505
51188
675628
401872
619927
999976
499848
280989
398885
920883
3780
180838
759314
658095
597384
76067
521399
593861
976289
419925
21504
968790
285603
732352
521908
302424
676398
820758
834115
404455
393697
153191
661959
970276
269294
271087
811758
760114
135992
117165
621806
617187
293046
156828
445738
427065
785897
311575
238426
374366
920373
822453
512744
191452
964475
22510
88376
426528
710702
884694
763820
780058
271515
612751
515746
490744
976123
664474
906170
311827
704572
849001
880678
988104
124453
599672
507544
986278
751736
333832
74582
891512
814476
726206
949994
761375
222484
201529
401001
713418
603160
231858
262054
848779
278641
160315
890567
920202
865585
633444
399821
775524
482535
533345
640604
287159
650574
339360
551291
536947
908631
861708
299743
906296
202693
390924
707312
648635
384966
747757
331907
13000
517953
370635
203409
660739
544122
953765
880662
168824
319692
726284
719854
404085
739260
825237
841321
904378
548245
244531
488559
741069
385673
574893
840763
991481
959298
742374
757040
457048
246974
491530
142990
616999
439716
112198
794465
650066
767450
721730
454181
210807
631331
612081
356001
71994
575798
526996
254972
457267
693570
14722
262804
306317
868335
285268
983080
507159
752882
198664
448662
960722
728268
868561
400381
687343
892528
141717
666229
612568
81207
434842
79294
59299
172197
303451
41810
370488
523284
819581
365711
212986
306033
957482
90123
410473
893248
228375
324705
335042
39262
571797
328180
989775
942016
15714
299983
471264
773826
213022
129279
558585
90791
408180
301109
72106
600099
930118
822147
229868
772980
861845
257306
501340
114298
311950
936909
322227
183007
427539
801126
120369
455639
634468
359661
685183
473290
93762
562190
460028
272121
980766
116205
972968
263359
629084
928531
726099
935828
954935
456507
960844
603587
297078
987439
114484
536613
906809
624824
67188
798285
409354
82162
819540
276050
4708
686658
369075
139913
712558
374610
613637
674669
520481
44091
405230
283524
773916
188953
257077
37476
977280
664130
194937
917663
916611
528290
21541
621403
61244
193620
271469
282966
823480
957306
786297
938051
637154
897534
521943
402689
678127
965815
310316
206164
882705
958465
515283
423700
134666
53708
452899
766568
73770
20426
577001
533894
783558
655422
537521
646599
61678
801676
846118
282513
351008
459378
470489
243031
392941
106017
383682
151378
704889
192351
59267
829856
875421
219545
237786
287307
974992
542716
1023
94393
568564
211096
556284
116908
952623
982442
99112
889203
622452
301051
21306
377741
481533
688609
931988
534723
908720
23614
644342
993710
876995
16015
696242
134025
669506
386091
396434
985866
222084
733504
173348
652637
919212
352738
644011
241713
950472
281188
379473
491459
500909
699664
357456
592985
710228
256650
218098
546896
710801
205541
397523
290039
687757
797993
768031
355016
254825
572107
318453
406218
484407
698997
678285
179886
713878
566669
383372
720287
269282
141639
609385
301934
544808
508251
222825
339966
277088
744158
258382
782190
257091
960303
956895
278630
418096
712609
745435
130200
822153
43421
935338
725865
223688
209307
38386
501464
76421
793528
309719
793117
618364
929958
190541
725745
432840
762029
889689
343905
553291
957667
316059
171386
177544
127649
782150
779678
586239
140762
834257
472618
202389
369968
331929
55168
549077
806378
824291
928840
392757
290661
354170
605399
379851
60740
698494
709861
387652
223113
304546
814298
417049
446376
529679
817523
418947
953117
295190
507667
56311
348795
849682
903563
181255
188446
183963
491932
466043
740435
859594
233352
301114
867980
824177
509315
949774
557789
242144
330553
120978
167455
180661
494539
973897
989208
328638
105253
621974
74825
306740
503448
736040
850617
303736
574241
857789
315620
107538
470928
838316
304689
269364
987266
359866
738940
978353
763640
614684
754679
523914
265195
235251
268151
944336
103177
700282
298953
57846
4030
316383
74585
779794
719250
867938
891053
195502
893735
895800
488554
772588
626626
395361
38805
173253
893354
864830
431145
394632
883783
471768
469312
300869
821421
387179
516531
349661
884500
440863
722679
284324
830422
144622
527373
329391
811035
749054
227219
672542
453045
947481
919567
750618
687577
161660
431782
999337
742002
900852
769917
80515
47101
674298
472143
321264
624426
561922
997286
773665
577756
610658
548662
457400
6415
219061
375624
707757
401566
740980
817798
845715
409942
990404
852229
647942
31061
210314
420871
158196
387627
87288
633475
343213
280508
949471
135750
807458
693760
377002
707476
906456
207676
970720
257075
858261
5754
676144
283800
959616
453619
715319
208065
345239
466363
515155
487342
184853
570526
53323
152601
624824
921005
706509
725394
733641
98166
398839
450996
18804
625732
475220
494772
506953
56492
504138
490010
295489
31312
62299
38994
488867
136830
761923
487765
830024
940314
758911
907300
283893
654015
70234
951331
448666
268244
328773
467242
170267
888299
205346
609324
809730
722891
834264
122025
999861
619611
148373
585600
244009
455427
409766
474699
281421
763765
835053
958223
384845
335562
315571
138392
437197
474314
984979
193586
680540
718715
84496
589373
585797
259268
456557
894398
15488
709159
889496
888503
579641
955838
843589
115282
126907
979177
794227
519816
942702
871455
499229
753035
492918
881758
191215
333734
182780
379542
348688
26045
481898
131129
421776
174517
88726
458844
160679
660888
407082
414372
814816
154969
211541
704823
279557
101224
826178
38888
376581
723412
223819
79506
911020
327588
156987
99148
275741
286860
854529
400794
593217
802165
418222
120473
458317
744559
598112
471360
581613
565964
469702
318812
961928
475322
34724
637379
74563
641271
762300
406778
972134
828386
609980
269336
790741
262196
381151
532765
923148
463353
208348
327219
479954
728169
269235
200056
637259
350364
2866
879804
815019
796959
368801
935509
856582
369815
963605
925584
977374
381323
510017
928094
313530
158385
282726
376942
56332
76956
724884
519573
562240
181300
937200
937768
805219
480599
405367
502254
562682
803053
372641
12331
516316
201741
989605
59003
19341
253916
71192
808210
324639
370756
100392
503737
989044
679625
993977
762268
31371
692843
191578
273756
602565
545633
697936
731450
296405
657556
369190
281491
556983
276760
778744
293885
394273
687408
559114
320313
394011
988473
627253
568629
848831
805878
863979
522082
499686
157707
453153
525715
152066
752160
176826
204748
315794
488329
679132
696746
582459
118618
564650
478459
75375
146763
306114
576503
730617
904994
404443
218678
64484
299642
62567
121968
813449
641368
418206
648385
678615
652128
678480
667687
632322
724403
685982
51719
736729
27947
434647
842950
18535
670491
987152
714622
9924
685420
399541
213435
726898
553561
887831
586432
206255
871997
931202
324915
58873
337099
506169
276499
257536
206641
622415
38716
685748
273201
601652
85269
183074
51833
490275
647604
741838
799759
825294
799163
490403
647468
712989
311311
833771
890247
306738
708692
108147
63156
644566
527536
242801
16703
901573
166913
692029
153797
681137
533366
948403
632304
784630
338760
786778
48405
367776
770411
214679
185110
847785
737684
98501
298973
194947
298453
714964
69156
651691
385478
797280
124522
283778
656380
613167
464356
618934
845733
817123
427523
114079
144604
139714
784459
983166
472103
908667
934667
486323
726456
287902
6908
818804
332600
579303
982426
258394
316636
424955
48477
148344
446013
115917
725929
62879
932703
90981
120919
198970
598397
653137
911970
665410
678611
759765
203180
202442
937066
463209
618690
84741
300359
425416
463011
279944
443318
536626
799174
178937
504522
820031
627676
24351
950626
693
197107
334593
48920
661300
439683
469015
424072
607242
741179
167117
93411
162528
65403
957791
689059
542213
506183
114647
49612
20085
999577
946050
882923
304620
781506
134359
946608
17451
368515
70596
848439
825414
959132
975019
329253
934802
482960
536251
883148
221403
381012
475255
913079
531534
256528
535613
542742
749736
988260
231057
625005
885284
737124
134947
957589
441723
193105
42104
514657
232104
251230
938074
550626
812902
846430
354174
141739
133714
640410
559658
643909
818378
718244
99348
976674
843405
199241
863933
87781
306247
561829
513009
53260
191244
548610
21928
182619
817152
218737
153647
353612
4734
68324
619788
236013
462773
918979
412614
286672
417423
880515
339218
206301
895995
28254
484472
416289
809091
648420
274884
550324
592912
503754
951866
374386
951679
531688
440011
84032
270981
526798
751891
144148
297842
405291
595102
516292
186775
900416
928708
187099
200718
718196
304390
186407
693126
783853
571302
131944
640017
920493
978524
297148
48310
713455
448825
795201
63618
195694
518067
81376
388508
862820
800234
406844
961561
221681
680048
573984
189313
629570
208821
109014
154962
952287
697862
955756
3082
46155
368032
469203
829603
689199
483950
428915
882767
81336
563353
692574
928099
756653
767174
666932
737161
417609
166225
423528
241868
754753
604963
32170
691184
343831
9735
800289
701321
603082
354200
369404
242887
916536
353704
740392
857756
747059
906441
173636
115260
839501
306778
530147
917781
659842
439380
251749
211747
104480
29378
214564
302798
315739
723231
194242
829767
795341
938605
543517
464793
69773
830165
625043
312145
569049
410102
865975
185726
708456
57284
90423
367525
744550
754986
951773
969782
533907
25849
926945
297996
97726
179164
106788
697316
37363
854356
381142
76543
601383
254557
648886
533395
472631
451940
539742
616467
111306
143257
608167
833802
22960
907618
832604
338361
472304
289611
13419
102336
725709
479898
559101
442302
782852
74553
433469
429005
327481
88007
286069
472341
578508
212049
585974
966298
711194
999811
966740
946026
585054
905419
438899
809066
123065
661558
684387
706653
241313
220075
421022
773217
929065
785286
594485
634360
993846
163876
831553
532591
411627
597255
97617
122772
305663
869444
727274
514146
780632
186804
712789
155263
780553
74539
716676
91919
309712
413781
713835
617658
803375
398668
90755
244384
114854
472261
114529
875761
571690
850213
505976
613026
884638
737723
514490
526238
372453
538405
997223
306109
215177
48557
26250
379750
672101
608137
614545
441317
244823
503093
86943
454198
306018
457601
906393
223048
525356
747599
307005
750773
515746
388285
295494
517971
218552
536915
63014
775168
565621
410431
405830
503094
515034
761771
894335
601199
61736
222
478389
843979
489436
669612
818278
522510
262640
387356
979696
176947
154156
578437
292466
426530
750112
190170
18289
967272
153232
48107
713375
978686
530109
514922
86960
780100
773483
265132
932899
37657
130613
995034
866241
681559
823935
860811
972656
47106
494868
976740
20119
372294
869036
534222
390972
395122
169796
742113
362838
985073
778001
849289
174133
740634
539323
259064
371056
754674
141381
883640
623225
503909
338964
814453
771188
380758
282848
227232
897981
594187
13804
584514
711869
917331
670785
559839
866999
557660
138829
2470
409934
811897
448089
198284
786393
212923
276697
720716
886793
920781
855000
827989
371273
628117
842050
236690
180768
795175
599655
886603
225387
10619
590996
880401
944678
463717
451175
212546
609760
159241
915509
969509
177866
811333
771585
939617
783723
404521
549676
934093
472936
182004
978956
756136
601817
419584
450834
68497
786798
361581
21433
141454
384886
762055
519038
644325
929656
984009
404928
989380
280834
185615
520108
347706
698428
790200
335343
384280
635149
525018
594346
728393
767341
997739
29102
715625
39740
432554
467147
549815
265497
232867
727632
986684
526687
131335
245225
883329
883924
353431
199941
603265
501275
677487
219738
743572
596999
744748
196474
853617
529394
557178
116763
535591
748214
840232
229754
666879
506657
62040
280216
307016
135168
56888
10673
515653
945159
883780
200089
342889
251604
334856
189339
784926
711046
915008
922805
956577
500637
328916
522712
432692
917255
399865
963883
255164
999764
320555
240754
616675
496673
353287
263877
538578
579375
914199
944419
376564
845970
900198
713482
258285
268098
445053
366491
893395
785658
144104
711700
143942
560184
614255
198987
779082
868177
364426
101402
879065
530840
912083
608262
757831
506101
979706
984712
764157
242135
971981
85414
206599
99001
257363
710225
198047
175364
834814
520662
736064
622089
685586
48916
158274
978633
905786
465457
779456
44736
946632
511506
851634
148517
388505
84967
584027
687305
173194
947463
389381
226125
700338
779753
609746
803686
713895
674970
278634
356460
282776
370256
714796
461639
417730
365392
473152
67075
739643
113337
315047
600663
655007
983752
576775
452857
665091
454552
651740
616829
925585
69178
667960
998642
918694
389715
627211
146604
607600
319496
191574
614946
121561
626530
568685
676198
606398
523916
133192
103941
410804
248362
420514
34981
427370
922086
23783
658953
410242
561945
762047
479592
458644
183869
923111
938042
240187
827494
375009
415477
69298
877585
32011
953509
58005
238844
787932
561282
296632
81762
249689
661942
239197
818059
762572
533776
826723
653872
53403
485152
206666
2137
105934
442700
94293
296614
667434
727866
309937
973113
731909
179300
237692
37713
530411
659134
560615
968019
370908
879341
537413
666387
469179
966685
970791
572351
58057
932447
392576
571457
184604
533990
749680
766430
483292
177804
376428
970521
291474
241894
895514
27272
472995
575563
465956
806114
662723
422285
528681
319561
439697
230345
88176
18497
558297
446749
796432
380991
376495
63858
185889
580846
343219
766090
538290
626518
131221
446678
607482
404746
178153
127420
143653
627431
64604
835273
960833
570357
219290
998875
642005
448044
560711
34481
749739
540204
935962
274096
902486
242027
378128
554292
326912
394283
64309
753802
79744
584742
283134
595932
69601
860635
643775
60987
370174
642325
951798
636989
965860
112313
299041
782076
298183
255471
1034
74322
713776
611511
369372
967427
690523
701142
203660
279419
203684
766105
640125
987579
810903
934720
145153
853347
890950
416118
825627
360654
2765
922871
361941
345225
194333
319545
767851
431974
721406
256961
384264
789214
748764
982345
653911
698702
193100
842930
844469
900393
597123
804784
526050
647542
230561
588574
959926
196886
957261
882788
715998
398352
459512
990825
664171
722415
138518
211033
145611
424424
515904
886251
694147
193635
96087
462229
2272
553898
122101
910215
713607
79054
92772
758542
72992
934442
890190
339082
20811
142857
184097
89188
823127
819634
407815
387052
469000
628902
896554
322054
911792
625686
765990
542308
111769
433578
411736
596784
255730
900448
696463
815924
204999
562561
230913
213249
555841
447765
46099
693496
342315
555738
591419
970461
583148
731709
464363
138345
162237
891072
448520
768291
587478
458119
532273
758634
594661
689892
568976
476398
706932
687208
318966
981980
373823
725676
598274
547379
31621
753591
390002
283661
676382
553035
420401
430629
706501
858483
944054
342470
170701
198421
106271
840283
93212
666211
683766
452351
816451
69176
597123
579111
624650
430268
916429
294394
587598
13290
992826
523095
15544
280822
830870
985435
661473
87941
603078
852728
711897
39219
800522
857466
66628
624537
634133
123425
740676
530328
541033
36081
798470
34289
884454
118191
762312
11480
568359
108267
881922
874023
672696
840460
384655
553709
77353
523788
548509
695397
236142
860288
304247
704683
792402
675341
839574
502503
153426
748622
7159
702229
550231
89087
315177
527602
587222
922098
971285
542178
322973
463409
473930
305777
192398
864926
29133
211894
846650
375062
202762
561941
925997
510690
810237
218070
335222
190241
149468
448945
633160
719207
299852
355611
630170
129325
673612
967498
477574
535237
121483
159068
74431
767306
568973
345810
388004
849009
569009
552582
84426
79008
452595
70310
168645
764227
194685
553076
325554
429081
396001
614474
550787
977688
313960
272551
4453
387014
91270
752892
401142
430812
918027
755825
958155
628455
372868
950969
717742
382658
773740
671820
814985
114022
455103
783464
559701
916971
146151
733791
670748
826792
240608
950141
888201
996060
727458
976349
980207
659257
8432
743945
512160
172298
23076
261001
261901
999034
349304
860089
935393
641077
357966
200380
457763
60320
426597
66228
544502
781381
29399
134831
712489
354989
66780
111816
91271
637354
140832
637383
443226
870077
969689
408212
741233
561447
433463
524806
498672
712525
573884
67692
808762
878807
916407
352490
545595
867712
494474
862911
326280
833486
846300
313171
78115
802933
328596
402364
306723
452102
465558
233761
418317
472352
780259
183580
808260
696920
678030
554583
624995
427346
889333
174581
24257
614124
430975
898811
505728
938499
940599
547979
923232
478302
24190
665936
36640
35248
39673
953033
232258
97845
865268
659625
555690
853792
686804
640202
159037
196011
317021
572563
377619
967570
615925
16443
636504
601657
709197
957841
762762
590267
962905
249098
750064
395459
912995
776725
538497
491441
443449
14406
806470
823639
206792
503943
84098
854165
169519
118018
630432
695719
90113
780841
468088
192458
816491
678578
493306
252059
664828
655546
674509
159304
68307
945212
252989
636551
48860
401409
855835
870509
558113
506694
729907
956809
137674
696851
58694
849614
467263
791333
95142
453061
250670
85150
832706
864167
733500
230250
685370
951514
345545
340859
591050
635774
622769
903273
315616
303395
497828
667036
88551
585820
673647
487843
97167
301942
867775
569702
607964
826420
527847
112939
927659
566583
168681
518463
248720
100040
347393
781846
945909
138200
34745
317532
309605
949187
362348
470759
913751
984225
809464
604423
485212
461261
650562
447087
574513
34490
680101
759601
65174
912294
728396
179954
578498
637791
85443
295769
793215
487147
669662
24857
721416
804434
801561
958253
724310
641229
413082
280029
442406
108573
81206
282117
817195
870660
779675
681208
650181
801561
784480
670811
382130
612462
960341
322417
594900
329355
535604
124850
151901
42359
568424
575880
768801
997080
518209
120606
381368
207958
300183
336602
342072
881445
327445
340134
488821
301640
575948
560056
171746
660165
170051
920939
338991
615881
251295
285504
189202
324441
341727
540379
552988
839466
563931
797291
762647
875927
39313
911023
595926
550719
659281
42870
97079
785243
245574
326791
200110
637056
37108
987431
667645
682429
274325
405091
337813
620721
558855
691824
668518
108639
475591
737137
397468
533179
504290
525017
137923
858301
868661
910464
108563
352585
465271
868568
966731
582466
995088
888305
864370
83813
493111
968788
147652
597862
170246
865989
769150
719671
553891
432780
230987
571934
319773
618838
886987
848785
406330
138227
783991
51480
521165
202977
98220
576239
432433
529524
15583
111720
540040
756392
911139
958090
582252
217527
840660
866300
93103
661071
568376
338873
464466
658182
190425
808946
697466
262385
657717
209338
376042
375219
28716
195952
971267
583133
845076
601161
388509
130589
911557
252909
821077
614984
912028
909841
247833
820390
381697
728938
638687
761873
584
696762
593208
91782
182146
137170
114453
484070
897920
916362
452065
306598
172795
894122
106002
373608
592262
148535
701982
37788
138170
993987
524560
500224
864400
206116
558954
407128
989678
651117
862533
563126
209009
685518
2806
664387
299343
753712
780068
327212
1535
898354
275001
694085
933005
801546
92231
918483
85538
847895
9326
533990
547023
582276
293013
533953
173968
866278
992198
919005
127456
54239
207864
12359
630872
703788
327531
994306
698262
840223
818954
416532
445330
493296
837731
267782
675178
425249
501582
890889
584984
844857
738482
443477
319785
371763
32967
276263
206525
440072
627342
427122
355565
84396
707649
561877
251013
953431
672595
787588
437380
301283
457674
933136
125698
676384
213474
816814
3966
167449
834476
769927
565990
195000
313411
984454
804253
288700
616859
167649
810159
689716
841836
677491
722773
688601
473231
700778
46774
94564
491284
254405
469594
188489
401334
295613
514510
319393
33595
739270
320090
112918
160045
56582
757833
565168
118183
969931
820459
855314
808250
961802
77821
160362
602211
904564
77205
70686
724563
764877
496314
911508
391332
20629
914188
88028
360425
285175
686753
673813
542620
40374
929008
858348
649815
367520
175139
209682
476318
977277
444735
274100
576028
1200
208873
347909
467594
385947
274822
914194
264659
657795
221046
279970
126969
680281
567473
310429
644250
63073
811315
555206
331061
287066
642745
50920
31057
384783
943544
428381
45620
495940
985687
692542
400134
950725
804967
8749
26792
178289
541870
578359
279686
275958
600946
595484
188085
721227
792111
436335
11819
735104
58710
773131
798264
324480
670628
134910
131534
441707
310726
628039
374414
558102
717712
303325
977253
687087
253258
606737
264534
27549
447910
537154
934654
167436
11761
2763
260880
846009
815132
974660
197969
543811
473947
559098
852167
696638
967734
851160
109733
264042
423217
343794
20967
815770
973453
320345
38121
660677
17008
942916
251713
558482
386278
932580
95383
323868
884296
549529
213749
69506
969422
29309
396751
222519
203406
258627
575301
72259
375263
561023
880331
406072
901611
362037
888505
39720
779480
432912
551160
570433
681791
413708
102898
754611
528139
101389
68307
888497
968166
728256
142169
580985
841844
937004
426936
679610
776254
928092
742784
37903
135070
308876
491229
852299
544426
255677
825991
627662
718793
714333
848817
664850
10825
439209
286356
269091
344956
542783
189136
818406
216507
388233
443829
846518
396232
212786
891004
128739
212449
627830
846187
388465
88301
193973
867267
349342
334091
425555
497409
483611
558098
185326
679015
359805
675401
409731
616173
548055
542252
319639
998565
271195
896086
501564
24102
9832
864157
558092
70891
308298
721722
235359
301632
701983
801205
399912
954952
345769
525239
821072
55607
628544
460598
717338
773135
693655
497889
821876
249908
777035
686523
337726
870317
265333
918160
170064
692911
300930
914398
205292
739400
75588
449870
856997
885073
947598
335873
911662
222761
493224
573150
269736
446734
849989
371818
86270
121660
167613
309785
319371
471827
950619
9753
295731
733561
760189
210865
359450
817980
628610
832798
86100
907036
916799
545312
39445
355310
279906
628517
186052
511078
214045
768285
879423
833498
392549
736969
454148
363107
519901
742297
829654
291740
280543
523596
43790
171565
55532
771135
479367
649418
238304
450172
984545
652147
101711
608678
20145
235244
262274
295285
121705
583348
426655
683295
527376
500575
138911
439020
688232
508092
972125
931750
145720
713436
203716
803821
636209
873377
627410
492458
482921
327773
851081
96683
333457
771342
392775
251
787613
980051
20993
852998
64736
231070
557063
454828
481378
210787
703282
660273
765540
649821
178019
642137
830208
759339
637616
769765
691057
979515
990176
989626
206404
689563
607872
695643
875302
676309
579331
729441
703385
176911
260484
871383
693914
658073
564629
741998
374611
200063
289680
215691
341615
737476
601275
704614
137928
219409
923021
78062
578377
63455
361914
969893
960697
822395
280339
108174
858755
972509
829870
445212
274308
407661
408315
760044
651471
152745
698673
558149
164722
158219
793468
818175
449390
524302
62172
959016
75496
268594
919280
433188
539620
590796
410117
927733
98661
369085
34259
253028
644547
256632
740222
913044
328409
924999
416804
988132
39527
581808
596408
221880
191056
539920
529219
526949
212467
484544
891818
683887
223599
781407
690599
786277
831649
634278
436134
268485
575699
655807
594415
458188
242937
578715
397359
673271
973446
869012
473672
769268
632486
806952
257775
575344
627650
585193
322085
675167
233425
228941
786237
499088
264454
101591
222211
50675
958179
323637
876797
590403
112261
271247
291949
844908
777591
869731
772971
421614
341810
839589
308990
531863
737587
6319
119131
677688
227552
759516
760968
74132
153229
598282
685375
146860
834181
250459
785880
163568
23686
948019
516908
772134
798788
6810
288972
483956
499606
261081
383192
761016
790609
171025
917784
536370
336985
22208
244648
848042
673505
669328
68654
296416
245228
511379
835906
858719
774894
895393
761900
121806
165075
495530
54452
167801
516597
126835
921961
369087
682257
539132
513428
374309
760735
496308
487916
964025
63770
230833
573965
19675
103058
226150
94885
145669
815573
792232
117986
497372
110902
298988
963396
802
583026
978093
118033
311640
618462
313208
491755
632488
958959
142106
949317
584497
623366
75302
641052
627622
18486
412714
156119
370870
729302
139871
325300
5741
373596
469325
527995
858561
373646
863926
379401
673938
888083
639275
959320
840753
478583
523924
597953
612152
419412
229898
280986
930650
536168
531117
812061
597110
640788
763036
822146
297613
689890
284429
248899
317476
392131
266006
986346
866747
370971
551814
581498
427211
167386
777035
778137
141097
700751
106301
459732
383820
747441
957462
158562
55131
676087
779716
783737
436770
986781
191757
706147
355981
406979
898652
46715
833867
871634
499661
321309
28164
233255
67187
71301
696323
428970
712715
392530
42195
416359
690036
603832
639446
906178
85494
24720
505750
144516
368105
724479
330884
270943
396182
397408
176490
615733
90886
348013
565468
828023
496546
619349
365274
604169
678820
741482
873911
582607
453492
40713
879437
714183
520886
730848
652694
572235
940424
895886
103385
825668
92730
280424
132858
605864
564509
261706
920323
315952
171791
730106
821843
343633
746255
735433
919486
961536
697699
610121
426552
982663
181160
231107
423775
490876
612142
560347
491991
191251
263493
675500
31174
947745
762307
47237
887404
550400
604454
911882
507650
242053
356285
825693
154321
41554
11816
592821
240969
834346
512970
90269
15742
108121
480268
998663
327319
343062
845176
674107
878515
293912
837567
156426
132566
450775
83081
399245
416054
853639
729128
612730
754432
785317
615556
364062
341463
256485
644155
707544
8701
135549
259986
453840
349100
317171
850010
63011
504262
34122
480388
159948
382682
571280
441274
64456
273977
661270
341230
476964
973312
547148
248400
669927
705620
77866
561251
976720
127357
584731
887786
305363
230879
200297
663295
357998
898312
487140
725559
14466
109371
474290
683574
343443
488971
679474
569852
552196
679644
630895
509679
187255
534229
555307
874748
373242
435409
651535
212668
594688
488472
886527
152163
813732
459743
501514
445838
25643
465663
545995
907306
882200
196467
398778
661034
313141
531371
694600
119750
892148
381524
142688
686659
492040
568654
397819
965584
158598
446769
20456
748704
759675
121192
127625
796184
604390
373574
263020
5777
964484
554443
680156
588844
735136
599410
361836
293577
452037
835105
969052
75207
173851
360046
50797
756172
790268
460060
976384
107719
809636
649700
963161
413065
97143
990334
470597
313132
885914
29570
253690
825537
878501
656608
938501
7519
1831
25482
23906
232880
824575
907501
541886
354238
868326
243038
167398
500147
999618
96148
694874
424676
206827
415216
876450
684571
809051
870416
410083
323007
140094
776261
799956
739560
131387
16885
999160
408143
92858
643179
344184
191708
756064
173596
322000
293192
443001
639396
822607
157552
137840
554765
425221
41730
814082
677652
272421
406822
701860
428184
577713
272513
451201
429079
617288
995018
986806
579987
571526
318879
672744
228123
346758
182963
836754
53476
472324
796465
691940
841152
783311
706919
638307
754785
892992
975684
265167
460854
777713
281349
273669
377555
552734
746894
225536
111470
597057
929713
416172
17852
659621
363442
857172
112387
263040
812616
327128
604138
333046
502500
918284
822941
593451
520190
854229
532159
774397
28917
127278
394049
273456
808661
937376
2752
936429
703881
413192
858105
432734
686383
773914
389299
392349
879790
19733
263714
836130
4165
627636
952954
539633
687718
252341
603031
270625
660572
561208
957485
123660
537100
418598
470139
324972
756001
364410
775398
856309
862788
218384
641501
450566
504036
149747
935761
224733
590699
57009
605447
937997
152481
670139
256678
972781
214308
425235
85185
557638
647064
820971
689884
639846
454106
86178
453675
642227
806272
241548
135555
918363
334838
866991
650368
151082
179649
205708
335464
209334
288105
436638
31302
46684
148330
508136
76433
265047
49338
589113
517418
930891
113683
333482
553634
666000
561619
845188
212462
208292
643815
245450
878233
210015
893533
14501
867833
861439
818692
262820
818818
804687
617381
556989
843862
856519
782514
749675
938234
983482
797111
819914
827198
139772
395290
284301
637180
391403
498385
362187
148987
650135
84298
929554
511572
655245
954529
985118
621140
864091
492593
408317
955049
629878
542949
635034
277456
531620
112114
608597
287812
408647
694713
355492
776749
719528
108280
190484
989560
993068
458015
168847
302684
492729
604767
609621
866673
282976
357448
312120
237831
94889
841477
200438
663038
237300
124822
612598
817245
710301
245221
185256
456742
884259
431717
2104
398784
427836
47556
19693
818797
19676
883162
498218
652092
473597
918731
17319
573871
755684
138474
41987
311958
987264
254418
910476
29847
912368
724305
278368
34664
936122
220007
607698
45134
620684
785849
82422
147037
989263
167521
354969
336703
890069
242078
596635
918612
346755
114503
136356
197902
115777
914703
890167
898798
111932
786915
361081
763283
242569
286873
847482
995345
193238
955193
135252
593338
883766
73685
118882
48081
894435
374546
600986
721988
467563
145055
387998
687982
964528
632541
667652
36832
11787
185159
392766
142748
922450
576983
734526
940727
584917
704492
755273
585462
487114
747375
963621
54845
697765
148121
505698
988358
655178
543868
524728
570727
415682
468061
348940
432804
527328
845903
718552
345303
896355
529328
80718
227523
861228
319601
109986
953680
832047
961877
3772
30105
77045
447060
531614
337747
62845
937862
592009
283862
608859
698379
336591
897344
344245
156169
855745
525336
720961
949990
248749
211035
78036
956702
695746
812992
869387
158761
417165
704632
102162
843133
443744
738811
781126
85262
549246
923661
171437
541248
498552
448359
792280
916530
58597
743891
679392
880785
836632
9437
623578
723660
822337
963410
267086
521177
623750
488814
537721
357232
789143
458763
591833
813384
724510
290984
843461
902183
829144
996355
389001
756997
894144
96910
379349
293825
925811
211711
206600
849997
233417
437851
794278
898651
727375
230898
486328
369210
605299
271248
638345
743059
794439
579152
20794
542142
600946
77293
193665
109679
715370
785292
935663
1346
808303
588075
574593
590670
755367
365712
488211
720790
29228
832804
561873
455797
455117
46948
338433
150593
733875
336818
815479
65930
613979
629512
110125
529567
35011
878595
584870
568071
602615
2627
123148
648567
181331
914534
873016
403902
508818
964764
295532
324276
4331
597369
985515
8879
969478
18817
98258
781175
930874
394051
639172
184657
547584
501629
679215
865916
905693
643945
787264
279237
368480
630050
808240
93645
213437
15298
938223
156300
72736
200353
290928
482222
691571
584808
555769
75293
274460
395801
319436
448239
939081
164278
901180
704679
743769
968189
425867
469905
662849
514362
845068
922456
998942
727321
995644
404261
473792
983526
515204
521233
400664
74955
366538
226901
16949
102592
502990
255449
203633
545987
106507
198115
88485
133839
777791
919693
75704
175044
832905
545650
559408
360912
589118
712897
725468
997359
944516
730265
464850
165586
661589
797527
741478
443765
890050
876770
494687
545909
565360
188687
29667
829900
68775
526911
960938
774612
114534
787432
350418
929905
120756
863659
137080
275060
287280
20350
103802
970261
728210
217073
948448
334793
99550
199726
913618
724289
5567
784135
774913
758881
58896
932619
841539
898984
553116
853007
596684
151033
856433
584235
6752
452056
310518
812614
124430
722596
752436
614401
76479
348550
293801
607010
706511
74184
446289
855490
924683
574912
150372
378256
463451
578233
547345
641623
56624
592670
337976
694364
161238
934893
353520
417952
356610
525537
380707
268660
25767
430195
450994
367851
124113
464399
646764
808411
77421
159097
28814
498119
326750
170281
235151
366209
518027
500733
334338
574043
702901
30182
766478
4024
436313
505121
670768
205363
218651
166665
678848
583209
555929
69423
6896
677867
349053
67402
611787
596488
273099
505110
448221
439324
9726
408162
761707
735113
720642
48621
377155
182787
379988
723974
76883
160112
661811
570979
75132
642717
695793
185389
93967
149951
741819
732045
458104
426693
490807
96261
778728
875588
652736
396848
80926
258637
37755
423979
968763
371854
28429
259784
460561
928074
370561
494956
566646
61362
111952
214680
699627
845636
234042
301435
673173
334375
174016
314923
240929
103627
10651
408233
87583
175132
237596
812837
844602
408778
365258
833942
244379
941402
17774
574143
608239
48358
911037
937681
697183
844786
53946
299527
572337
50201
116026
765483
745996
240163
52417
97936
784157
54986
613769
22191
261807
751074
544809
411223
381972
286083
102636
471441
686194
332852
226314
496500
237472
479803
274058
839756
342645
909743
543211
609273
892224
115001
261349
426534
236731
122713
492520
840177
687125
836347
583573
508799
381744
691509
350992
44833
908525
448149
662673
780922
591114
1167
914603
501366
976121
970781
424971
215631
33682
424516
564034
526760
179863
413387
814393
455105
143467
446016
846901
117304
601205
729522
492215
172197
358968
428578
405796
303220
6770
9417
70259
139261
203720
670714
395934
834809
799249
407324
802301
896576
343739
756189
368019
584891
538882
535535
951749
789390
575290
353599
231668
883134
294989
87805
294115
452123
688054
894878
298465
194719
954025
504517
607756
11319
266237
124428
995196
279224
814077
255934
682039
219599
127823
453515
509522
223432
993818
65237
613657
17170
981095
380446
925458
670410
128849
167038
196370
246236
285023
250703
797096
274091
372842
746328
480029
673300
739605
291820
301871
932247
408837
211539
323286
611465
841616
663789
836180
207010
36753
354114
733402
309438
159509
901835
126790
5867
661754
529293
605182
334568
645511
951445
312552
573515
325576
807433
380824
227247
278803
81982
645714
579392
603423
870700
183745
62457
330114
624790
587195
512898
371348
341888
346015
781729
117270
591129
774142
311644
501456
260346
244795
190594
633033
688437
301700
819777
155172
761202
274112
152477
351708
174285
434818
895085
501989
833859
649062
188816
222626
300765
372780
844394
179175
778580
563768
24918
802142
879180
752306
892349
753489
633236
86441
186494
324659
181892
574415
946923
681971
868132
736493
437577
56837
16182
225600
884588
336734
973068
602058
733652
783022
536278
595276
180675
269044
832020
340699
431665
371994
257640
404681
714184
59911
354268
438999
941633
649230
4146
18668
519420
813450
913446
153325
538242
833424
502017
713917
25440
488513
435448
988951
267234
546741
892144
545783
959433
35347
576840
225950
711452
738419
146619
88610
949076
916461
578980
868917
765926
273849
874973
576649
887251
283530
79881
137387
558158
981370
912175
789874
200762
755418
827080
19780
341066
69435
650551
358327
752344
522302
971371
336455
456372
304726
27143
225099
285554
127429
932672
32086
58331
131676
146974
974559
763268
1321
159876
126333
293458
104164
21685
685809
521009
19643
180035
421327
38323
251096
589533
369577
907178
346700
411357
70903
192418
306104
609487
490586
271643
868521
73015
608039
973061
269839
76732
16021
873783
242138
503998
263798
757508
980568
808919
938731
457765
236524
14253
349071
514146
890281
225914
738413
656131
625429
36482
197380
42538
122261
180372
458148
581698
866249
633079
899298
740565
402804
710969
60177
777364
548829
264223
811384
19080
247812
316205
406380
900863
199958
836207
784463
860665
890679
198122
345221
549580
549833
385319
517661
25471
706569
56680
630145
43040
153412
334281
585175
612564
247121
873388
711655
358624
306434
868884
750085
937496
234918
807059
967883
514849
410760
139505
899481
70024
312223
359882
251397
442596
17808
812118
269078
980407
727858
715679
779831
337891
368036
137862
865991
950669
723844
271790
99929
511583
458395
948501
858629
704130
205692
771139
678648
211002
672982
976544
121964
93579
304030
228617
356468
798464
226527
256589
289963
239678
289347
179063
84533
92863
858456
315902
996909
64941
454959
948168
699433
174968
195855
265337
724655
269002
915840
912720
99726
304931
348662
560164
78987
750455
603076
840935
544486
457746
332772
395792
601235
46006
78867
348073
668376
674707
143040
762209
772515
793424
368956
351983
501674
166880
140959
154405
340881
376688
61249
936622
834741
676472
598185
99183
716173
304511
313436
420292
638374
31681
500258
297943
267453
832281
864429
860206
834934
982866
384403
779996
104656
336916
1686
661102
763356
519579
100554
549338
33336
294126
119104
424292
362240
15735
256965
766531
52492
714903
737608
289219
894857
783205
425755
484198
148904
733184
64291
868552
655549
758648
394286
982791
52204
176541
894618
412941
844403
294804
165453
221069
626226
218132
481587
318226
526290
848802
709079
298725
762208
336649
14784
477954
589917
104206
312532
682010
784250
339901
705051
402140
17947
839512
154684
637763
758571
346765
241572
417290
445444
402707
199374
576194
401143
662928
981742
209795
230461
914158
506535
213547
630035
211838
189523
188739
58915
110145
336853
282395
224613
200797
203630
878045
146659
402156
372466
38604
838
994640
562171
923497
12981
637747
62526
336422
617735
907942
850881
133945
307575
157141
143972
223851
618888
436987
920467
121919
950738
52159
136824
813798
77469
247
223469
983109
127834
164614
382792
236237
589136
884671
189138
74673
325225
640883
660382
169499
767125
13317
747659
315335
466923
830708
532795
556156
733570
290432
581282
436988
568282
836049
985868
186332
219981
891660
672580
887435
509456
633801
476823
991233
460689
507716
518155
817979
426564
342910
636675
625351
771711
423331
507374
353893
937779
94923
693968
925225
94229
737597
432498
10520
957552
378235
434122
56122
503283
469684
675627
669058
16046
683303
215005
629405
729600
698948
241339
628658
402020
422090
998717
578973
304468
435880
50534
266154
373137
873526
215792
33152
788021
755108
599886
619749
443017
629903
44534
742370
632236
390749
164200
309079
848594
520374
916726
85220
391321
818894
920457
72188
118224
658102
692642
916201
48201
321805
845141
261587
490291
650458
145071
657148
533628
728951
277603
138793
389997
508897
365825
224562
39341
310920
513471
671234
370880
535116
499026
97453
36107
57912
501478
140789
679579
583204
643685
268212
581996
456474
105247
115566
622644
735437
345971
878036
26233
21766
789787
928151
6355
136565
373817
588372
212428
983800
74803
433112
495274
287089
441564
249352
981896
613141
14638
945609
732601
549642
612203
354052
615302
671290
746959
201734
667290
102561
250255
333901
272421
15070
291371
907209
416373
920338
882335
444302
662246
708742
517379
484694
15841
359947
261582
529193
555782
715717
118380
885968
59498
759406
68072
147939
52897
465858
643224
992737
766128
256379
912515
251660
979254
205224
691648
325881
991044
57858
440969
818424
702772
65429
808716
314999
824295
599636
103742
872776
915113
668151
205172
185646
905135
752851
60838
835129
158976
619967
369898
642578
954160
399986
516966
462847
632336
313586
173817
465234
691244
514573
826114
756114
121812
610162
793693
65841
76022
834415
792915
929418
230248
619106
52559
658766
398286
167509
297156
997357
326958
713404
152472
580760
33464
808693
489918
968899
817828
651526
876312
300919
306069
365094
488748
700567
101788
282634
709150
367792
221736
685557
615020
711892
551641
914739
14312
917416
185697
321059
986978
831349
108027
281593
747173
146792
291338
750391
432121
387563
216218
478576
643749
675666
788054
857813
857830
875503
791788
943127
214500
39729
390438
850438
601543
957116
71537
948077
63442
9194
278374
749488
762941
777597
684374
584116
592108
121718
119075
46646
680497
57473
334423
139078
508977
178170
922755
80270
100845
757606
357772
371692
705728
608989
367866
188910
385165
780051
715626
251975
990570
501391
736814
39716
244356
158583
659238
952679
701479
261017
200269
685756
400488
833845
551116
285530
986320
623892
521679
67792
748394
531449
203701
467420
397435
128539
868225
545731
307922
894050
73564
881425
187356
70590
22928
431157
98709
499308
14377
247162
965184
717966
477616
41723
83319
861201
721482
351674
441652
478758
853815
931434
604414
117966
426645
310248
496668
884530
574171
710768
451660
569472
91245
578722
425471
155394
202400
256224
649846
779270
645657
72431
710243
269294
346385
203374
640231
685294
55464
869699
241796
386680
656662
187594
329733
746183
381333
442187
63268
142284
151309
796872
14028
921657
814700
618560
805614
49221
381027
715267
44615
445831
469267
38541
648637
393278
207708
98899
198488
198100
408628
660820
955031
295863
351681
362676
9153
578132
132133
443369
126763
371036
249339
278693
967498
867980
769922
665749
791610
136461
866495
250706
420026
731903
725820
345411
773201
317299
663191
525847
947273
224803
466911
336983
755709
255151
515140
778120
957572
176190
456046
267402
744545
692767
846401
935087
977815
311654
723822
932205
735104
297764
417817
31439
358942
32049
139559
744181
964918
855007
812464
32373
890980
63911
456071
357371
560177
261229
381068
599962
94649
905310
32430
133849
645145
986850
218010
226895
491894
293743
488941
262208
89496
916134
916684
909229
430212
803357
161364
955938
81671
958781
591160
683992
733975
491353
416860
219591
950862
228237
482977
326585
83186
208957
251831
688112
679621
184712
696823
193020
116198
123572
178858
28025
42207
47083
462387
269427
472301
475391
524173
443751
371726
526232
146263
784620
486691
842970
390953
636811
279771
82268
903113
11585
202161
815021
81437
336271
593180
373583
528711
363060
604457
997915
66060
814085
825912
422686
344834
401149
466603
669745
530447
461902
982143
846137
387318
624302
358039
491076
987123
345277
971111
807609
160767
283834
812687
743304
624853
686907
712041
756340
505156
30078
866526
831642
61904
327223
289287
29430
541742
94651
191104
353844
897832
493302
316794
764067
238074
31803
857382
491478
581377
497797
756256
413500
203287
837094
533377
453608
220735
754853
633014
700393
101709
286999
362090
3309
542366
369903
927289
923094
175638
387793
295779
999732
524369
140595
379292
839788
137759
242562
364945
923473
330775
366733
471351
903097
91021
550534
835556
669064
899332
419632
629808
399480
939250
154766
563571
611953
707064
687424
920996
171116
262771
796023
13514
462066
272266
991647
717723
7767
457890
362189
641659
601542
249330
953643
37384
380705
399709
671422
342752
364997
760535
394727
683929
130864
728147
354958
3986
990511
33861
640582
128256
188549
301488
485106
313487
106423
666242
407276
294560
554277
346906
768258
974103
537620
439766
247928
973435
29055
954553
646905
303777
883333
307045
4838
847083
303760
936172
156760
985856
478018
99794
61557
302991
717726
220165
589891
116947
317765
993562
648914
802512
61071
499943
481486
83321
997899
360550
672098
747797
864089
3749
978601
168421
176055
65188
166502
437917
186512
857312
878696
198865
14663
205976
184488
24066
586562
948225
682656
546186
51546
11162
274523
548891
117544
121414
988052
80519
304890
205249
842849
164681
674451
481346
297343
867542
963019
2156
142436
230108
856861
526695
31893
535004
406372
111263
10096
560908
519015
211742
785025
665646
524951
408018
628690
430620
268771
658535
332847
173802
284311
225225
458798
344003
217183
551168
231652
116724
313363
54501
208672
349467
560867
226121
787169
398505
580973
921020
687938
864139
948761
67791
731125
281929
417718
791142
354144
83000
126475
879989
812933
464779
754016
940870
770635
146838
591040
107685
681854
492399
792573
248043
525804
646472
939926
814782
238091
691382
437942
333856
220626
911036
773562
136280
592058
188047
324690
565450
767237
29521
678613
775796
337550
602932
191972
647939
135632
218506
441643
861859
575175
336116
368790
212965
905748
630985
111632
191424
856302
412388
552429
656943
741628
515546
362786
384954
488070
60022
360691
116197
778889
214902
814066
374237
891507
96783
332400
934507
3094
145182
703939
265897
52259
166134
89646
755000
555573
301925
618746
303126
328067
917596
492936
238005
773986
250636
83631
429312
351057
861815
797341
722412
281442
277621
915591
670420
390354
769527
527263
350392
845736
121628
776299
242105
661650
776669
726768
11156
878399
200572
571819
411978
146265
464193
356877
550428
431438
593244
743946
452159
994389
327478
746226
150679
257974
847177
808441
169790
692996
405341
516541
626657
502516
309191
664370
392651
35138
384986
823764
693978
466579
961940
448751
190068
938782
312643
254706
402225
838375
870955
478735
547135
206313
742110
538123
156260
848963
819543
378239
470806
2825
502513
538905
318790
100890
8817
332982
804308
765296
119040
894536
488970
135903
108997
133374
693316
396740
520668
636183
595855
779199
388148
727503
154916
926561
526397
42338
24647
307261
742385
801678
5280
258874
340101
369216
431378
28758
921966
797654
928361
579237
111984
491178
73717
309860
736323
555802
114752
921408
439564
507845
626882
944604
331656
544315
903504
343037
690605
108071
9488
710393
801506
599354
848142
467957
748561
543750
73567
743913
126894
743902
708750
368144
7692
837572
232625
517684
687621
268719
955038
305575
404964
154352
185695
221645
726434
451280
658072
411916
453468
542415
534041
698567
587494
892915
415093
746832
939017
801212
778209
984563
813219
373508
154420
478500
953503
819626
114836
250744
977702
472462
244161
203030
230826
599669
859750
127921
225494
875846
80604
536090
790703
968988
498751
850253
2954
442464
809447
931231
259058
504313
79326
21961
20227
165931
800529
803350
581844
122020
570082
96990
293292
783977
901938
449190
415886
215005
927405
175589
607507
241466
206433
32347
86938
37839
541193
992056
880269
230990
366759
34847
369977
554581
858654
532971
157198
660572
264521
906445
18447
444322
562195
364067
54173
681618
422553
68303
589744
510631
233819
343075
297247
770736
704164
36899
327678
624352
813085
21105
218771
810361
680670
118364
67723
50391
366398
437119
752146
502026
883199
399971
50386
987057
130891
809433
445081
356126
109122
900413
333874
568209
775354
174750
58780
745998
625793
617141
963952
702119
238804
841251
732170
109015
17832
494453
50553
654676
442428
753990
687578
715350
59257
828136
625095
878910
527061
233201
843333
511133
367046
689022
467759
819293
642836
379435
821284
272672
673711
893540
794529
587818
456472
782933
321610
967807
754251
150692
406866
15951
349020
952453
446813
203418
248533
987502
587175
421282
911018
660236
993373
129833
907549
218391
695450
100970
913985
235024
411487
360153
610404
74335
376236
577168
716416
773091
551448
97907
228640
774275
718246
497159
3649
534860
870342
888655
678508
289660
813504
540117
636987
58109
560625
949328
919618
73036
322472
146081
314909
852529
98842
362302
154924
182772
333122
379591
794667
585760
961783
332719
666018
911964
602924
962786
191805
630031
697051
421096
69130
129876
102788
291272
933001
323609
839539
644071
658854
541330
506467
192266
952273
221678
761783
26026
953161
754213
872230
209337
685114
356730
491068
589447
880931
378354
703025
424379
968687
900705
614187
706810
676686
152518
252448
39850
336949
454656
613783
286188
904705
154608
214645
316569
701255
629206
278254
600295
723175
891110
142664
866686
306552
472132
228856
908840
457425
281368
171448
376855
440580
16382
281515
240918
922033
875537
839334
277977
791315
244413
894241
368059
467666
417362
122849
257386
642957
226170
29743
944074
612174
289576
955273
274782
668841
932403
477474
12343
29268
164539
500660
615682
68300
439947
296392
201025
410841
137053
549119
861708
201741
285980
71749
856576
490971
699925
513292
256951
599755
507948
973291
646025
527046
704983
809493
241447
716212
193082
342241
161497
175249
537315
643761
237446
858151
186039
252582
254504
732179
71649
601169
754169
58635
471559
677037
632135
882354
350975
289745
703275
396830
80600
246683
21336
425237
964193
143094
27767
73586
17724
877122
828603
958829
559806
612099
864061
99573
796222
400232
718593
682658
581189
175115
337250
660994
35799
215811
921958
953966
344093
207335
305262
662304
914545
892448
623536
563351
71211
482116
95369
999278
784925
49468
219784
117347
391125
986869
266548
978733
997378
876170
79282
565811
982299
812073
192858
565532
187480
400829
946856
707092
743466
482137
220522
768805
353728
975535
709214
832153
350250
337829
158777
504451
696210
30386
124382
461198
438706
43908
524894
695033
348050
705274
116952
193873
15781
58504
47905
793769
671149
625508
504892
382284
878439
808490
905447
549731
186986
676943
898210
962921
210116
568391
572004
967688
332225
741714
740654
851749
912777
597512
35422
980710
755194
967977
352645
611509
959417
363321
955235
804732
565864
972991
762144
828021
205596
554271
37454
131882
585946
820036
257454
195448
107590
741222
80805
340031
656047
99945
889786
524804
536043
229495
947897
511470
612040
461090
862305
492715
85686
742038
361574
258429
99695
487219
582858
412587
424392
424560
932862
47771
401671
567355
496840
444276
350063
227568
572844
339709
209871
65031
490047
292008
366254
454779
363141
552186
282056
792280
806012
361406
378229
707756
820245
150671
833943
181019
849130
27517
616767
948521
823567
252077
307063
952076
780038
999553
271405
867749
251015
12532
818531
546711
289658
57658
258055
667000
252869
362567
370211
195997
510358
45094
904576
754710
370328
726572
20799
206236
543346
951838
907582
997561
159438
120423
514878
884053
634398
641505
89505
344728
3892
133403
431624
237558
884235
729809
815868
725942
968063
597127
90712
357275
996820
329120
168619
438166
983915
652074
307201
107626
956410
638955
884989
410350
688213
399295
866134
773212
545510
667576
433405
401163
249866
60715
80983
878551
222614
418258
348640
467783
666830
799782
687923
410332
400151
933597
87920
668453
549850
709643
159614
591226
450778
843270
529757
446481
860196
426010
280058
349528
582485
863071
462945
983357
671372
480022
661313
443719
598400
216111
302546
65090
93971
33851
640703
832514
612175
822760
411224
579195
110871
197097
684917
443145
515740
875252
33684
46988
530770
689263
105228
903349
576118
649802
249962
711755
924298
467507
993920
289356
428863
818649
336994
102159
146110
11652
314400
813270
611825
112861
34909
54111
889799
792178
118565
51688
577428
455440
276112
976099
83246
459045
29872
384205
837886
699830
882474
456984
91423
764239
202221
255504
442733
564600
968212
813186
136433
890425
256142
719066
213539
739181
336331
87716
533202
859960
239194
543417
656821
904839
157364
411775
750116
196915
397555
82262
378080
717690
571859
786301
256228
134343
337250
374465
314785
629807
181974
975885
423155
20304
663480
335883
181687
792127
618050
258013
527197
996586
799354
99035
235659
600596
806036
748917
404670
201138
733775
852699
542228
625288
517848
149544
479022
194742
663218
617615
632758
772325
603202
67243
305910
328124
787526
305822
631268
159651
233517
352226
642838
649900
38621
253235
197966
255936
131130
636937
335721
822635
768025
527540
246666
293110
558430
617195
879007
553778
173414
325079
3644
26638
432678
292544
282230
556731
720447
127608
228232
281782
668878
98093
772043
55283
976582
284920
14061
249005
543621
676371
667869
803355
441953
932419
253609
403534
856852
905336
245064
632872
882830
107730
936806
569642
801032
550260
361248
701636
632041
354385
852886
901496
16184
906504
597548
739301
256981
967795
190856
52371
634314
9790
478497
331309
335991
420842
599154
108397
881925
940272
121782
859952
777412
200677
846949
127040
970499
346334
945462
322918
602499
43108
607252
871152
305017
646416
328899
36241
200358
407762
414510
411506
957388
477759
766199
341780
529801
868816
135768
613837
856514
792208
102477
883099
383924
215334
683837
560292
634131
166309
720867
22510
524988
110974
53800
331555
167661
935715
213022
832286
180518
337035
734193
300673
359801
202491
782663
445982
326659
798001
779581
13697
732489
459509
970860
238322
44488
812423
875167
187797
550470
322358
364084
753026
90049
512930
614912
595666
977622
615359
259084
770384
287815
83666
705831
420368
524166
714446
457811
850118
554803
848057
903165
644536
523897
390450
897097
184297
540522
925817
168725
679866
562368
216926
349755
769620
941390
509479
480616
619494
53262
856903
325756
822013
337169
695847
47944
454576
414934
993546
929161
824333
74081
230951
69271
387508
481500
827019
249835
802879
286806
367743
721161
896952
796124
964373
676901
777321
819278
790931
322120
99072
438817
585154
734950
564679
849598
260893
962322
17915
693941
942382
105271
472012
980163
524950
645384
39391
171666
317640
827159
3150
631553
32282
220356
435233
223780
514764
234375
53462
976784
738815
833806
946957
125696
712304
804822
700607
862753
459187
142233
740445
218579
178494
191322
205818
974836
828804
643908
317583
150225
721531
189472
680277
136245
337646
152524
270054
959849
801103
953302
82902
327353
434332
528559
473209
25799
534434
53480
9937
290597
68152
80810
885305
18354
410272
995757
515312
227910
854088
71352
850760
53535
783800
435432
305740
383836
51693
246849
171796
470630
871632
981150
26022
330179
455057
625837
166709
26647
674217
709135
193574
35161
798923
546199
614429
345546
770397
421126
852831
157947
336590
154125
298214
677891
960792
471750
913691
728197
894072
134398
152739
445841
87056
603437
899070
405924
928962
933231
600537
953412
250039
983579
389436
191088
801773
588329
69714
245983
55606
199504
879070
595104
285811
714889
116313
60014
140846
797515
796512
452425
798773
866780
645988
374222
120450
66316
702303
939471
162131
335851
777323
594355
437809
115311
367695
624117
966786
73260
818483
926891
222404
48300
59327
511435
350688
748928
77136
279539
12481
203047
437684
667954
660440
365737
777719
443344
125848
682934
364842
378045
770029
480945
122942
934790
149460
302905
743732
778687
533797
809018
648140
811345
946444
18975
912202
862928
251391
59302
880778
776200
893257
187457
293233
341123
714172
522070
113596
395680
520567
760817
915922
251383
32272
491081
293917
81006
151527
137263
439013
160273
771273
623527
640027
916190
720984
143453
474094
521092
986752
93006
666756
135037
236846
282292
630247
171280
450617
626407
758322
749923
854238
242948
11989
444352
795156
637395
233000
127726
696765
761771
357300
666791
975001
747006
872780
111043
335539
851495
306141
926916
918443
929807
990635
273462
449789
1160
154223
585096
46524
429218
338217
518278
824766
201736
968879
702520
495982
283471
516971
850302
622937
477265
20602
638841
313685
674470
889612
749803
868678
913751
641678
922167
448942
708837
184747
420706
986606
897391
930519
584655
915801
151035
82448
465539
695283
971977
218836
280266
825696
126377
545457
905260
958044
151035
197388
111479
260936
387901
622394
635005
550948
849699
787768
541963
895501
774295
871095
677600
962793
13882
287487
153399
826343
404835
5054
355436
464572
532644
811596
312892
36239
528225
77473
493454
705578
738784
649307
659590
650388
449174
592421
530023
676807
999883
829013
873445
734740
208135
46205
326278
158043
24729
333575
491891
100132
798999
877494
894621
988190
537639
68008
42814
53278
802314
353237
457021
210754
759589
757746
165769
482219
743965
843675
226425
227292
473017
29724
712634
152113
917093
884986
540849
532350
62957
912306
967634
977809
555768
770057
600125
106191
843315
701308
638820
610503
678678
580892
659400
838885
360174
140176
379646
12943
974744
725096
618371
812086
335079
486370
87545
972700
906977
276274
792484
443465
228580
317340
279087
75048
265073
45862
338949
27996
580219
755428
139343
792225
465609
996268
597308
778852
396998
607910
743193
815634
407461
377832
211376
869143
797289
693012
467010
736627
532982
441118
801648
527151
607076
550128
280834
742786
631169
39662
834158
134924
133482
966154
466192
590106
609632
122150
955380
582548
603074
920185
319813
451866
308136
190933
440790
134014
299391
186920
654778
235019
530261
74568
790899
962974
915500
421759
667149
962839
563972
692492
404410
382001
445971
802516
675743
467446
545818
343160
452312
874072
526600
768064
571881
982956
537698
408846
636375
748422
110687
788586
943258
944329
330072
472047
834548
613087
767402
819880
458638
860409
50524
31520
528281
388089
32671
716112
939075
928028
994548
394802
789833
694724
69264
863677
721367
843691
171445
817693
10762
62632
799781
874493
148498
91971
43993
128850
351393
572867
175648
512838
4041
468499
861691
826722
530682
233321
746402
858175
78091
24772
365563
447972
468582
394631
206149
232923
830020
166661
422878
805247
64309
187504
183572
593722
202547
83248
393469
918667
707196
477578
716180
295252
841604
724613
532681
636805
215293
794230
886498
8542
337034
97737
401154
528922
956528
938620
39153
337287
329285
245705
905287
745225
137712
336406
114083
939398
376752
299574
831499
72861
965625
715685
485179
942292
343886
986025
236045
131149
439244
310842
976628
441590
423246
635001
435748
720675
823417
452188
942817
216175
655622
640503
300857
790884
406404
916186
185381
46675
248340
792828
359831
747153
76099
593889
667476
40697
584609
219160
699793
980131
241978
586398
172420
487618
232300
264324
737319
859287
413154
598265
439167
425313
968393
293451
172735
859810
165456
806329
273053
515733
243029
573078
740431
433672
16747
68220
386277
658202
463610
812240
546936
488238
468605
844020
325096
534143
569164
939739
552153
834046
993427
588306
446651
600156
517289
314815
879640
714326
639037
573115
468167
191952
181191
83728
708612
682859
651708
642955
316743
276833
598143
811417
344228
505583
197014
677991
709798
26999
694663
537896
931228
137677
342902
825511
915841
347076
743834
709022
469570
9652
80697
765108
459889
900777
988803
328038
345820
118390
848421
207488
648863
498530
568351
67588
769085
249900
661270
568591
527925
590448
488242
234346
285482
23000
9707
14685
750964
372841
564364
84783
672535
947667
66093
512720
781110
964387
565057
365857
9734
709588
824260
744650
633750
607065
843271
609585
965484
883848
545763
861105
995064
110494
794122
187143
924512
667502
165977
449743
250861
966453
971273
655047
793999
192640
333370
825208
698312
970768
723164
508604
758200
253703
37616
863364
870528
70976
170193
456797
656784
169462
765959
465405
986199
653222
49566
593418
228934
192608
781082
997550
940408
110443
571431
836623
395847
611807
205762
77103
938166
920490
574847
920663
931904
170850
647253
164086
171104
349900
158900
415002
88440
371513
794098
854998
247246
465758
896452
782415
784475
997536
304387
609544
829516
776273
777299
626616
900895
518548
499187
883616
48439
609487
972011
401687
516870
331121
642132
410690
16536
722927
668958
554590
321516
233719
291100
751756
946857
623732
423764
187903
2087
43368
837681
168989
617777
685058
485291
307629
783720
529671
789828
751933
692678
816340
989271
785654
629595
535469
261155
674361
478798
340885
640863
669599
93823
530338
533743
128916
359721
325655
900596
179607
246493
241712
991964
829154
924723
406059
330138
360725
318192
824597
933808
673022
401685
20513
565920
460000
667053
437191
131071
798168
165609
703607
756116
218286
812607
903362
824253
650460
130243
221120
207183
220706
819342
574168
114835
960305
369199
540942
230620
345561
255473
900793
852988
772057
198336
147071
13508
543258
560311
210386
511043
289349
928122
161252
248190
381356
21523
758619
179204
492051
644330
614839
228143
195966
94002
305741
610786
701978
835572
848538
631662
836837
903575
753011
106796
161087
750115
463830
425430
989533
821460
178890
601386
671376
208710
243562
223940
544116
408766
485904
896806
785844
617094
949827
116192
402487
356547
116925
420365
231924
138251
870272
889406
731838
270519
852336
428640
718970
486757
492429
849058
759296
68978
393792
910474
402943
308136
338521
261049
434415
325508
387743
976169
5803
888004
802378
306260
299138
199787
753351
340215
418650
508516
324116
504323
397184
995970
251155
865897
563264
85218
863402
795408
990358
644286
345576
597362
917554
710886
333726
210240
590750
801887
746749
700730
757644
570706
90006
414914
991346
4572
503238
643168
577069
341215
890602
580311
507896
341564
44594
711730
488390
266225
532764
974316
359534
20169
321751
784293
452952
330706
259381
735594
761071
611159
752403
306804
270703
613790
655672
973971
248406
314564
27055
924758
944772
975428
138576
642717
220091
835097
844767
614034
657249
32952
757747
595041
71791
910227
550052
98552
265863
515702
189083
698325
369529
769232
306071
67877
354609
736575
99873
183662
557605
647625
36493
136615
366237
950404
843056
464160
488093
3101
717976
274211
78075
235538
661565
666978
907096
926358
284197
643717
317252
773397
623663
572014
46958
117871
646398
169961
782739
411990
573134
244305
962703
839264
939099
966791
609909
497733
112790
799804
882895
135508
727360
134891
840587
700679
295631
784549
994590
166483
304771
67641
999383
866721
689825
13517
351093
584559
64230
732603
363359
132896
894507
802490
568487
210048
169166
696756
424242
869876
449561
689517
581376
913562
862175
706213
175211
862049
627314
481930
59103
411287
76879
466792
998240
537058
576260
652205
333761
937741
942170
911032
348541
400320
400150
362446
295087
756604
877276
165578
593467
101149
87848
69343
891224
634412
215749
985996
6151
521621
719996
846518
42871
636412
324891
381468
601222
180708
445946
312607
532232
909016
515265
922384
873362
461453
235745
32087
354416
718804
307846
339694
548942
902779
90398
672097
9249
412090
452257
711275
7648
508649
530494
191625
175803
876854
304910
636655
254326
487227
197005
379876
158256
166033
888396
387660
12894
314617
488759
109328
668714
282329
661294
242851
428623
90744
23510
472991
799346
198455
673839
530789
878259
69678
105972
563186
79191
825026
298225
126912
334981
931806
259480
534900
299358
807797
665159
18028
395261
979851
224765
702844
45520
865528
455172
914242
302039
332436
914397
703987
573337
996687
913290
503311
513188
454847
171525
753332
588037
783752
76188
910670
748380
823718
72590
327458
69517
378507
880956
643020
476354
456875
563918
92608
354348
308662
540336
849558
912303
671225
97142
73003
470890
334131
438562
131909
957765
597357
560501
537650
430306
164002
779119
690622
377852
514574
602576
388116
22258
6074
989274
116117
591170
625328
78395
817120
176508
20211
236116
441231
348866
771561
368347
452825
521358
771796
660906
246462
643914
237006
229247
19617
774555
998303
376947
165409
232200
359955
1207
795842
815615
337693
952002
892046
798167
906368
669661
141953
135976
871151
950751
313672
912210
666219
726888
649588
481307
81889
909970
652468
434330
564706
373389
811734
88738
245011
899873
587341
999398
316684
961456
491504
127921
580517
24274
227723
733112
537396
5460
538673
245071
576830
997731
862644
633958
575529
920727
624502
582826
898855
486747
95426
279912
339172
792515
694327
792124
562013
81211
170489
131650
98100
899591
176719
23800
273480
636057
852800
247994
612547
608015
223268
389548
566934
672084
537581
717969
13779
768624
395549
451213
623729
766544
813945
232371
300706
962577
432339
652818
43493
312529
330036
370919
611856
612239
622253
234225
245231
666152
966866
452132
292270
725017
714043
530304
825134
843479
237743
776026
938968
397466
369821
661991
202976
179076
209917
626930
295728
41124
496551
720495
371652
929795
812645
270092
529608
989448
201504
616835
986284
941161
302334
256463
685547
291775
600484
538403
194830
123149
618510
945719
301268
646929
984738
209674
724043
587797
443
139727
463575
302511
815581
457931
387227
565802
921333
742540
728166
284276
496635
183941
232580
974577
555214
117048
856778
487015
854198
387242
413669
968328
289480
550321
715385
354547
600065
472518
416032
877896
419673
409518
534385
730897
824683
183335
734286
103733
560971
728370
619775
97854
783130
499516
650311
123573
898346
97128
127275
869867
803819
897558
285112
907097
150505
556231
191542
403902
626266
928050
154954
376784
130736
135693
89092
533824
681210
380613
951122
149058
655719
659929
686981
871187
108263
658572
48230
602491
77804
68494
700931
278228
986682
14071
657068
794806
229621
929780
495497
532491
990586
1862
985249
642759
794425
249604
708444
164215
768194
716158
30777
97213
58395
345538
607159
5430
399112
692087
465210
887577
681027
263108
358292
751752
141659
82910
313376
511723
905316
95241
981178
710808
930786
127467
914071
446939
359631
501366
769697
44803
357616
793086
375363
966794
141382
900093
143451
287395
822204
246716
300276
610789
980802
360179
872026
584315
64054
117645
138729
696707
289523
637562
291018
673174
963253
567715
236646
564273
553149
966578
831754
267483
571528
77688
19780
313289
313928
889717
599439
479974
883047
150219
204702
335967
347584
432667
658770
918274
254308
422872
911220
449940
330437
337437
964774
188688
638125
735223
640570
101273
251793
7788
103816
136593
183246
498625
733936
93898
289496
824080
639052
265427
505315
6859
378298
593208
417033
682236
230473
559186
995371
778499
699374
625186
830
253027
493415
515024
987965
846024
819687
315193
744550
132741
177414
980118
895418
328013
527448
522394
533099
372801
998940
352418
885607
943509
996169
300123
385426
769519
976616
785813
533087
222112
264812
774449
142368
142306
904087
43877
925257
818055
669751
192464
850514
206039
434757
64346
118197
120299
478737
521016
193583
869512
344729
734935
956245
287086
851503
705378
956221
727433
786612
995957
758662
666542
493622
756138
552175
202127
866999
694290
285340
261628
562377
875000
835014
572195
100395
178595
131597
84894
491800
451118
943999
923174
121979
480518
605624
926247
965803
909107
494073
401122
90935
722402
4275
853171
781085
259534
505513
524819
542795
279370
905585
144782
788611
183857
882971
449851
737332
292385
752047
410623
29767
15090
136714
582896
80742
621793
317419
184848
232153
697362
703563
451629
833127
361771
864447
129108
471285
371159
695740
524169
189500
294712
481876
28952
470480
830539
897746
201496
38743
884897
319851
614211
136912
1949
58554
679089
409868
782349
154712
649643
582529
678905
770647
613149
845289
639487
998776
95472
102479
126977
408997
684325
94914
206961
630617
722739
413088
249050
662684
820456
56704
815993
540919
143457
480635
402466
858154
645909
762758
219159
580289
396625
778683
522443
200194
332989
394692
803776
455111
791463
257607
190423
827640
802881
582161
715437
143263
811704
858197
169282
290015
995047
186833
817516
202331
512952
490395
620731
250847
442248
377835
295973
614231
283348
795371
17221
637797
926594
727386
676384
99808
631090
614617
649712
410796
843359
514483
429752
368989
880688
592303
83480
736420
315403
643863
999194
236718
831825
870316
127012
932953
608610
865480
525630
527263
365331
809850
192489
541063
509113
911609
616556
798413
835276
787190
231170
795693
136381
323983
578647
960746
484843
335082
645132
168573
373737
170184
232011
697822
362741
421616
384674
188112
43097
333409
633024
828684
997588
536859
293579
276129
617549
998008
66378
297159
42321
100530
236821
24828
894812
601114
818596
56723
20752
816313
347766
828980
65006
45465
392605
684447
479459
497589
259850
533609
600413
392382
603099
252407
995964
809097
804658
973665
331558
487719
479755
606054
445795
754365
428471
186016
788948
547162
384349
817695
804126
761242
580863
386738
56636
295863
796080
215805
931243
455021
285000
952306
60762
915866
884187
620385
322820
639880
233831
496421
412936
577471
417416
452050
776926
527215
985969
429145
819132
480960
366404
443980
657639
211713
279891
495644
97258
322286
895589
116433
713426
397472
697307
655042
135179
735376
223531
381027
713909
671569
666524
368551
152214
321524
200208
39155
944470
315626
383831
317012
443683
469124
674169
981295
243965
852212
933518
288981
382317
325323
844146
895889
63451
65916
543100
36627
157273
448140
736602
884017
984659
546495
199853
35652
321156
541490
359993
490104
218864
535245
650716
65164
956489
375979
287838
434913
165572
11859
646573
799617
583111
756139
657879
756359
290420
49129
549351
50238
797125
654141
382841
970121
295233
745603
57468
528431
124835
504927
213307
274497
857783
286881
685932
640
357630
697564
718580
462372
288880
670385
330498
887033
244960
579877
148318
347895
851662
489001
424556
201224
853144
526960
437038
996544
371993
155920
498598
329329
28300
925661
791414
67390
625350
208936
289872
371986
66466
164909
674328
958502
355114
317439
821556
758198
877755
813096
372909
812070
854793
225471
512194
203705
125891
941542
588462
933708
299755
324606
501379
642596
714461
396727
269356
377320
273345
542617
866982
124909
308980
829176
201684
844616
197597
7324
535522
991276
926482
133073
202535
440142
926687
207960
186923
408568
601772
243988
104347
680847
72954
479407
477678
428521
908973
80891
209023
258656
771110
113862
484157
914897
170640
772825
604422
967530
292211
40478
845699
355592
389113
117127
293311
938422
214017
710376
24401
286492
168243
779754
38232
373137
537266
545714
872347
20914
220293
513588
441641
408927
128534
100197
171982
371169
377336
922794
326968
670053
77287
379970
331985
768741
982850
158311
540087
380900
826621
469221
795923
779356
404334
718473
267773
450802
135346
996992
114074
14535
863291
607530
730215
649869
223608
747501
640828
477352
298937
193850
321609
485563
397510
167435
389527
364200
383221
529466
211694
709195
418750
541066
277869
678149
758867
321890
38190
650581
41324
386874
742201
340366
988470
705163
984624
642336
297710
376622
432913
975296
913493
729041
933649
130860
915234
750313
714856
860770
706167
66438
891257
998324
316980
591608
328738
816627
495555
19549
213910
96324
494131
361308
233093
680569
874788
681691
709077
84734
462397
198177
19914
338248
353078
790643
425986
725605
815683
94488
54105
651824
151964
619504
817413
842659
273840
270147
706815
601607
983590
13905
819882
420230
806970
915130
731452
874271
281770
226134
339872
746358
38290
638923
570750
320613
872654
131365
34025
111916
507122
908810
717881
121883
191931
422246
116008
740842
131061
99155
723118
983305
18893
391003
743020
208613
773881
379135
863297
140567
568224
200516
281575
675973
906087
792785
503321
701952
859971
528554
216435
666974
916054
466915
574578
126843
305117
362667
470168
157755
925803
35241
876389
327580
399240
358619
647727
141181
598224
377534
157536
6166
369026
608566
893119
325976
726436
577350
883134
426893
917518
584531
426916
133402
996495
971623
15651
703104
277316
668125
280076
975138
665333
442382
358402
762849
733611
136746
11681
501250
630063
488134
498494
465894
661988
612033
298603
915871
173212
947823
765021
893219
339494
618499
554370
429452
671364
470650
203365
822611
196816
222610
705419
587087
512782
994597
402763
687848
867540
922771
924045
38891
968292
395690
622189
800387
714599
863810
54835
498399
327385
569834
807759
876289
508639
256347
643689
150923
400802
443562
810606
865173
736659
265584
273497
438570
880222
744480
303421
363755
736099
484219
587662
8063
64795
499854
536582
497727
799868
822362
894242
976290
431582
19805
185258
48414
564174
512782
294178
627490
945713
534523
632893
630689
775227
964752
881109
668098
838436
284774
230532
328634
690825
595920
475587
281359
632705
712130
871736
301502
252346
4868
454834
360499
847638
928889
736105
622961
396158
124958
718352
141014
403687
879931
262199
133703
840730
202320
214556
333768
380797
228594
312046
85530
614850
410242
880424
113040
508201
599933
359351
580709
749586
92219
497517
195305
152894
879956
17478
129967
652739
501521
44428
712949
861227
242789
210639
216207
671499
348463
290584
187454
511019
501729
363481
82137
830161
221668
850344
32946
209816
284372
578527
677807
62042
639100
137305
494259
622367
409841
331470
728576
713987
863830
556796
400965
544960
6044
981396
818067
431926
191031
138140
767375
501852
45111
26571
480401
886986
42795
870591
117787
799537
147358
393195
124036
801424
80544
716477
542471
775586
15300
844715
692184
846383
277614
987604
526438
876726
552495
485260
243368
885608
780014
672697
851183
549083
917150
326757
970267
285387
452420
664815
255724
573090
837618
429993
213659
279950
577661
748742
432101
929555
839387
770166
69047
604442
321818
188904
143881
502944
159896
295897
150854
561083
988657
568204
741215
621591
510384
74328
502247
904588
609928
415383
608644
418350
951912
886269
243977
326117
790113
292924
987567
644730
975500
688833
986297
201200
567529
790137
911402
555474
429195
159400
250501
999581
117788
698592
140931
313571
234491
2986
300622
372919
859748
834342
638346
723794
547606
873116
634345
948334
4660
277773
212049
450103
834831
641737
40074
23790
704214
395748
714917
170005
610668
695305
157106
826320
309242
484720
734212
763669
869484
31688
222076
958501
990066
361718
19886
865221
963889
406049
466411
918863
508731
644498
725951
400706
389010
428520
867289
427625
884718
111423
285733
902283
441717
411127
214937
669019
561002
870596
115312
791965
506566
322194
91447
682606
12917
760969
871089
841287
401058
339950
128600
655333
799531
827811
261576
491558
41130
66296
225256
177218
58019
737144
929414
633281
715759
663931
139454
952474
192082
188052
897443
670951
904311
869426
780923
453260
89212
364291
664356
938669
562797
478980
537681
166594
791671
192454
592447
31139
215008
241641
766685
973772
737212
715315
987727
322477
378789
410615
245244
564800
313185
494441
59820
788466
479438
601800
274726
412299
711764
92915
619243
647583
694654
436556
592077
736426
456367
187615
904336
870268
343464
845029
139877
950650
970425
821473
312652
325852
85202
626714
715595
385786
850892
316039
126537
471193
33362
530731
566840
870435
795836
938602
191704
489476
860775
344325
30483
392791
226180
138338
975906
476086
19962
893342
914990
143607
167428
782883
865062
959691
417471
155825
17813
333425
332312
215351
363254
208067
26840
648136
685165
150336
267879
99233
438609
289425
689986
151480
689390
822072
137405
590091
312352
730418
239601
600347
543302
54445
799125
888484
486711
875425
71437
813853
191270
937197
822620
833781
651587
651164
928812
42257
524519
119322
616929
524968
439704
120663
337234
17188
971293
381696
401151
886343
610917
750170
872274
822197
476505
227514
980891
938506
13002
393615
639908
552075
520952
184806
634095
265235
579959
516121
420916
907291
124419
338981
516307
334853
794347
982146
167028
629656
14392
704502
443997
985608
696208
226421
812005
985798
1015
192939
350855
692900
128124
975072
385117
472369
186401
974500
470211
997640
831992
399172
778780
554905
59751
485439
693675
538484
260562
378252
321816
935118
812421
308066
549647
293054
829247
270177
654774
300411
822230
177247
253297
790180
432597
143865
625221
398981
871450
856841
997810
845221
869680
43465
225503
878767
696163
589626
901542
28958
566936
248236
187457
829207
772908
91566
743237
324924
968060
66996
125355
357654
451190
796192
15523
33980
576327
195890
678431
560030
806600
765107
153328
11418
846218
976941
324604
760886
305933
987455
95322
380893
338582
770028
240660
433784
524641
486668
539444
884847
136733
294525
98470
604752
117958
169459
659627
662097
533533
372711
834493
646371
230997
622190
988656
898621
671098
142932
10556
436011
601025
801981
90688
947512
16711
844499
499478
859594
10449
867691
211826
513957
532687
507325
436282
278333
302861
136341
164580
592388
187990
70735
394242
344812
121203
721645
489963
759631
959313
927596
889495
696662
152318
866395
177899
812744
840872
763677
4309
831039
28198
649573
27343
358208
867816
121170
643479
774217
119845
283312
515150
160594
279677
559863
483479
203880
86076
841904
257440
629919
742549
391806
301358
982673
687848
249357
192387
214674
305675
429730
543065
106020
880405
498829
434672
204931
843129
225204
791621
770903
7296
754035
493748
187990
168798
940909
950915
431376
742527
33058
115386
351604
675858
852444
258103
384025
249010
590373
565508
54933
163081
350567
143587
591712
394578
176037
829137
961110
910325
130667
825600
176576
330555
108501
281758
997223
939028
433463
84104
626452
725068
399655
758005
965921
873853
985010
607520
742078
120978
841915
324440
804395
599563
377742
181290
790287
653695
321338
962340
75619
917371
297714
149039
513408
822706
279668
450248
783141
823799
539197
621042
328869
861765
656836
365346
691615
782743
421804
499614
644302
532521
686041
151573
227920
731248
32504
374115
747715
283478
71190
87932
677037
64219
688953
811079
575997
475215
835133
967198
116297
988821
119472
593800
35052
862420
682789
511353
589502
382981
567817
583313
947215
914337
185407
868688
108364
140909
182109
66476
393654
926903
50493
394056
978684
475174
782762
58102
2301
314042
296538
841540
833110
327107
836105
619453
100322
505578
910227
417710
137491
900350
690281
274660
260486
698641
271885
244947
826316
627792
151487
116891
378236
961166
448476
952644
973673
641068
685838
283843
91379
19535
767881
429286
509975
987602
46394
836959
98479
224105
631251
291000
906495
646761
828196
562945
54650
739889
104717
598721
200830
883471
465120
680675
391516
178879
816995
735743
537904
990029
275738
870708
511771
854425
302197
324550
634020
440117
720
338311
971330
504597
170781
83509
950560
207533
931562
480284
392613
268811
127586
970784
13451
115953
530576
66050
126065
971237
285838
75090
572437
157366
87215
153472
527127
723522
428786
650825
92019
497140
164507
902043
702621
72997
794777
930707
50524
223224
648128
579353
201665
413681
880002
382518
542832
616680
360460
299903
74277
422018
332148
710832
895889
343439
904980
866389
614866
813287
934434
388975
927548
89690
584391
417114
423369
75861
217045
939061
464423
862581
396233
539162
839265
592959
385268
576950
823990
405594
121231
976076
263922
778231
116286
699472
581004
96194
671687
248494
744079
655387
898195
354236
348595
703974
899306
565839
404464
523282
293806
667137
695786
570961
679180
332240
339949
697213
477058
576292
373810
318319
262984
983226
506864
668052
607844
695899
155533
981758
600368
476462
742621
797358
338745
798295
714101
564153
761992
934640
209109
605164
622639
844328
290220
450672
415476
965823
548910
522664
302631
214121
924801
570024
353622
54766
170777
656156
558185
761504
441350
482253
111757
572163
13028
445662
956136
857893
700356
427101
482807
36882
640524
685405
890345
763274
202039
969546
545828
19206
971439
865670
438555
727595
614407
160314
468745
658246
692719
322720
262972
601423
406736
143642
375226
501137
221146
747789
844964
686498
958282
864099
245489
18779
622211
223459
195097
747094
334557
539253
36833
145109
103570
567134
448752
3899
873731
740110
998947
21948
387447
713364
790516
538191
637714
892249
491061
720866
714867
860260
433945
493027
881023
352037
100316
329267
86189
808004
65112
108118
797549
578948
462215
775117
601346
89724
561167
380141
207395
499004
26472
593329
644054
582747
983600
682894
359677
784200
577402
81656
785334
299680
451922
857936
304105
768020
526106
771661
582536
228961
156826
673524
122743
364657
468535
726504
672251
269374
710393
812647
369656
990845
698005
484989
968179
690850
520097
247065
375334
560981
939336
416877
673859
291824
446054
457887
360999
42485
325195
235075
970286
317538
767766
960536
199200
978315
38708
163164
481541
351205
184722
160720
245179
154799
758806
65749
676791
951605
126837
607157
410598
726244
431033
349350
984678
893718
50864
418802
559485
761614
289904
588719
178081
579657
894772
98601
424025
685238
415175
406461
55363
399326
220714
924419
275096
643299
165623
470261
910969
354931
781643
484386
333578
793302
93716
253289
571767
779903
955480
255398
665873
848520
858699
705408
983403
417049
963542
240928
570919
149350
976405
214020
720915
988844
631624
236831
446525
801253
45574
26074
46986
460809
863778
626078
67446
556686
682736
66405
170834
49807
221742
923769
390419
179807
608032
643262
260355
384588
172290
271242
581371
506817
309325
362259
503880
165083
575814
143952
537648
64050
453601
237384
720267
801967
833130
199466
393754
687636
462600
937723
222529
762404
471224
995227
541782
206647
486013
479237
217090
82716
574914
112189
9719
73251
228619
738409
121770
842355
895371
786992
339757
274413
722657
888359
346063
34094
300976
751436
267937
364888
8921
103905
301874
423606
312415
420637
552267
194098
967567
400323
385644
776480
920295
281288
611014
8409
761031
76866
53846
887430
572482
418693
354178
578669
813471
106501
201269
200935
844616
834119
145838
449434
236016
592002
949299
229009
232913
955456
844248
775048
334464
102606
962787
952884
117286
343695
307773
748884
350573
745397
22020
433487
189776
506605
548483
679493
805379
566441
441377
986277
580337
242323
459604
30715
761868
311411
468242
654695
39100
385527
200984
965704
558019
951615
134211
328206
922421
339648
925852
583283
645150
497489
8855
566255
625864
38130
591728
852400
170889
819863
132547
597603
824343
860035
248940
472429
758554
404980
615484
183284
73054
754138
419145
44489
810600
867813
525746
493477
61195
430111
858628
111466
97111
724071
411205
811573
33993
730338
93132
912176
57541
214827
637913
778871
972221
218525
928809
860853
450370
497604
972768
554402
551297
389920
752286
231619
588311
302601
468135
295749
649252
473053
121038
897263
614618
665691
950059
387806
852455
884764
908290
608854
795916
84250
901027
769125
644622
594834
725865
196654
124585
131469
332303
726449
178336
892375
704223
112109
727735
354126
472176
992125
566462
790261
882413
47964
723198
410794
405583
314303
341374
83371
348777
138259
489795
659825
238011
546289
361173
838129
911
177908
998253
12141
488517
155982
523144
289096
622590
866822
413189
211176
760780
498662
773158
501324
619532
387969
385714
366887
958648
61277
352616
11365
428262
267099
708912
77307
829374
98304
343643
411464
121302
139973
849712
962910
119317
281413
133144
11672
364665
298898
890333
928236
421058
557271
532708
689010
811801
964763
569054
67776
639027
953337
626874
771381
209835
450336
848172
380822
497090
643131
244892
458357
97749
748351
25949
687221
758527
674365
226046
764720
983272
460976
731541
36182
210592
594994
301776
13568
256182
325273
205783
286266
674138
210456
164638
727028
313428
344759
862300
710745
529585
210857
788431
114027
245885
1513
743851
115541
21373
217430
365712
600001
657842
935293
481130
758820
367567
426010
630705
880878
326263
583955
426173
538051
758640
972827
199442
533279
715286
192505
298325
535735
357939
454387
473363
402169
82129
157021
874660
24891
555246
141222
682679
539363
917876
237535
267194
609367
497978
832623
943433
753087
43059
173262
381364
139148
961112
182713
9448
626543
47567
391786
25892
485174
403742
612376
927759
790671
11978
292399
409900
945674
232885
988746
419898
429284
13878
645706
339309
698558
250030
349938
484498
926140
392638
251262
451827
127765
763038
116821
973587
237976
636564
9819
839369
779403
852667
831304
643112
72367
898905
222954
640481
672977
481086
847721
112471
717096
434741
562834
664760
565749
951800
169167
6739
856818
596361
439380
86888
962972
236204
409326
972082
402439
57899
890276
444709
609615
6826
188356
586862
411850
520299
756102
164542
137695
410564
116997
351308
419846
869207
940392
761031
919372
477060
273190
831842
850274
940068
912949
891800
88726
855966
109874
977902
548386
498334
866989
296719
298467
115553
2177
453909
665393
807311
395603
106521
735571
64010
79783
538537
233548
172984
579756
39087
180581
867266
460581
889406
230367
548687
789237
830717
253779
265265
615787
75273
611738
379116
982823
134062
590432
307180
685315
542022
122032
959663
832141
476089
763025
694452
839231
331939
337733
109837
937641
596572
1230
952887
270044
622870
849120
409828
926426
416666
245528
440988
735798
984897
268168
654396
142436
258736
879454
705997
736567
384212
950997
174076
312251
23271
256123
524638
88031
878361
887304
152373
869229
218629
114618
272131
816652
87858
632966
966300
591297
388232
930858
623035
444390
518867
210885
156522
93501
755734
553590
974994
115286
313206
797717
499245
993435
441032
384484
362951
666097
918255
102441
776825
133016
995237
843474
256563
628788
821832
567865
832083
428537
49923
647230
97027
272895
701588
358712
16794
334494
67822
813328
104330
487301
914251
185204
247139
393542
367372
551180
360747
302740
85203
369831
657743
669588
7679
106660
534260
712170
884191
240858
770616
347786
775947
759652
806722
237759
835602
139347
527114
72544
105412
928992
814562
138264
958933
409661
921687
613002
837822
713746
834718
698813
624939
860800
579220
984103
307310
248777
362861
546044
296627
358922
251362
677151
177646
14214
157753
702555
701719
4725
588469
670578
59024
482236
824564
465121
899334
505068
389473
487799
719216
343481
338695
718238
981260
997684
281294
899682
183886
208249
299684
88712
46320
773429
423800
51107
308665
352572
320319
158607
987441
793362
87976
386503
23018
608817
634077
702045
1071
621563
371502
104298
454156
676229
591773
148634
695765
846391
714874
270928
458902
909986
472407
956064
587964
479914
575514
213751
792070
180573
295742
608028
519695
573994
42724
210651
6814
745064
14468
279368
758357
406335
263765
521392
937375
173750
675315
716351
631681
413485
213779
235419
970156
891103
828788
354773
830068
136356
584294
775680
133104
321403
881452
111140
190517
640803
507598
968573
334946
945809
92453
287537
684488
794032
265796
199564
358447
50129
722833
712065
584595
542370
57761
216459
585949
63924
775783
54324
130555
325951
16236
942211
623083
532374
446868
712418
654170
470256
974794
386713
779592
831343
554338
156947
721070
601570
690824
148324
38315
288508
78575
810204
394078
398859
612696
298210
853318
949428
70376
461202
209693
292846
398069
33582
623424
593815
66329
104325
44524
100740
795543
551009
787525
65398
31517
330957
135309
441426
384120
332544
342725
57965
280238
695255
729393
934905
995909
179570
372442
120574
482524
320464
331314
577738
49083
349546
28643
995052
937512
260272
623502
791224
589331
994315
132170
787708
33495
76032
101339
471576
734530
115552
571311
982983
331453
341592
784600
765902
787931
632877
675082
204413
445845
533253
155795
156994
185090
329311
765240
974107
881610
895545
373593
643874
353495
847020
113711
960238
448732
734742
392917
133434
385263
400355
508540
104331
885068
753449
411930
735397
442100
340091
366807
979455
801780
222218
138040
934033
142923
487207
83828
773877
507344
182039
709002
787474
206381
633865
641293
610114
156644
682544
364027
759693
789015
911655
707665
379842
651658
793476
680357
749738
430339
213422
707318
679943
517935
12986
66
655921
362662
965376
816826
947875
526759
89398
336396
732999
186556
622988
508329
995767
53845
309362
427334
468157
97915
28073
801250
617320
407242
9290
718477
393978
943782
96467
706968
867165
461169
721812
174293
54922
51067
35196
244776
715067
933405
909488
698988
385666
283738
472885
81359
313807
430540
926752
982345
208603
799365
888249
286109
479732
871871
866333
87800
191536
93852
786151
837948
77751
366823
619942
518066
381525
796733
150200
229624
994150
401090
153245
649655
18697
930933
669794
234856
148331
920996
605635
180756
688520
60295
218676
880384
530725
201753
902347
193303
31401
427606
989818
79246
69936
40100
546157
158629
200484
119556
122016
596473
907168
499508
935234
338973
464363
834351
345599
310124
999143
377970
589922
350349
137058
847554
694991
972927
801193
901441
246340
277720
645810
669166
298040
428745
781166
608814
193185
889400
496476
824670
605837
522012
666059
947926
385665
261402
903962
573900
590143
416246
205632
158863
114950
767705
628063
446927
430106
816003
662738
86298
952985
712285
225989
592722
264819
344787
76132
394287
646534
874334
569468
862093
616772
27186
233060
445302
41094
857828
446483
561958
838116
877246
906016
355684
305918
300432
789514
594111
245543
813912
296105
692914
174746
668713
395625
18385
180168
318555
381331
589986
908619
413495
226802
993231
740913
194953
244759
531706
165367
178896
544215
379599
876087
608990
869756
679256
876263
517310
861294
909731
442926
315473
394948
233645
792833
959715
37898
916011
688816
980115
714150
684960
415915
39320
961532
423808
711486
120903
3169
463529
138033
134219
641747
579384
581325
142826
389228
33811
852271
932395
20283
708514
574930
543276
470010
933470
763972
481703
631535
660351
77277
228961
163008
159250
338364
342507
346323
200775
97179
687727
535014
859672
473776
193899
653369
54624
727140
477490
866011
699860
483952
775376
158301
695937
583219
655320
546640
827683
843862
654182
866395
13461
938769
848581
113498
882948
101865
741815
919171
819793
391023
116614
684111
970625
598252
386634
814917
217449
444788
882567
557672
759952
923732
644215
638446
936953
588838
660636
846814
95557
487876
958354
792873
458985
614871
887358
297799
351616
982796
588482
257179
920609
426413
763895
845522
792852
63473
493791
258685
954564
604917
852135
415259
430846
43995
871570
370963
298987
419077
650026
355488
629833
813478
905109
252871
779939
583094
723823
554399
329005
154082
899231
501177
681329
537110
865865
519663
39256
229942
227265
989278
23109
569330
939516
867784
2047
268637
902214
562913
319777
461764
96585
156675
317584
271001
874326
874932
149853
761703
823871
797856
347571
261193
31141
351321
746269
602789
536906
433044
490381
673996
724662
248814
592576
733983
520466
530379
365326
608905
685751
999668
138428
399511
548991
894673
678307
298630
854973
907999
397601
825342
998986
2608
10166
90422
743211
88254
724549
78166
170975
303413
299638
383252
571144
788745
552762
681267
125380
211281
842479
157518
775874
156177
508149
765467
53819
241009
679722
98791
472492
968872
953934
515120
506402
561346
133094
775697
10401
590018
506216
226871
739237
368733
73680
668841
110554
376361
92938
786816
897964
687050
741036
877639
574661
882954
648806
251006
662877
514986
508240
767600
688023
549655
563526
321847
678037
539693
859748
644637
946993
506683
910410
464335
736155
289555
508381
351134
845847
730296
729200
274036
837723
327068
45165
579018
414403
339036
743245
819199
891418
544843
631028
507887
142082
354330
300985
640916
767811
853102
501456
260696
521390
967502
104397
791965
624747
645369
166747
131872
124246
862362
231234
479407
296567
585659
196569
578661
874771
479662
600094
477459
839378
760632
63190
33932
931502
824827
308981
311017
174636
616742
886481
509654
229442
665309
3422
186611
379773
803926
170748
533182
369099
75588
438758
966244
201824
82512
147207
711965
746964
193686
253008
234053
131455
101119
289761
290701
283903
865552
354053
78950
201226
654695
873570
776706
910705
109347
380423
906739
890043
784835
696081
18848
457241
763997
314629
24610
482495
838815
439444
373429
42418
71669
74898
189535
547632
881399
857037
694286
805558
240187
111702
520337
706390
551930
674955
729592
832639
528706
309607
354570
822407
502856
815256
657695
200052
753511
442373
331103
182918
944278
548180
996317
31953
794432
975291
916964
877958
821902
875456
394411
188233
287223
64472
147836
528139
375751
679609
309960
785507
726513
538171
594352
2253
917454
413358
508249
393014
280177
913988
859809
684434
976011
125201
76887
843578
848017
852724
632735
549679
72771
103286
750169
460006
989133
1345
684336
358918
818491
503976
968401
103237
294227
5423
462806
305890
142841
190440
585346
748463
907463
678672
512734
570363
360930
150035
603500
916132
274943
216699
897037
89431
689659
852336
809727
347278
293184
322820
96638
865957
457236
432366
566989
220689
765767
782395
887203
635912
556274
154673
74995
701004
701791
483653
802515
272310
204784
924703
481842
52306
240590
909787
764390
776139
452807
342516
577089
487069
749934
669832
644113
44679
44604
949377
556209
262893
387758
882960
410760
381618
989181
251294
83367
376077
707746
639243
477036
866867
554053
434012
473156
638256
977771
17476
242627
511725
17978
228893
508539
157344
255620
580055
577765
837337
187372
539313
438445
85416
924918
474972
994276
12219
954174
959293
341307
647392
745101
453025
575669
751991
81599
50327
859784
835276
444890
661188
223799
78123
495995
277940
803908
239973
276305
393686
658332
486996
860860
423405
3073
545528
414227
741579
25990
371554
768474
169447
229984
959595
694534
703846
972326
432530
615162
217212
303633
686788
859426
766019
23649
288378
27284
263304
16586
145059
586476
400543
418386
858400
38971
921328
343135
343396
202634
538501
23161
390931
365085
102762
510794
806581
917422
19153
25713
378460
286067
644448
964887
207325
325033
424827
564263
801492
523723
224323
209599
106512
400927
263624
525493
29946
833004
46942
414645
61342
763695
264158
566680
595978
803938
551123
847494
783943
901206
763877
39522
295924
225258
737239
516464
59760
875486
790888
491404
94043
374584
718299
672039
299258
681961
137411
757165
96816
29478
190635
114430
377165
672451
991230
402553
135465
104390
677312
276290
977662
673257
285549
674469
735104
915680
268122
123320
418871
288888
709603
550948
951177
864610
580908
412950
341113
240667
434305
787349
5939
797591
366986
222356
863390
555659
348886
809531
725512
535536
47544
621329
922663
124452
463004
504766
83102
696358
678125
309514
511272
479538
853349
911508
798811
775793
188619
667909
31379
407380
45430
600541
163996
7833
725241
526338
413698
966041
213005
552498
426529
718379
269651
575871
813822
155731
675790
386374
126915
979951
991306
716754
427263
284249
175001
395793
331260
142789
167491
644152
282781
115966
730386
176456
674891
501837
147227
798743
423144
92960
708348
25740
315512
206733
835198
349473
869691
498336
880443
796623
726894
458357
78886
218675
580007
243163
656871
761463
550621
316487
265011
518471
688408
785469
833526
277950
439508
459934
79924
147979
937007
576072
166398
882493
56430
939016
822835
119937
581659
37951
218350
872601
314031
669011
351513
166948
346521
832979
578945
949294
321961
634048
413125
683266
340243
103097
205340
775223
820877
143969
349442
903087
148079
575080
416699
142095
424635
381582
684690
969753
910029
874861
8770
854266
965036
797209
212800
943451
422517
983598
334704
778577
954682
569793
794704
41284
117288
591511
692444
84134
855768
493163
227440
216713
783862
868762
620775
420657
770725
78863
116953
592018
249293
296403
615525
601942
544292
494073
110073
988340
753076
506491
502081
977912
790119
636066
460082
514009
556196
534058
808551
601957
966204
620367
918501
56881
694599
779765
192876
66168
731955
974647
501068
632948
797405
458681
364066
346637
306660
356257
900098
450594
74392
122829
394671
638553
991165
200392
669446
839227
612291
362391
867967
171558
865349
943307
65752
390825
922692
167409
141273
306793
356634
911063
843017
643909
226223
494179
208115
49214
110210
783629
804967
587783
496970
329767
238188
257089
121228
875715
189229
447845
156711
145243
50481
133677
446837
425944
77230
518928
16510
847206
591052
65388
851736
980485
824232
729884
371349
168987
337953
428802
238273
576851
708227
51913
810789
548029
583734
900046
383247
876197
421749
7046
581655
743325
255984
615184
450976
490865
233984
601091
264961
889972
89444
322705
969894
220052
218865
602988
292355
93118
127884
571586
692135
292436
167499
913623
490109
162642
297714
337217
929604
968765
869701
476105
272116
287815
820050
762461
422651
769460
801054
707577
804687
527622
838959
266535
384946
784621
302161
895013
376557
953628
816510
620630
458973
418760
476177
372534
830084
961713
592788
373613
546982
401983
500924
730677
925340
646896
79150
794861
845466
833950
845253
50567
77828
314418
663799
445326
711029
89716
212433
213842
742926
859530
612746
645553
184161
249061
90707
145713
679541
473651
465167
595265
776955
24149
616315
728905
975220
378770
364018
71023
562548
51160
877759
514424
842800
595233
391029
14449
463539
277515
377685
201821
674500
940969
954359
219488
873627
873583
160403
939192
563906
87414
490455
817134
441567
820781
383147
804329
768461
559899
721620
378271
298965
901588
301147
113499
371267
175060
703453
277246
202588
672384
291007
491784
234925
13808
347120
387748
755607
914830
307683
627861
910955
978563
459986
340326
882750
150285
316295
745084
112702
522405
54066
665211
562643
403820
966758
147525
699460
803621
147705
11708
278203
558912
724081
324494
906041
40361
25907
128290
145549
572533
460116
582001
538895
56170
38511
397417
145744
958592
317600
581750
96715
204075
613558
745545
220414
305989
285727
763819
240087
942796
148535
836214
194402
688495
902794
70160
542480
804785
581938
596536
436130
331206
703196
748636
941327
926262
60515
814393
930054
933439
446841
894621
814320
930166
783597
545053
223012
366574
289326
826783
801407
944831
593418
428002
787625
768730
161786
168211
365253
996391
875481
66025
857297
124774
894757
71427
504264
805129
568547
765461
23664
503864
592285
914660
636671
772313
161564
25011
951362
808144
13368
655130
339040
358101
443516
562378
677503
583811
271879
704515
787046
836265
686363
916102
568104
653934
463288
837685
216171
276884
751892
307653
444764
179974
293125
144964
618600
60670
452771
333878
538577
34505
96718
644263
557819
843837
523946
293727
449354
86781
454489
844958
567434
858080
111820
733129
485516
263186
859609
470324
273253
871014
856805
695112
93002
804537
140905
850304
967703
950978
676393
229305
739483
962935
666066
876438
819092
962984
748801
164072
722606
54727
632779
255128
667945
286127
90840
192112
336419
784193
72967
594393
671124
613371
578672
713949
821772
243151
459561
611604
246494
545375
247843
889589
750113
516318
655461
132848
249989
711849
951706
554578
878797
390337
561976
447417
387364
787367
8605
956507
348794
624703
13489
635744
282752
456026
908142
183116
443127
695235
482118
610258
732317
904366
705558
537617
239291
312026
905190
249314
518972
206704
706530
797854
274190
640306
216113
893639
22250
306355
575100
752177
435231
660767
899264
572556
662233
113803
985241
248051
673063
546200
967829
714593
686269
698111
618417
113794
97643
569080
173794
428561
466234
510527
818669
55889
447891
424334
844408
753499
185612
964517
346748
743243
147973
5042
249644
883327
751743
891871
783982
499763
41864
217998
435745
275942
500777
525331
785710
102656
806285
601443
805852
659568
894997
533647
979464
665261
21414
561272
442321
630454
48376
718566
226773
126240
88646
845851
828865
24573
223952
127442
477418
218395
585960
402802
252896
92742
742467
512494
988837
153253
574725
93288
674732
837706
211195
205543
606466
289535
711162
665442
921632
289944
452912
786561
905934
403437
225999
231217
525570
42764
635634
440946
249973
77159
577271
22785
880402
459328
853144
301615
258139
213167
28361
433636
456693
687427
568629
988179
10880
370201
665010
124088
653479
81836
733531
965843
403005
300027
531552
963188
261669
347719
147403
666607
769770
707172
801119
700084
289838
412307
131591
780408
239443
941488
630146
138919
751245
828734
439005
831878
945711
575871
354190
379233
335541
442530
939042
700608
948181
626475
36481
173159
79656
744600
107409
973220
756022
577433
913124
262746
722331
7323
925877
922780
468294
226224
398046
976224
278638
452219
64845
16612
843534
964085
490810
424793
863745
379504
383976
141655
654683
277186
10785
236932
437364
216669
767914
595097
158660
137884
806723
42086
322215
806992
414923
316181
23396
262093
367395
269311
852243
999312
321161
710317
977052
207925
720195
376346
340377
985529
191113
283477
942124
793230
620621
529574
810034
452359
289282
664267
359562
636384
96311
50890
515270
858511
58449
987920
170697
365083
976596
174579
777317
516636
452731
673766
743909
420520
272847
126759
933499
802302
872480
860142
159558
285503
886260
51795
110343
637323
258690
893145
86259
512865
650415
629097
121466
683466
201915
246288
701904
611072
234896
237685
750278
943009
87276
449956
45848
406485
911195
182788
808747
487472
600098
181757
781984
952978
551024
458567
190134
216156
981121
284299
314037
225427
881192
75580
392873
761605
729693
914965
164336
182965
149061
56092
69401
181389
520581
367861
338624
906171
361134
278296
300405
881129
250076
23624
187360
948697
286307
505160
562967
999241
278639
734237
20009
114041
315038
26906
308213
360076
529670
850666
731052
272066
588154
551345
923294
157554
711289
415305
153620
793882
454914
142848
934432
924870
619668
459964
401691
776249
220328
624132
567612
239323
209703
361467
768294
500689
795497
175010
927705
545104
971329
683275
803521
247957
508162
684098
499663
753219
619005
57507
107557
445752
421713
342207
849862
594326
507195
955865
103137
507855
610492
946627
816775
360765
542669
632938
763342
698215
737666
161787
977943
302014
107718
666116
609507
284354
929257
480240
456640
472768
368229
26157
160855
767080
698812
281937
489618
68191
264554
559626
866877
354765
455190
863906
436324
417664
413722
646085
860145
348034
931366
859109
745555
851199
535961
259548
281628
25367
342323
22697
354276
220781
725167
324392
573140
71065
968219
391383
728888
835718
468707
152326
881540
993502
542833
83517
576749
809978
928509
983667
2989
315332
163024
988409
819850
185996
625617
789894
907162
597666
378155
740689
642570
808237
209237
964525
326416
970498
586577
813914
784171
765744
549996
64206
985446
332858
957534
78613
972063
326518
972181
956921
484006
75400
362253
317102
279221
227082
833468
920354
804849
734526
282694
90097
725636
497362
558276
952854
78240
639692
434151
235712
825606
791074
755262
736996
76078
58801
718012
376847
923066
540415
475315
445630
42340
502501
431956
964138
415211
352058
85976
769471
812120
331938
897896
107487
590861
862512
983610
891183
393407
752806
352416
455961
53048
704450
738923
899127
578825
213984
999180
764834
638688
946440
690488
20914
975876
808057
944245
285801
504346
719626
335581
689705
577688
128259
538908
751479
876102
378274
294664
192018
413414
459872
814996
951998
339237
744167
409299
699095
436363
111128
432599
200512
488842
140849
357077
87181
96003
572662
845629
698181
641616
504995
610011
565286
446943
743087
968741
998819
167149
172964
376528
460359
332106
811343
904564
952486
583382
153740
812093
841521
678136
383433
636958
12362
139277
116560
695332
523869
844426
660951
815797
590073
710512
360798
128964
787730
8457
339586
463545
993633
399852
491311
920431
439608
742430
43383
722005
293070
110004
268180
655479
877834
929320
302184
875767
577251
760403
415049
246234
139111
264813
825235
597013
561333
66257
861288
144019
718893
600559
606162
238763
31242
322734
884410
175908
593337
793446
174248
533277
301935
910641
392319
858433
664523
579315
871137
265881
540158
885272
563785
606876
22777
305723
277143
574250
695250
643605
235080
933002
478088
846432
577313
218439
454721
150211
271219
210817
839989
986124
949096
905964
28561
875560
46584
798401
851991
771326
97104
240552
559471
90792
380689
723462
498792
703841
576305
466735
703212
157155
842100
814440
38064
766437
787821
233021
125772
601393
633896
492779
244953
63897
7671
750858
475381
193484
195384
734455
441899
477390
756742
379891
505348
503812
169998
571527
824033
456864
413741
939912
772733
357382
263024
412092
995690
308978
322133
51607
366685
687327
322719
458931
36065
617812
720601
883829
722131
115502
98184
366713
858523
200557
799591
932493
13805
504709
82002
365232
619693
825886
248253
996180
701487
776556
532815
331501
163550
556654
745060
94504
375257
592792
669855
935381
50996
897743
325171
830997
349347
846641
764896
182109
172864
476462
364442
703352
937704
530240
857172
547209
59273
635255
785989
855634
426235
858877
620859
718526
685597
142269
522044
500316
527645
892454
275308
75274
16265
541108
518497
248076
921281
998672
983837
973044
19346
715681
770107
918698
581921
301004
974711
606319
633856
993236
146036
183103
182011
42087
246506
577880
557955
533833
505794
69432
498261
866103
897393
916405
280
264390
699867
379156
460764
993218
388885
349090
11297
708127
719728
941860
286609
431465
208739
336865
489101
397187
47493
914336
102213
598054
252656
874249
333562
997916
519084
334245
18265
229915
726795
396570
757873
323964
817993
845452
474029
937579
222419
5669
614431
799769
232081
899427
29483
372386
833494
833768
837713
104
244188
606277
626756
879327
811807
314606
713335
575730
847294
879005
904643
935547
10499
747675
392730
443726
732321
134031
926358
869505
374058
142435
271379
875210
544836
791925
629286
729859
249293
555946
489523
694862
553442
212143
374923
999021
967700
449140
28559
891187
986242
950306
797435
347282
743565
262748
791104
733285
664830
706115
606012
590885
934979
185069
870130
636130
776323
223848
152461
395027
354833
641784
703787
372697
980750
497426
615909
133399
316884
967173
935626
173999
319423
228406
455207
266577
901911
348950
96197
569565
69267
565583
600404
400752
196360
496306
362776
44269
493700
721079
828931
401093
315314
88824
380737
317963
434688
67632
545432
437351
752248
488658
174491
966872
892219
499001
438789
516967
213346
856785
452964
479594
164812
247780
184579
732578
610841
167000
166491
51004
413069
614191
346875
765987
610086
489697
942473
854036
917070
352423
162727
918186
802380
145066
719093
287873
639121
798304
867202
344691
390261
406772
241826
553381
135543
699735
414668
604456
211481
405810
87166
516616
143365
593765
747447
167612
209270
623875
596037
855570
119513
115936
81258
65935
916163
883356
565296
878248
614668
290956
836762
346014
722257
78059
108417
421124
993454
855446
201793
853229
435585
112433
367919
673579
214713
395473
923009
519311
891746
447853
60510
257589
160781
169182
600120
533966
180917
948591
258994
37069
830754
605157
848017
290031
385988
79591
761068
456141
636053
13653
991707
439998
218232
24311
900277
585833
878919
664638
143061
446928
551081
721525
757987
385001
410518
133508
368247
521727
683530
941008
944079
823403
29097
219298
565236
414497
414321
602841
264499
279652
202200
8249
396194
659354
942639
953551
222407
509129
379848
303148
446042
601995
989948
561427
174781
500961
178565
537746
745388
143643
383641
969323
872838
884768
33308
685977
236088
588681
107636
526086
634661
908609
560762
989380
382516
186228
207741
340032
494676
936334
46229
17460
894755
226877
98579
254627
881206
980074
866750
910882
852257
366323
958334
499616
331400
269826
521913
471181
372630
979468
331856
662199
733142
143556
463490
421117
217445
929199
834619
26842
259133
442319
972487
671595
135590
950734
238292
842182
527058
293988
625366
287320
933286
20917
447612
91531
210626
601942
577740
644734
847493
713177
702074
734610
699243
710766
173240
984851
348380
368964
321517
828560
924681
214709
789839
22202
821937
981391
650807
212952
470116
522369
440713
25392
119707
794772
450552
125670
841728
712755
918647
931501
706470
609622
814516
523838
765721
509983
276392
955647
376856
711072
600207
696155
135665
853804
62185
180400
775115
26707
853904
456153
172713
562054
500748
375216
772212
91047
303269
333251
22082
324703
214062
101173
511414
266117
287057
165404
184562
68008
600248
909882
38633
35448
397106
727226
898819
144887
314130
781253
498087
841903
450807
585379
862612
582568
566281
300076
695492
871033
740691
860886
546903
28589
417296
729149
578762
638585
811713
812485
969685
231589
63559
999300
552276
504016
420801
513748
721367
778741
721282
75585
683533
505123
750445
427702
150112
730231
978073
468142
224567
510083
173905
145657
441680
745483
563901
380817
414043
450000
658377
756501
698851
336969
879762
939780
519227
759729
615366
343010
313751
447365
150645
611026
420622
329958
140527
655897
319085
493320
826870
584266
210959
498021
98278
114845
811286
271900
767586
581406
624122
554824
804685
691675
564628
422914
899961
431566
742333
341880
817136
201520
65926
632461
978446
784428
427603
309036
845212
659321
454677
524091
817401
699601
586058
771621
546194
433664
670885
540201
845471
653818
992327
734156
230348
491379
725626
425006
626852
654400
491512
429604
785066
5127
331857
890928
624718
974132
689341
906070
684875
541748
991260
665906
782657
434647
766433
222524
644387
501693
692650
278215
830280
90871
979003
926568
998164
118685
131542
490106
663049
663465
311572
861196
759900
62497
508526
829101
615757
834566
157543
437750
109926
86818
444216
745994
101060
804106
534532
140973
645504
62640
977437
457057
80001
771478
207835
21892
614927
222972
249580
127528
108274
154792
685216
212815
359572
503968
562632
654922
210411
812614
397743
109779
27420
373590
437577
665133
940649
421724
245962
736417
669108
235535
625656
841433
398228
836355
166272
842500
106925
386897
540668
698307
591592
190318
764587
141931
126776
425907
11299
429166
508255
252202
370291
54112
565359
253249
700564
734795
719527
725936
752707
808798
104860
837977
724634
712963
358779
816695
972823
837282
210147
839426
599542
488542
534156
600205
710034
927898
477090
531696
551487
250914
857824
652165
511234
532964
758757
725194
296938
453448
650051
168032
844353
212155
113600
481936
135091
248659
952010
138643
373660
533826
197546
960798
604546
853192
205353
473929
467728
779194
439329
60699
280183
603369
968783
39230
700993
371365
762447
186438
678130
792406
338423
444990
415234
376814
718063
911838
484461
725658
476257
16699
999853
548760
366042
68395
808551
509333
186078
107151
546941
553108
715945
882576
266112
995292
721277
64313
753889
857284
380679
485349
612152
21395
518827
552987
214462
668900
536586
540142
861781
440721
783521
616478
651838
202074
797801
803200
388880
13641
379064
953825
80671
91445
850775
314997
142336
95108
181321
586242
903162
485776
662385
697204
975830
72976
979733
118128
336045
854704
679256
570347
92162
296871
636808
640632
260617
312263
581059
612969
553102
429333
690819
312177
663499
256680
686403
140717
785199
307438
187034
727582
494607
203446
545864
292224
376692
162844
366006
297053
933919
499501
368630
717673
794587
531466
331143
411562
553228
4059
88328
107962
484238
120233
782311
488245
912099
114707
732041
507439
953164
78818
892189
341928
148390
73856
374647
826849
526804
23087
233264
6501
935147
945192
149227
142525
827572
68837
785022
906773
792892
430637
891003
564711
291459
289555
309166
30713
441634
200969
93563
784345
220751
284315
910333
339600
525794
187704
953014
362139
865001
399634
791567
873253
861982
84805
791297
882597
255562
960819
547719
493845
50965
25932
471698
462168
112203
313294
274941
308124
483011
523704
720522
942940
502401
346824
359883
402966
72131
221679
849772
619890
58449
949818
505357
570053
818429
618028
678833
747434
745893
306090
75929
733399
21657
210459
829041
553395
75008
925673
63283
609216
130722
331367
117904
587666
302907
947738
802065
299309
407329
512113
807453
947306
122605
482484
458642
676164
481776
121868
463054
19894
993161
19373
168662
620380
541064
515991
699298
90874
830404
367544
287050
78493
227033
136382
847293
827456
835936
549261
22728
779156
625257
774138
736767
67810
863336
867649
910084
835123
15102
494060
690226
742399
582740
824175
977140
902122
344267
412031
44868
384511
673247
539621
879799
481892
908485
211279
939451
689284
862696
519800
111156
408051
885537
185841
467467
592827
742056
393827
59612
193704
897116
706644
482202
622656
225421
165949
540319
527056
307999
80187
458256
504505
360779
161808
433680
987103
832218
92727
538489
727728
563437
418633
543371
485121
276712
983770
707189
464861
685449
72288
169772
755659
442521
922655
883728
604424
602186
536480
892302
63610
616108
807830
708946
684364
773166
102095
211323
107766
768586
545297
736573
302939
193197
277061
842497
109140
66577
443245
884018
479390
918247
896121
987719
679895
952646
607021
756009
729710
60037
987687
616715
852336
852766
412033
345969
51752
541633
380677
612291
266442
500018
40600
590217
254822
250588
838884
707486
291261
925046
399125
594320
708793
639357
89
833237
286371
417552
6155
610877
521859
88071
286999
432310
452376
542100
663965
166865
477508
117297
76173
3433
286842
558468
988766
183206
983542
926626
382819
632871
17292
932687
167388
204287
423180
701204
675297
759300
218850
891783
700339
720734
167349
708027
900720
843712
110055
663519
103833
648782
970138
542897
718048
368397
701601
839467
63207
953760
384561
11803
206515
819262
548551
519677
974647
30888
592068
736257
1149
549323
267912
67709
572760
409715
850188
882789
810931
806953
555815
988900
797318
865110
540716
568380
139296
421084
675134
425244
490640
406183
213118
233537
346036
31957
948965
835957
272678
76374
452938
822447
349873
560356
586372
434566
837864
907970
775708
887446
553588
971804
988305
812275
135464
490795
513910
804739
527030
342470
506073
130527
285659
390179
752634
217175
283957
430257
89180
63979
376835
783098
2006
505895
85105
13061
792905
840879
380470
117963
284926
80089
68216
163035
755409
674836
337712
327687
333404
65010
542324
859165
65332
597500
851977
800582
28719
163471
881985
5838
797859
742740
189291
842711
154877
594024
422320
525633
48502
997916
862101
166420
133835
114346
993432
75101
185261
98616
305514
824255
287878
281670
866240
305492
408177
745373
554984
378368
196216
627374
767445
240528
982097
247677
446648
204463
736317
146176
600989
591703
706422
651583
414733
426230
541638
29533
599674
720442
330021
132693
824375
119973
213560
956711
300035
972655
620120
334544
866200
794162
221045
402383
965192
634961
729958
72154
334682
102049
844135
976076
132406
482729
678484
734872
618870
532629
387077
590860
942422
312914
255851
821909
114407
612142
478934
612539
563198
49096
466645
99198
395169
3317
939191
41236
766062
999710
250056
20120
832023
891603
24623
108545
373262
424648
886305
97049
346705
791562
113065
549079
703482
575135
664640
630452
817441
83937
915280
623003
981304
880892
443705
363920
390963
29843
738313
352597
785255
70127
279996
803822
616251
994140
819863
836200
644241
787212
757740
206729
399210
905587
550674
198284
144618
786455
99159
171215
850895
858147
835369
314459
800441
726333
556566
759277
660065
629949
667747
957334
705569
199617
514615
764906
467709
113981
318671
560376
23993
300923
653322
595083
231398
570506
697246
302611
893556
165624
75670
868804
495453
636552
656209
96294
828770
684651
329060
427126
514485
144995
746222
523393
16687
535974
862694
723076
346783
901360
765283
102530
819141
217247
285677
16884
861428
397710
519590
638373
72289
802452
221995
117758
749699
520921
817928
913765
196306
653436
352279
503274
991173
62720
464727
291063
41875
784793
722237
824313
533659
657469
431479
122623
209674
817529
694205
665386
200579
454742
722422
629082
380819
668063
768914
197966
5205
608491
806406
453376
492943
715146
693570
627157
939431
813847
623050
918134
217752
938088
963800
57030
543478
184850
543434
487888
676141
770832
315374
591330
725826
817144
725571
391923
636698
530012
754349
623150
293039
287962
791704
495850
332964
544440
417853
714946
895991
448286
75082
765259
892930
334570
669888
345592
884565
886794
185150
328518
243188
35710
627192
863832
896070
961238
88269
841175
203439
351281
968875
991175
982551
502104
380243
256631
874869
276780
208895
539459
335564
414849
181040
481141
272709
193778
37447
784508
113768
689078
851247
973886
458332
892539
590587
917069
961892
631593
531947
350234
104837
148452
797242
965063
997389
91338
918166
371438
311889
830979
746547
506827
52337
447206
333289
554622
306195
790778
935836
884564
653497
626318
148287
576528
128605
635443
95295
991319
455792
448730
509230
130988
21402
688360
711690
859751
582272
520947
282126
33624
522029
322602
26392
416028
738497
814388
743607
190951
562426
98907
842269
379422
442169
449479
562832
571807
997571
310897
733416
706492
904349
544372
379155
357090
937743
162365
279728
646357
928609
832552
36701
541588
60623
450384
914626
814629
849289
895887
869306
98780
102327
373764
241758
95022
412642
525968
742278
502795
516652
908522
179194
836664
190436
815123
46887
857605
596659
72265
588356
757098
489445
491242
187723
718355
763241
147052
771233
977550
649934
549460
228506
884872
516137
456064
105489
566890
848319
202359
617346
683289
855860
633343
364789
988956
270148
905043
317343
927817
754340
820555
558183
701002
93745
180444
315786
428472
437976
581227
763725
608983
527348
379892
751413
732273
196454
564923
752829
601387
650126
369323
748363
18354
83851
986588
563862
190061
448244
5706
701587
258192
949490
784453
593027
567136
53514
428663
571968
99324
672934
802935
149245
247660
261634
848824
27882
639425
30575
182160
626112
230801
753903
901885
490198
124096
22489
48520
320925
789941
385731
152649
441763
49332
110979
221117
303389
840625
735286
532100
23112
577405
484191
58351
332328
560124
46010
633219
543181
230456
367170
300705
902764
784494
773651
49498
66814
532823
677262
940172
3287
205972
808367
302277
394843
521955
818852
980803
66022
140420
966776
947986
387981
385638
859765
689741
577
320069
501316
525138
942505
637528
546091
826179
645552
666482
977871
465328
899358
69480
426075
933417
133850
551204
883517
450389
603503
997234
231714
728472
108708
426418
515245
604501
246694
675275
610655
684957
783531
841204
793983
419838
649993
269680
799761
78867
105814
824528
462510
552681
588416
789757
803654
768995
463013
999671
305877
211807
70274
996758
125977
85629
398120
96824
606136
577028
859683
908894
148757
612812
139096
481423
461076
898482
406621
332593
99054
987413
941356
139609
758056
896261
888660
52337
58523
290687
302993
538993
211868
396131
18699
192444
201961
32147
367600
50408
439313
620382
3455
712852
38745
681615
487736
61509
812234
237752
35595
472589
819376
337685
291549
963734
827630
799938
15501
314890
831344
282089
912662
374443
778853
293301
588868
26618
659698
562145
408149
18723
755140
495985
808993
325172
520343
346071
142095
427998
541673
112771
635706
959538
301237
170554
384523
65284
123762
666132
26025
934843
674865
9232
659652
981507
541121
913659
587661
123717
686469
223018
876545
78419
840961
805538
118163
949050
817654
593241
584311
234281
488624
911254
333202
265441
826042
172790
168179
810468
568980
548012
965644
527593
674584
935930
275558
244368
343460
707237
274478
634159
421031
584408
785293
725350
929311
346028
537046
595258
534520
693536
326247
801168
337413
861832
836065
557357
163842
731449
957463
683093
47285
515674
296267
994326
105282
535795
981850
913604
9105
609131
337098
155115
134500
753190
502267
620833
400620
646431
32243
330385
708172
90507
944294
91560
390176
176236
179971
88179
723280
118031
213841
39266
278640
711635
505654
644504
459532
918504
30802
46806
630379
625956
520799
879969
732150
813147
825131
493172
696420
316931
462076
593651
427000
684476
910413
822692
70100
719232
81105
59752
761713
334428
754749
119710
944556
106431
482108
675231
271492
869669
188551
765329
502730
868729
616076
229753
662571
352606
387947
896794
526557
112944
698909
921165
258583
187072
267653
73358
736021
424827
335452
793228
765884
681590
12021
418207
317334
644500
502534
910798
357870
899417
465477
903408
393048
897672
537413
110458
579244
202111
583163
347370
206134
516156
946774
544584
954789
900441
929312
896566
456805
525656
653816
597767
837331
573590
88200
530894
447712
91110
170197
390742
671694
922041
925458
713940
323939
250284
727946
311693
644706
427980
880784
747719
361893
363000
322811
673617
541614
475097
983192
757420
894268
935839
632700
372602
398695
71090
829428
856610
188829
619107
491505
34995
9792
782350
560227
642468
323255
382907
910716
132537
497377
333164
699499
470237
142899
420067
325606
373447
827861
460064
975000
68720
973482
18347
810278
446827
72476
740266
302872
260902
182084
22572
129085
346032
397803
181574
533546
255188
64207
454373
320990
665411
966203
669551
561912
751196
591865
767562
273762
222205
121126
564387
652077
461298
638651
214255
474882
511149
815381
831663
81101
206270
339568
25672
474057
719040
479770
508257
331818
757322
343403
280723
403497
741125
943467
630210
357092
70228
134145
789405
809195
263433
206123
766907
19827
291632
927054
151996
654097
705086
298728
275936
136849
569917
140077
620238
972703
320015
740347
741740
236364
60423
475745
678115
556948
159291
33116
920862
216662
325165
677994
49160
598436
807509
273107
743769
756209
868516
411160
550941
223407
672009
861439
616910
489181
765632
116411
20713
678062
795397
934962
914855
222849
374693
946129
134420
544618
89047
639974
74308
915565
949689
963651
206301
518964
239381
977840
332042
639977
133366
422134
104695
936983
818521
571563
24009
4387
635192
807511
105070
348008
322012
130338
797880
402858
832
479425
489135
652509
654254
489082
277409
379354
280731
996831
883735
792704
834612
715333
71560
338520
330184
747508
39055
499074
914326
912687
112881
86303
898167
356348
139718
422062
24885
283790
422708
194126
874622
310921
519063
134106
1320
806769
873903
785238
300054
488036
224032
506442
306765
375571
975978
375993
514588
303833
451233
890152
132881
503875
310284
400502
100553
742825
953005
138402
570968
479088
346784
31908
375816
972276
523409
951547
468892
726410
820407
259539
267534
255523
461108
277624
934675
772838
885846
232315
37247
414793
359358
459324
410251
898019
219546
577174
988922
446873
532557
682530
817722
27286
360591
235298
202962
726199
622489
116696
438988
714864
414809
774634
86990
780779
519820
178220
144911
814461
36064
478073
145603
532164
988193
871194
780779
857545
783021
148682
149547
441889
471631
411494
899552
716184
307971
149307
299404
125122
757781
772265
245992
684931
566699
382332
281788
257803
225266
913085
739100
250576
815955
271030
591117
465636
393954
419904
342915
540319
216971
172783
634536
126066
475683
978703
680893
339683
824178
197403
957965
138531
945426
291057
44446
705040
672636
494017
230212
571656
305363
551038
134405
132256
348252
238753
762425
392166
840947
979049
726372
214593
550906
273211
764174
817819
527113
519892
818521
388115
456327
42208
156658
546929
614611
308189
474843
719883
947229
390788
61880
817411
18124
982781
514511
853170
350029
978165
163101
434145
60718
547688
733017
370207
909681
691588
672036
339010
824630
759783
696106
499425
72696
851137
628912
449480
891305
611437
937017
245076
688838
600805
506856
506928
989573
3622
612267
740714
855526
266256
893204
153347
834825
473096
593544
779946
405648
333705
816387
32992
583525
486619
35118
171891
290325
644195
923707
770792
184669
969207
414716
761352
787360
48424
525609
281905
357122
698936
587281
311134
112873
463990
519718
696690
89240
396912
226510
894607
778185
424610
707017
325592
337152
243667
522965
441281
999736
490107
143813
978300
656151
967060
280640
828171
355320
859076
5860
608333
338304
562632
682806
294999
994941
722874
545678
520355
233609
81420
882023
536441
564863
676603
917924
371781
263195
15870
449744
65535
269001
458003
527117
823192
69740
508901
202642
200320
366048
756362
276262
855318
913475
435674
439505
814053
438682
747304
706913
112526
391292
705019
481825
711717
591654
98995
329603
332671
647173
178945
110972
608766
406948
450960
580887
342342
228657
664857
457739
868458
89904
64667
786068
283151
992542
694985
952950
125075
753900
605792
625768
83699
679985
278
466915
527651
86046
627587
936932
17531
939011
928905
503317
794070
731301
79309
505280
833338
641774
61709
862428
664452
5828
386980
303179
873681
731495
493087
313632
771750
974957
172546
436074
813833
536216
154420
600093
239583
745442
713031
477721
189558
239968
719841
966115
628330
633982
369989
268298
220577
749865
649710
602970
292356
941668
481389
239336
550302
510276
445630
721700
343809
830331
181374
358060
52262
142365
934221
629514
663433
379880
584502
131407
236070
657529
372630
356172
554359
807389
682698
364568
480092
162863
661238
853952
667065
617039
838799
887350
538725
736986
448164
721484
278675
883926
652398
440820
924262
30643
100341
971275
829522
377842
745877
75565
249841
222512
974763
455348
649723
870598
444327
184195
309559
33757
768231
994080
230968
953226
353696
969759
858959
219315
594291
152557
234274
602987
969187
371577
798446
976082
555705
189091
96546
730609
868432
824264
528153
128419
332631
817277
361265
786076
625039
822497
310592
450939
478415
330186
963348
98833
797001
572083
840398
337367
278976
785273
825907
560950
174961
165816
460295
517572
122437
949770
273289
65771
335416
763598
365800
704240
809464
836143
80407
937172
508422
590181
594157
862555
768320
48372
967965
278539
709326
702087
134980
205613
794290
131621
660170
870059
458414
144899
998874
616174
693346
943518
224294
273400
908802
727237
597780
699744
913805
448241
776332
455578
619003
75768
483224
300260
800468
511456
604900
804968
340858
603648
915349
226346
361934
524900
780104
472466
895350
381938
764959
852546
834456
974915
967998
50987
196437
53023
998860
684297
751072
961827
989336
746860
335309
384815
182623
389981
186073
22520
225227
263519
374562
999317
382916
415166
709670
190161
517963
938270
974691
104954
665340
223890
132942
358712
544010
287481
429114
120014
948253
349265
255899
990238
543784
494456
336759
350648
559924
851466
62635
547597
340359
422125
625879
565893
619138
641048
188566
136979
748097
333555
290025
108445
241983
49042
946533
87227
83089
320266
775954
567048
192276
147024
148780
771364
370726
781958
886457
649643
39905
222124
453534
660884
746311
649187
942674
465983
719109
471061
825038
427579
487514
25058
990386
543714
361005
413388
883056
92112
235534
101152
769206
595993
299718
67603
131444
868165
230290
442704
167519
744054
743172
288566
993812
247984
999943
681546
241712
889746
941047
346587
974190
480659
731422
337908
273685
414413
175765
591309
242134
661706
995922
426350
742227
91884
433402
516835
552077
232762
180244
855041
746253
371341
737605
549780
470380
68937
436818
958657
63137
657024
785630
205421
882428
268112
821835
225209
583967
957391
516685
971503
185743
90620
71604
481051
763134
781702
849026
973926
471538
680460
718249
581278
840052
358360
799849
501996
724516
458454
678105
843101
990734
770838
966378
784953
295643
968934
251985
227804
155866
932499
47768
978329
37997
650329
928328
352781
35718
129302
294992
643572
987853
690680
1821
418361
191870
490030
604719
743919
409282
563904
825340
422278
559180
310304
833062
30763
975542
193440
687582
288336
240499
766001
579541
382740
536807
812842
449729
301679
195008
654489
104657
741153
632565
240212
926810
228981
324893
709663
15024
540013
357954
86806
583564
43913
546098
767526
624371
252693
864854
275281
251436
731971
433958
587458
273883
739562
910100
998389
166957
525260
189212
118566
349331
350900
103055
692516
454849
681927
752394
768344
267542
192115
770257
677592
808099
995825
978383
562147
104482
120574
155597
138416
277285
824394
27744
251877
62580
316131
523339
271673
302576
124443
296654
769603
47991
54653
745678
777097
162445
364287
305607
804372
316586
984074
915069
680800
101211
661047
145851
188361
409316
992008
26310
770879
332548
824079
994126
818893
969669
545946
635184
929028
761023
713589
963401
537973
493244
710470
582182
169720
352428
796165
353233
815871
636245
364639
297301
993150
339320
924076
64064
602374
622885
730401
881148
856314
427129
919059
663676
561890
427103
304742
351854
166849
389094
250601
694093
476471
303986
412973
751893
821789
228321
684040
410663
282344
579559
470653
592164
376430
926452
650211
865051
398216
855960
783743
933886
274615
641750
408652
441181
8441
229427
17814
927424
252590
666815
316213
221366
843428
670114
19706
86080
42501
779694
836144
937301
545007
506169
304237
550233
624659
302401
561148
72595
746901
367396
784366
812687
55377
842812
112547
114904
227260
86438
695988
630651
140764
639410
725359
302800
503911
913825
598048
589511
193225
531189
559696
914282
88604
660960
138647
756952
482186
105507
543202
309929
338878
168435
689749
231575
92403
666921
253907
744123
838837
706553
469449
439389
417575
664937
549539
675060
187017
729466
351188
936833
768100
850357
250865
156196
119557
473303
975565
7122
389969
452383
897980
870613
976283
675814
965682
379184
221561
269596
987622
127307
185631
798893
913552
923423
690557
549925
522883
54992
88833
822388
174677
233592
301147
645965
622179
981905
470861
124544
209245
659447
481528
275217
144784
407354
235189
958152
859232
664255
159603
942330
527084
365087
93898
888989
321467
193356
950564
549744
171235
653272
391261
11663
587783
580580
369951
914656
56121
536955
960157
901404
765580
882872
80608
494895
320574
270631
364006
51219
28792
32478
95220
91587
845554
564082
969220
121992
558861
828314
11046
950395
862203
869727
117132
470106
20678
534278
64665
838025
652336
534983
851344
615913
90412
151825
210684
791980
730663
859021
791445
563374
992359
110510
78301
70679
616288
996916
809843
525789
411216
609563
869854
93577
534984
606477
800009
910474
658225
78649
718498
865738
257584
210715
549736
334375
971235
695003
813885
915161
789834
763626
487236
471343
358584
173051
805684
230103
68259
861154
573476
257628
845059
776734
49036
645286
691139
89687
577542
323450
80466
835654
98090
195766
347092
682068
976775
888128
38519
833496
739501
224364
276578
332396
860713
977578
356359
684644
854998
997788
869753
801203
384222
836736
331557
493908
186071
558190
742736
447213
836103
772378
425689
157843
613763
795183
501692
777421
620008
150300
590566
652984
297709
385730
285397
62105
858552
333652
605955
479908
108204
25497
722637
566808
373851
608944
887904
953701
768441
874464
457526
772929
384211
903203
434726
247340
790808
932341
53636
410610
396424
467198
436129
506708
650582
18648
875817
450545
942367
591690
393360
283046
669339
454823
560146
889426
308115
306338
195204
403172
913619
720670
239560
393960
305720
933542
795438
955636
505290
723329
581729
60338
782372
144935
780794
956201
718916
63453
539200
684663
420403
585372
19711
155552
506139
47431
663540
987118
990526
528563
108995
489686
43187
689810
449947
452353
635403
704609
809249
191977
3543
87662
117770
599324
204127
711612
242742
308046
336277
814170
575272
939582
641066
618795
336965
966849
299305
524745
650373
944395
775487
869499
209143
268682
815305
864435
743100
22729
636970
997217
125957
773376
247971
915342
907769
681954
286392
18041
676237
656235
295559
606715
865674
364547
928679
870182
756538
24551
841702
206023
559463
571908
246430
38943
554830
232153
650212
844641
65560
642587
921641
602531
782331
855005
771214
297939
307250
836717
890839
673471
947656
463645
299077
545538
90782
428085
507877
286541
367451
980395
234858
480852
403278
192189
494480
936288
788605
482379
305843
18322
369533
458508
773920
551
868861
19302
12275
395311
939371
581754
719678
268899
385342
835429
162892
755652
338344
368419
908003
100761
450881
758972
979195
310070
150480
234033
962613
878815
969590
994682
802595
926264
294063
79817
315742
387368
444959
326092
857747
474971
801822
967894
922856
109534
966195
292796
483994
197565
942784
545514
343768
212515
644771
774037
454378
388174
847459
667405
357328
299398
504691
176993
237233
541338
540023
608590
722227
471217
307982
759222
58859
715181
241481
18973
477539
911897
503216
664719
470938
988839
789529
914649
353881
580915
121614
948943
43038
438698
999246
990984
755616
639504
22955
583758
902140
484066
26233
100254
174023
442742
148013
39959
73930
744610
392272
454639
256581
439793
974890
515202
331935
952317
704197
286792
649670
821914
940133
249345
505872
233337
985597
726999
514659
80618
859676
315228
945045
687227
916390
125179
920936
940653
109566
594922
318965
443626
476127
886812
709062
358916
961326
279543
641144
124891
578290
771213
721429
271119
701829
439699
853355
813778
455118
762260
175466
941245
752972
469044
166650
916188
702658
101044
114390
527973
891877
949901
23266
639619
523863
734895
555187
256020
749692
582745
94366
472523
471963
397735
658746
675012
761134
509852
162111
574241
760587
650664
855731
39097
353242
455576
345488
907705
282576
335570
286356
152336
479763
32555
811660
77763
856460
804761
889607
730108
968067
973417
194643
870122
993276
988037
182774
124581
388168
732473
858351
419663
437570
859740
534593
421422
155389
307324
597196
852692
297062
409719
992297
879141
204551
737925
459496
788793
932229
190518
64550
836012
531060
226644
143636
76430
712660
656278
837417
600308
898018
826115
25787
111721
710801
515554
977129
583290
896017
702054
827131
179128
814782
16403
792648
906949
162327
89075
566772
551999
836926
862730
38633
789131
755746
930649
329258
685975
175546
711318
616431
334342
863869
942738
49425
716296
590984
956526
422264
681273
26130
89362
984663
835643
790642
71189
855482
631869
215123
969830
146464
965243
341435
944935
162402
353180
938548
305823
945545
170549
251975
76779
218085
156561
396144
704498
930549
40530
611150
649834
533158
885968
730756
437992
977719
822445
431038
378871
376342
17322
816715
915276
979635
285388
715250
359015
631
425129
547027
847925
920398
697231
52484
599872
538578
114108
10939
1347
16042
235721
517402
601529
261509
210420
23734
783182
650353
12576
116060
827986
783842
819156
707390
582159
307515
995905
19699
841166
873204
829695
221641
477096
618570
26240
929396
392373
912613
157067
909956
354273
263202
13313
677153
574470
39714
771901
652470
60617
718432
844214
725422
583512
658074
919235
55522
918660
663082
720300
760995
309021
251328
321513
510257
314435
160387
759208
768982
169844
994361
876578
692748
216214
554830
466636
149917
677108
295639
956443
509533
567311
607939
539754
835098
847722
384312
751178
437247
486051
670901
880539
255849
509457
665679
644429
304630
587460
573102
940653
789569
119293
624822
453068
58344
44662
655998
4144
937888
95308
879371
3529
984914
174706
563304
110575
936851
552540
567233
113524
760211
638801
534503
855309
270116
50409
710047
411937
809110
548382
642511
603490
250503
842821
422107
608121
780414
663373
598479
401752
540680
285151
527435
389819
46023
42256
733331
111879
212379
947036
897386
883740
208454
866276
686907
193874
747737
476402
90383
222872
71226
335325
589340
5383
208937
889207
400141
280559
302933
370936
553001
3033
690624
522360
741948
33838
488756
573113
989307
342154
134202
878051
247358
350693
183818
821397
777639
975698
78769
804542
798034
653153
805225
675391
885448
619479
753511
960642
456881
521691
383360
902540
753270
74015
898651
582549
342700
862392
697574
361430
20101
628954
515456
588859
704452
620336
229131
762283
147472
13979
904549
336989
945028
489446
932021
234490
757569
32063
541374
591873
742865
324397
225489
695186
98116
41241
680825
676209
967298
425578
779422
20611
871106
330450
76053
254363
519750
197266
207674
353179
62770
833146
638892
806032
988421
784771
725100
224131
852650
980957
945939
986732
621161
386029
762271
214104
372498
603654
78558
385343
711869
434733
857779
147964
389849
823304
200995
339059
422565
281166
157830
964342
659002
904574
487530
847454
151619
783966
967579
666899
320146
923793
28877
90583
839627
664022
723716
593359
989501
910236
391809
228731
677621
621162
297702
539300
15992
341170
492877
9545
547617
669638
533855
50612
465427
351190
261612
887138
53883
98605
650477
487801
826946
464084
732296
425018
775488
106859
748422
70290
169316
723936
433164
952809
322837
907967
456490
162527
295719
962863
518911
165683
215326
298143
468923
697001
377696
336021
875022
49265
517982
44076
34696
588935
111364
41683
863861
211280
39423
580954
574604
180834
470078
770161
877503
11352
773371
264735
11333
990581
781003
772983
454510
559892
312397
245712
409215
560493
388554
894920
789661
702340
955711
932195
987488
991503
819152
786946
354105
269318
512782
371185
37539
524111
530198
310048
664134
798771
749226
544594
537509
874357
972070
913779
38822
905451
585400
834565
205849
467272
513025
834258
942870
938263
992466
917539
818061
894915
224333
7560
352874
688432
345981
315331
731655
110683
855152
299171
616936
565306
264759
403759
892521
964149
944900
848482
360409
73414
551297
873581
290313
857604
525911
179858
36883
766271
979566
540618
646058
629940
667916
688632
426381
172121
755554
512047
753586
924803
133157
676857
381484
985072
577751
758697
204897
73587
816826
827519
667729
503201
556552
939055
275432
221686
973396
16469
4940
456414
926141
214948
89640
287370
872482
441357
315390
445310
877278
219999
598826
199309
537125
69470
508454
668323
34065
674772
324391
205613
712206
935354
830390
643870
971004
709375
595587
732856
320779
659851
700287
513453
984835
964683
164034
937239
886690
793584
185800
964429
887367
125447
883758
525205
474509
558249
997600
428309
364274
341684
157046
335261
796814
138633
993552
546959
891742
554997
47076
3653
453828
144368
58719
757009
214903
907718
220639
909338
676766
854739
275189
988756
912488
911619
41320
716500
721579
541
701618
171122
767632
422183
657571
635263
521108
986754
368917
111024
478636
803087
23721
932309
277026
293360
841408
762617
714903
6583
930689
345680
731881
824633
559472
961347
691553
874333
873306
376687
168159
663522
407169
447896
26282
56796
582684
979337
718637
323425
48185
67858
779669
717771
762800
807970
586795
608404
276475
557839
644760
835879
415714
865701
701898
950932
685581
603785
486326
100912
862089
583684
967736
9431
92516
98528
809568
543520
656623
43099
249059
458353
223562
313369
213502
65533
990127
845935
210554
739081
507773
443269
492814
127049
145559
95235
874537
320729
57097
422688
252576
790466
571719
790577
604956
237769
151435
683300
171930
490284
268300
598845
625869
902929
820700
897202
243009
870196
488086
976761
727020
167164
788747
637344
755098
94719
645373
996499
552349
592318
401980
226159
646350
937456
114780
278406
428449
274221
861517
511074
457188
579896
798585
342889
329937
833626
336263
898519
749204
31348
447091
998181
617071
132303
768767
721976
338738
123158
876336
577835
48214
344413
473056
804582
744639
617761
32196
905185
684230
780940
356821
354929
130891
790332
413600
986886
267349
277557
182992
335755
793748
510068
743645
277129
831832
895471
375194
225609
273319
339303
170778
88565
566350
700215
816077
882124
309257
611106
600564
694231
326181
888303
505233
717347
133868
215817
185212
458941
153742
836696
625582
134997
391701
821490
25049
565752
103439
368393
37757
586282
747238
343670
706701
116763
55343
920221
410646
330053
63079
711134
259464
170149
278700
85645
97265
157037
378272
731547
315163
727960
707429
676597
778257
297031
706566
898286
314360
955931
607174
335911
984415
992833
627856
131547
453117
426528
993244
714579
158181
13636
939404
117278
636650
460048
536982
820549
723562
715541
46255
403078
294184
975112
973689
585286
739614
386263
325119
560814
283378
396523
651244
173402
622249
232669
916511
37102
460494
835108
157940
507448
106077
31292
629370
803895
169570
985802
712005
109142
441815
984757
695180
244403
350275
731849
238044
960896
888336
298041
66308
49840
935317
533510
189964
314812
782534
444412
46051
971188
463742
698132
300328
698811
522278
37581
924665
58201
281097
744717
343287
272887
948783
151992
814475
938841
648051
136063
809278
892315
490552
22115
323434
223875
333702
796125
877753
389756
688803
338043
940735
470664
286074
718116
230834
154848
872879
149903
454994
608269
532622
931838
110100
73303
3617
798913
50312
514500
134017
23465
931703
774910
101229
432593
112043
769881
998961
207552
762205
918841
955582
707458
325147
286274
599049
785779
223288
165122
396084
6175
733034
80855
640830
521113
271018
801796
162195
229035
592612
292907
243297
45875
932263
762632
546276
708608
204177
872862
980933
411200
53685
887116
178166
596084
528902
493921
523612
803791
634857
587133
720980
670596
229102
471885
943149
964338
869301
703000
66550
872489
57979
186161
333561
242494
599736
103279
194486
118016
302478
731125
600642
615710
276862
349058
125150
568399
431731
943203
826512
820497
132524
789738
484670
87344
106651
135363
859952
303768
368264
991236
200248
396338
537039
273248
176463
998719
58422
967710
581086
289837
324625
95109
354852
194788
178144
676576
163947
773309
392570
932773
726276
733978
382934
303216
253778
258829
235614
446386
248006
813246
639599
611335
945569
810743
417242
169482
612726
430367
230281
960086
744320
596823
106119
101375
742715
68845
842917
204652
691125
698960
224229
872824
171015
870912
562548
391266
81437
183032
953477
347898
292357
569304
215310
617470
618940
565070
98140
748509
60298
949128
686588
892182
94266
466443
501287
985652
264994
233731
859868
472090
58242
125229
914518
134600
417910
800479
16374
392686
53420
901029
59229
414129
121593
33285
64674
995124
798947
120303
994269
545803
810965
336159
983128
303188
118555
41783
405697
537839
805147
333701
244839
408674
296602
449568
413605
389501
878602
788263
580055
257354
133587
676140
794510
659347
693074
574304
112340
314201
293125
231822
38487
229613
892714
303518
770416
855055
117408
749923
38556
947814
499528
521702
32189
412431
728742
235175
728186
445944
527806
284486
159658
525312
330327
231785
623033
336719
471026
671943
837864
797349
954777
318940
250005
414604
492811
826735
567943
529636
694945
504731
174909
457326
109597
758643
170795
514908
292337
941109
230428
303181
769852
326332
207529
11814
702962
219901
920041
209987
528004
317080
149577
92373
461055
136975
20831
767567
844067
845190
694098
930285
207501
195805
643259
148566
905149
730636
221376
733437
555176
111445
21623
750542
153312
817201
72086
733267
826162
13797
812068
412883
118071
923516
578201
433032
755007
221050
706018
594981
42096
902640
871669
876628
203809
802093
114303
364978
768956
532503
737643
832726
803042
387179
970196
883838
457052
600916
763479
641568
361306
633002
658609
846257
727879
692911
973310
848995
367125
998669
10574
809502
15289
208963
541827
324185
495120
533834
70446
720804
608970
876447
819734
960005
781694
477155
758986
104184
915558
924557
244797
697644
275716
684824
64905
114030
851439
749304
780435
130991
925967
339383
43998
705406
424884
240947
736011
540454
275167
227663
907787
656290
54258
526772
410655
184526
940980
958501
801663
349742
407089
17571
904996
800837
773780
887411
335718
201241
713984
676887
853897
274519
687102
882795
244049
933090
101662
422676
96431
666772
882738
57344
531113
893613
528429
244406
11635
717203
911929
421606
120534
207494
438486
5458
615561
909146
941422
410811
708675
373578
726068
609263
370415
553013
556796
509029
967351
993508
299025
706494
81168
45298
991559
371765
174536
560161
215255
544480
925476
792588
741060
216716
942756
571619
114997
472585
620524
684552
64360
634171
325845
658958
464898
728361
82472
647002
752235
323434
89628
799300
118051
979278
111370
804514
173868
332883
266855
899439
659
970783
193216
360550
160275
362604
601397
1529
2423
251207
967650
519219
873907
851636
260403
991797
852244
44107
96472
296980
60866
925514
181559
300801
526637
255228
114756
23768
183910
306507
321294
31862
605174
785902
821124
828165
104361
312781
449636
718790
877906
857647
456172
696333
508494
973436
860484
265767
112762
451528
272599
956563
473041
244952
345336
272842
420471
993911
2022
413079
502221
905004
870997
230569
858668
195699
880922
477619
788778
52094
181235
969350
394056
845345
455220
157165
998386
755748
996475
725213
955891
854917
151258
839006
848587
150631
698328
248759
169192
771951
37349
134606
872936
331711
754178
732786
838222
579049
850062
987163
76606
842890
278245
65053
458677
158260
786808
742156
447369
639074
905166
775825
940166
334719
260410
602988
29040
244523
442358
319811
809577
937635
982146
699440
981288
148932
693862
681640
561728
25723
367368
566143
893116
970188
858775
850757
736571
2903
829884
510132
609449
37534
839545
316355
836681
715611
980934
176775
636666
347463
556548
270478
688455
777018
995133
118879
953066
212158
855398
765273
708472
727704
150998
67849
813244
892782
161857
114726
755170
448150
911647
867847
445196
327018
113711
936790
707195
159275
561526
463561
173220
148306
185942
115266
693662
989485
253777
100558
139948
880925
108419
476396
452514
259982
984174
676558
983417
463142
76771
464808
9936
647617
666219
776690
360143
742610
376481
948632
686196
95019
293056
202491
538836
89137
322570
337909
832796
50480
98564
21256
692628
239878
455065
514679
552602
204341
59033
666863
793387
963348
421064
984743
644113
742648
431945
189026
273457
668072
679145
292901
521836
870172
275745
188029
308931
726894
805612
512610
942974
956597
772716
489367
744177
816856
872039
967284
841695
541490
108192
638756
325133
365381
788919
12594
999894
701378
49191
743158
448092
205077
173965
166447
384100
996410
552494
347532
702766
59595
139505
243305
374451
929140
791042
295146
993278
977194
408029
94624
630587
420113
552766
615235
489081
380218
807160
14654
336909
723636
521402
749120
463287
918551
349331
320189
380189
585343
881148
221176
795866
461501
507109
495877
848975
866061
417212
804259
848858
972866
747929
663137
860630
281967
344976
276270
602240
285002
417384
550001
344790
837266
438298
664938
232283
75400
92935
857785
698082
355392
906584
463092
711045
481531
615425
191411
373427
384631
621482
750240
206518
242301
773759
478094
904137
886142
54035
485973
326624
440491
750507
146269
595143
431259
736383
994134
593741
350995
160375
756964
197720
777155
451193
325619
672854
677461
574094
617694
654387
797552
604515
352347
252433
196683
55826
514569
120812
108427
947645
594910
698641
45053
120848
993170
988818
673684
616216
199175
344017
973405
535803
13973
888580
206551
128050
918780
133464
920136
49144
553249
246926
407976
978087
632125
62179
849153
340390
722279
734245
577593
873040
361737
928924
269949
728500
681926
189867
994471
22673
153768
516629
670144
829985
335050
941297
341996
671971
299239
787316
311540
295669
278618
455631
483168
654691
409838
757030
448348
896881
317797
605174
28259
724114
843492
614708
964879
652456
991874
696401
198904
978284
278990
267746
834543
844198
125405
41180
184835
342185
457494
995853
974918
69246
928119
648622
675264
128883
769205
637396
827713
928018
944670
74586
173474
212852
397569
11195
158297
850006
466823
13480
366451
542747
273619
233897
744253
542780
806049
162686
345890
685010
595466
379526
589948
243773
666338
104555
986109
614458
502122
694437
853446
469202
323505
659917
104459
87090
151991
330480
145895
520291
955386
888314
118015
315796
878615
26235
187055
504568
154297
440453
134384
864102
545
838260
248232
255787
310083
66631
684372
213789
549042
358197
347930
395434
981316
870068
767574
188322
762133
568666
145219
777486
102143
40565
769736
962455
42625
510301
478009
593058
630352
488633
379459
760451
126429
282043
537299
869047
843287
448576
894129
308141
322667
859017
836241
396472
435044
293442
154763
701251
353681
879230
204296
171779
291168
5514
187408
840106
688543
978098
641176
998885
719094
33551
432836
581776
217028
732858
852067
362643
202618
125127
323771
831612
230395
7015
886146
755252
536110
615435
305382
847711
32327
129926
872100
199583
360306
306991
469213
690024
466921
846192
753580
956726
165014
445941
294715
124527
644816
98892
807354
837410
131201
180570
253473
368946
716053
618207
911426
779157
156967
57039
376066
825535
935813
3060
932257
227535
369600
969298
956465
6524
296564
560762
296974
644511
736750
617187
570409
591672
12627
940417
158595
556875
272868
647105
2678
2113
619580
617037
671990
997303
624152
138788
664308
783029
191879
988310
264175
818847
723029
494849
98687
172445
944337
421037
362645
594218
949537
409004
505361
619017
668248
396785
97918
190945
248507
58674
347692
833255
478001
756758
143014
375988
221448
637421
386641
653394
810697
939348
651075
575078
152543
486214
826523
864551
281325
484438
104229
543204
757993
912458
195123
666768
12728
566127
152619
848364
501962
186346
93000
139578
288223
719090
328088
644698
330149
109473
962118
857635
486389
735834
869313
340900
55017
452103
375611
309332
988410
91214
484359
216952
645901
908226
953139
431867
470888
824476
218199
549075
713345
21474
747066
275929
270110
20053
827998
97711
490268
771492
147508
222933
393197
532290
996685
72006
199907
224751
991947
666916
906442
995194
529363
654893
497582
617044
674961
309330
236462
102541
422412
133217
144838
167884
337629
501874
905319
867953
848726
848250
340308
946410
350092
250858
474591
166114
66466
130311
563809
117627
278782
61247
315250
836822
904313
925730
305558
400208
55394
359896
752396
996883
481115
398568
709377
346198
499600
651219
104245
17794
558454
959249
769370
513417
741941
170025
798247
844365
760371
965554
108666
287998
724190
409439
589559
944061
895672
482925
577169
701998
602958
409685
605323
133960
194151
392613
891277
495008
843861
70045
733436
279352
872991
896623
528917
798749
422414
268367
682580
759010
571270
824752
109349
901781
672560
189097
689212
285174
336932
408284
893038
600253
334443
17663
695794
687330
282184
980588
173456
397756
555993
196358
988910
219714
717813
331752
429525
476753
679572
731151
34672
424
696273
249714
296393
392084
242148
818139
658375
511353
330619
436670
273744
257902
485071
440977
756700
513693
675181
697803
15942
124621
963721
30883
787112
754978
301640
672812
809867
863024
592635
261258
488651
781485
839759
186272
378063
573617
593385
768508
714696
988120
476425
510685
41088
536894
640640
114894
272207
313008
911353
853576
855621
124802
976774
988882
407718
755786
661302
378272
283115
968587
114273
812351
876165
725396
468720
977788
736188
634450
86421
854005
294496
619940
326669
611392
270253
329637
158311
133943
157907
927674
819713
924345
771953
955383
950550
400033
123814
899219
863537
467884
271468
61757
320699
492880
824527
161837
753961
970095
242797
935916
74545
197022
378446
319995
48354
839257
830703
44299
491158
262477
461764
766525
661161
296600
685878
308195
398050
852918
133813
153939
808767
149519
864177
634383
377427
965129
348505
517637
932543
754634
300170
515127
768658
971233
617538
375236
522997
525580
546814
883311
948241
227555
995213
902169
637828
515186
434981
368500
223303
413212
132959
16567
414860
380060
603937
227149
838721
2586
742953
785571
707307
352856
992193
516007
322484
100391
937189
558828
633546
681081
768726
611262
334856
970031
25163
258898
832759
519743
421770
357560
474910
168359
789588
730893
213418
344075
141480
810149
981196
769364
358481
55921
855788
592136
681953
899412
626032
237607
16799
784728
822146
610053
108877
600363
732489
132952
340031
925168
484336
772798
54090
356066
308510
481267
538384
527525
464589
294914
670217
520425
841967
970163
33725
151679
291033
959822
714691
118
396913
132032
749946
43944
592937
742267
365635
183578
75585
861298
64679
407489
41382
835299
649759
814625
191881
76876
347668
459684
198616
775098
344799
359831
364875
289131
790955
657430
780779
967365
919078
796680
187028
62836
610785
270114
145612
380751
545072
897861
388518
66895
387004
750621
613243
586235
809880
155555
925863
651757
963240
742180
238551
233126
667746
734698
955147
188709
195624
884958
626479
858620
788482
136335
329493
706335
104214
22325
40141
692014
275651
236033
183590
43600
963751
632310
255526
462105
748957
801997
672271
269773
218530
102990
498659
680323
568998
210331
786362
845179
154546
766449
150682
620670
327079
29104
735977
495849
548374
8058
186511
248816
646768
400230
715494
59179
55880
629618
113874
210247
452317
413371
949270
373414
934200
956154
838476
901853
353516
584183
669709
52852
738666
998266
822390
504308
156348
400376
72133
947975
990763
22120
216946
248515
82753
620865
739
671084
576428
135944
905372
668359
717207
36805
710224
789912
589177
150226
815863
331142
276789
349978
476288
179764
770464
993029
48815
200328
624858
992119
152453
843754
991375
368229
388738
44789
555983
276785
472787
899055
301040
771735
321437
930669
86964
231427
461911
675011
628980
981571
45209
956155
815314
514601
699473
202011
8978
141997
526368
158489
828045
507796
700479
720382
506679
34000
443588
286418
743215
585567
842677
73975
339265
677435
415335
445093
6171
195989
910071
432675
639506
624446
392201
277418
533499
353272
480132
531375
999041
288281
347124
61401
941536
398134
327778
369547
522246
908716
157386
327049
508218
839997
343020
998128
97431
581771
16429
757418
927136
779152
869505
102734
78635
189943
163553
977740
616019
331679
224806
180777
232582
881790
984674
948901
20448
292316
268183
91993
85389
563607
486905
516769
704250
793052
977865
558045
254724
407892
763070
602785
246234
925763
495624
534394
38076
754290
756853
210694
302467
832202
529813
601872
787997
358860
94324
179812
491719
414245
980180
157298
953050
816559
623419
248019
398422
462816
294858
116419
513092
849105
629590
602318
762941
620687
53855
638792
757222
872821
968678
29910
582063
89222
817889
520807
712205
860947
812316
376814
963193
548822
295890
518050
589791
317092
506970
86633
820418
769928
246238
628071
955013
41919
532461
108076
76230
140343
312166
143053
776443
921864
513344
766429
212103
909307
626633
505781
98577
312974
758323
994727
704539
433010
457031
863754
488816
116553
780953
711786
393825
272235
556820
533379
522048
858441
780825
395295
631925
312460
520384
937908
617103
983414
147795
137912
462759
761011
411886
505217
730411
682455
240238
276551
417481
675972
251730
432306
866534
730414
208680
360608
224564
602790
412128
677806
18536
817389
903597
88037
47272
72702
892228
637897
278444
115448
572351
167281
576836
689907
25881
457802
372921
907805
216211
557243
672302
41213
305481
461072
272784
215532
828200
130957
915851
89938
112701
864606
646197
655303
385635
505826
319114
271457
118153
701231
717180
815052
403070
520329
268629
531233
381001
176709
725008
91368
837975
92377
69785
546203
570391
604807
682420
672538
554701
480988
524108
320120
991694
336142
96707
957023
309159
723866
714431
12786
88020
332649
589683
318639
443672
158186
560442
932388
179001
318056
221060
973949
451161
41559
535423
662067
858677
487326
181110
425242
676390
748839
968897
954014
472248
422268
263238
115123
232927
451750
644227
563058
426418
207196
659966
763209
160697
383262
732740
467890
425543
39104
587582
579193
51924
968132
298407
935562
353439
423373
894045
611508
199541
544290
262103
861084
697675
445305
764995
980969
90185
322081
428896
907618
719169
576945
567865
449024
528265
416054
323996
141582
439267
604896
362458
603776
897772
195607
964698
185624
554089
18768
639215
858923
130588
920595
215970
803462
841610
921212
635951
462956
1760
79691
590048
478812
509774
194190
570506
266304
542822
537581
526756
57959
586242
395711
221486
709762
178465
752066
101651
38212
38881
437108
29405
852891
203875
154894
701418
972029
476646
495681
306418
970351
25384
292640
991125
403385
859738
832011
390894
209538
586984
859814
507593
13907
402265
440602
701600
928885
32145
602301
226187
701836
464589
883107
318610
767476
197411
487727
973219
337612
447074
905808
205428
439323
816215
791474
264540
930536
552209
362110
209588
491320
429074
287210
512934
348907
388204
509080
642835
192331
273798
998336
667562
149936
669855
842157
654196
873472
544935
995391
937221
782441
282833
927847
88954
368291
582305
14812
248106
706198
301876
559646
241144
165670
87359
357859
942742
921801
294242
389305
891087
294399
254307
493684
553524
105689
280024
871741
985039
624122
678423
540440
389561
372546
816907
499667
604238
782886
333099
716495
78073
950081
366861
785663
709891
725499
403539
938968
637162
448131
19880
473664
216838
411027
582026
531974
57150
580731
990246
728672
860014
204910
634073
766558
790890
732159
145189
232787
866657
347482
833046
936637
791094
724335
590594
297288
361043
15697
372089
277207
968882
814942
389536
120586
423300
402781
16081
446629
666950
948837
839463
127111
117391
44922
292039
311966
733086
627688
87033
955264
281658
243536
282714
143601
403761
887197
220577
336555
185932
323021
893499
134246
687908
599596
924100
570945
593929
979945
906044
908686
437353
237041
742478
237183
999802
190914
490521
971852
25928
341557
711437
276846
23035
786910
74317
217791
287819
239968
973905
207692
46112
569451
935838
418881
138549
797848
465516
921636
182931
815730
230285
996071
602490
448913
599096
806667
86493
409663
831476
866379
994522
913231
572908
476881
313172
542167
935597
641185
332103
322054
30026
60457
813169
543174
504070
853225
332717
956609
627718
190971
521838
988933
950149
535719
411043
301258
216309
349733
162931
197545
470571
780859
937147
977718
84626
633934
169935
122735
587172
649699
146873
538971
437674
941065
853150
603235
162441
789329
86212
292711
480833
753456
451963
543060
346775
804556
312305
933660
6678
514719
564507
264582
537631
659934
643054
726993
122075
7647
358802
380928
383665
7860
521480
511102
860090
857280
975391
277323
504913
166923
412957
30025
231251
497592
218737
656688
958890
987184
395963
534121
773010
23648
94407
384273
817350
155493
493359
868974
481635
877791
466633
896741
505891
275273
890676
573530
374393
82321
626148
547161
86002
621929
58918
807177
461630
492083
389379
819833
726883
620575
58927
526476
133739
508512
116756
785268
589419
736391
290171
496030
661140
366404
232880
507596
811003
352629
532309
434906
267405
339294
921996
194189
104187
145098
102410
975650
228211
29118
982226
801828
669333
479772
447504
835562
898180
445852
237670
137765
449183
978988
853566
470527
662011
614283
85952
162345
232031
322072
236125
167537
576708
812035
252205
930484
512368
877652
719110
813313
969786
102899
882597
853727
777951
639654
558548
273138
350540
726163
463939
755724
293878
327185
158058
702032
354685
186629
240003
717328
943752
452073
743823
639091
877870
857759
65453
832860
728109
468212
501057
217944
207215
602683
237467
872110
42648
480173
81809
99873
961165
643099
173907
650414
416604
94910
638733
354052
110377
499765
691366
841016
147947
444689
235251
580293
828404
973706
132671
9720
817778
430173
245539
85490
673852
65745
546608
729634
144653
474335
462749
714963
733587
179220
106977
168162
63169
879809
72889
154466
491398
929342
570476
45261
356708
642448
626202
241581
246636
151411
528638
430393
953147
832936
936987
650560
43228
759146
198232
62941
493155
118085
636459
675939
969733
42569
161765
126935
138558
28254
981936
920400
946460
122454
340541
102222
34269
393126
481464
812387
30623
592029
811909
306390
881900
911876
115393
398844
858149
434924
517908
650014
145517
171747
729462
889381
837596
325434
491630
239716
985028
16616
17282
677883
875937
432980
285071
403487
303128
782142
301993
434856
113474
625555
536234
646343
541417
993347
681198
153714
19798
177361
783933
689341
72297
375484
497536
416470
159245
544835
878475
772588
835574
387474
810201
770848
622805
946707
438730
119803
453261
446198
656709
309325
768926
517506
155431
740118
583608
964034
497998
856171
469125
324868
288077
302983
194281
863583
87541
313447
397730
934137
185156
766833
555648
506250
446846
810010
270808
235819
913105
490571
614752
851760
461054
66308
703390
938012
78071
490740
931449
739521
950166
307478
759841
160026
285763
690510
82006
21504
244681
165905
737075
646276
482039
295741
902820
570680
982613
58500
369676
203869
784632
104229
297625
400059
877110
680411
616378
661915
532617
425745
148755
241028
362853
895220
421303
816529
212392
809823
545996
823232
964724
625949
149528
394711
131740
443998
921882
983388
598796
236509
915296
792425
581883
484817
89770
248656
610962
192157
64409
503296
662088
662470
310988
620112
66005
449816
722923
273474
516561
752298
733574
91046
963271
495634
968809
523106
117687
370418
601256
502400
625150
31721
240644
844747
719467
763369
330814
161140
781037
967181
858260
546182
880281
32043
301344
757675
276921
264536
502247
840358
294553
274005
690380
297190
541358
301365
972948
48004
265386
383531
641935
508759
224474
647530
898478
199894
18921
17652
864224
362914
328031
727371
134219
177861
6198
530139
787329
165693
12777
769955
616268
852543
224135
707168
489356
487595
758926
929207
773662
281132
23875
710756
308572
770788
613468
94246
445455
913019
426182
72795
365173
65211
619469
177257
219662
286264
91283
350575
705664
472044
934450
344104
323435
182787
492811
675218
224323
211681
813661
206979
463286
280219
714227
748481
494870
749425
653576
696939
884338
192964
690228
402633
65091
967135
807662
590252
506082
356910
625094
897339
319914
518548
922059
65651
817506
511250
261546
284419
136356
296599
725150
761895
433463
222404
211413
177194
856777
302358
283471
720983
238969
962820
279615
289665
483445
48741
490879
317392
421088
20201
816636
85988
254619
941283
895189
192229
288484
874182
580605
936252
981269
479040
8430
446355
620032
817485
898106
202838
44696
869652
668230
520280
670945
603431
845230
351972
408573
224079
386380
942197
597813
828445
205394
504284
120331
516220
543597
246087
951200
565485
824284
672678
237365
693550
185555
978297
852886
134825
412433
670455
559287
325339
341212
530410
307718
279618
588049
181065
823286
41101
456945
763265
389577
598973
67907
373584
172173
429700
181971
361662
718284
70864
740364
746063
49540
400781
354283
880817
519946
861602
212840
811641
976568
954306
994852
899914
477558
781914
327247
710806
281769
567356
385479
616646
292200
119446
17957
696949
444275
256365
690364
686557
661861
359303
867617
770323
808679
66662
130836
400268
862464
495007
212759
540312
700361
968162
518690
860667
721332
830332
852671
392508
22716
240461
435110
385674
68849
9182
549706
832811
600609
65601
993268
892233
796824
751329
625682
74264
554175
2613
704526
414352
926352
672933
32756
864179
191289
535245
135599
487094
515042
584855
224400
960656
382769
275434
110621
580151
768311
253007
219243
23215
827720
321660
681437
822714
146495
381518
379255
250427
381064
76743
935598
981298
598107
12069
521725
922804
27369
645936
985887
893566
995581
694123
458166
102761
874189
856348
638460
925150
13382
172233
870116
968347
209106
696748
35849
571107
285273
288252
77683
625318
952224
897098
172210
975213
678923
405430
616311
770853
880687
43929
190419
630917
953320
106461
908171
38593
149162
407911
998236
589292
105676
201431
579272
71588
453683
819273
998101
366789
230512
977589
872348
662187
310195
76800
37476
241086
197290
431599
690113
468621
959803
49346
491611
846427
399536
468003
191919
282654
769953
536812
568386
71190
75039
689247
326348
518903
31321
848189
485482
453621
273408
789385
654682
396954
737290
243570
50643
767776
733547
664479
828111
366212
544236
638864
299973
474669
138692
106547
323904
681025
818983
683533
770031
97845
112061
837315
869109
393635
700949
519876
205940
845690
975428
602123
365391
488529
657414
49801
444876
118256
215505
99931
652786
735443
409597
576386
75354
371188
971480
486815
766862
273225
130933
989538
707911
404926
808696
542263
76543
350052
963030
810335
934283
816516
349283
82959
821806
323971
188999
168734
520726
84710
529907
695255
952904
79716
770065
794690
390081
304896
4827
540796
762624
702714
717246
334021
135795
676059
721523
241621
582591
573748
812751
961841
948488
286027
612759
928611
221517
539620
224302
812130
140780
485492
814537
545301
945426
605559
81298
555316
765607
305094
933353
798052
161858
67348
867885
753453
638813
789321
360361
56833
903068
208842
288437
32303
7309
996298
610238
284083
101748
931434
968284
92052
446176
272697
739663
5674
996348
312902
604867
658992
734551
932165
594281
264598
152550
639768
716990
198228
503079
168021
93382
556904
628461
933723
265178
799461
355896
785093
958834
776996
357277
750488
82434
104814
387398
845313
177146
319761
847605
680771
584561
238656
807205
60
452329
234151
319169
151338
387796
284352
987665
668692
543256
246393
246390
282511
743181
555876
673257
753438
183925
305037
220756
34663
406643
183319
549002
288149
447498
6584
643457
398144
757095
984133
739544
134347
885303
782946
412055
118292
738719
128774
31016
254028
929522
667199
351002
86145
198905
392607
73590
990466
110679
519197
438238
938282
160844
804419
909416
106143
624201
262693
139018
874657
877882
966425
545734
634953
633558
234335
520446
685166
37639
54314
286612
119959
248816
414610
221253
327827
941558
399622
487106
595975
789769
499120
903072
510852
860737
952068
749998
525667
787119
652160
312751
547397
872464
951668
441683
866477
791991
10024
14733
303356
682934
659526
114196
462497
555676
931511
240424
1043
853853
854836
334429
103234
371359
395168
609734
827138
331504
170174
312961
551658
337732
499932
871730
277349
487860
564136
941029
358256
882805
268057
238511
487832
731202
761398
754295
648526
143013
639202
366113
238550
998341
155775
617224
237084
171958
906048
843640
631410
817339
626165
244765
833190
510355
137386
2734
578094
16360
274827
152372
773406
173322
503129
937103
122449
887872
107337
660413
985482
584179
16539
535156
949844
389058
733767
940329
546810
40568
789704
38569
285836
242127
20019
714256
39584
884216
365949
528827
577101
417370
283108
814472
85909
4859
688307
329034
989570
681245
862571
824778
832080
820180
475487
3641
408344
920055
47819
689008
4609
413392
100240
779870
477232
142473
916403
270138
266425
651788
952283
60260
460909
854563
155505
487474
267400
691530
776184
399153
359419
465968
969784
679328
929011
339666
263641
281190
261497
278293
926374
552911
697680
924062
926208
218422
715434
203714
623598
50542
831232
988298
413223
653980
651886
643393
32617
197178
437079
254964
60035
61520
654576
118896
991818
205133
232489
879282
449676
566877
368289
605779
828204
747905
600029
970073
577173
208387
14931
907971
452727
396065
313538
523757
697871
149952
858696
667747
802909
757636
439601
836050
416415
558027
275673
28428
278355
264646
559632
300151
765485
585901
688872
101894
732488
153327
845576
763122
348154
724405
676837
868314
759591
918571
449020
889751
652787
99147
519624
914063
8973
304832
663571
634911
703152
484879
713908
220581
57303
773556
966508
750687
279247
741678
582449
787027
786390
49694
652956
117016
710935
432593
31241
923121
815525
418109
937224
645097
772144
944192
65274
355070
965378
49402
619413
159256
398182
14881
644257
212637
252181
778097
435297
316914
537116
871386
454540
90887
510344
608425
499533
617604
632040
588119
308909
849029
56124
80266
521346
124270
180185
55103
703529
41564
873288
357062
596142
432911
320165
248317
983478
421212
116879
545499
365675
495768
106487
668841
635986
324200
841606
197
364006
859522
979048
283600
577040
817030
131625
746409
445126
245216
654975
314306
478222
117934
241541
501095
396451
693079
42650
667492
563747
340147
684177
865911
339828
248869
390103
821417
597316
555721
100938
310954
974208
377611
370027
75801
217344
261151
344692
982216
252820
928148
13831
187429
529914
22263
822214
283492
108267
711987
301486
133627
263415
698840
430065
598012
123201
673279
715444
332681
231895
834146
616504
202142
380104
917588
308889
981382
461293
121089
412606
228941
495959
120555
873439
17025
815388
427286
439208
783680
956250
911985
238818
795200
621261
557481
503124
754231
565872
348760
359557
759404
761407
29991
887821
880729
326093
25441
879414
906695
579872
64513
831575
676440
987968
81369
58824
218815
966835
688143
359923
148672
597636
789560
42642
231876
832311
729891
571760
177345
800488
230726
261700
380775
941669
144200
556958
451998
938303
76047
672834
237132
94544
227295
945186
816650
147196
672959
561566
982927
549246
938926
265045
411319
170324
553874
683988
291939
952589
300612
315270
297854
455571
999394
390836
705340
826727
991462
545599
176905
514421
43564
877941
767740
763075
396621
859021
822673
152862
719754
794304
891039
930198
962001
828205
159724
200897
453288
925534
428202
186472
41217
956793
197070
631582
754800
338411
228095
690145
426010
734296
768613
271585
196390
801610
569459
690500
102864
584969
263988
130340
73599
735233
246801
66708
174502
885176
983861
792471
599515
820541
569145
867411
509272
115569
284729
265022
947268
583710
7782
349143
894163
205072
349412
572061
903640
584084
609293
146836
726546
640672
690859
208291
393518
813916
952794
442687
131018
747315
570553
436646
655007
955097
256799
706704
415821
991971
140902
309402
707017
836852
366416
148514
895333
666856
968036
342630
602507
294371
951079
359088
378583
241487
982556
253372
435336
184542
79386
696644
738596
642384
584648
473634
14163
909475
86222
865649
78624
880630
914726
705241
798314
498337
222241
841014
91138
186127
824297
472247
715873
690577
954126
495056
842301
597139
129970
486539
247928
259557
964869
838456
611867
859700
722304
723384
216817
618814
411298
656216
438056
658406
66771
754939
922383
480987
677579
518694
388894
421009
416356
287871
358332
513910
166070
705285
957120
94
956891
665064
464102
825425
535571
460539
408894
569381
276724
837528
287168
301607
378412
653730
247378
641616
943051
622949
902014
280406
168393
679960
543134
146124
530797
87466
505484
999936
894250
436620
447235
120574
101022
180412
381808
362550
249418
554190
859905
118837
896209
52341
599145
725386
800853
612911
570757
712514
305016
237274
513215
342392
329242
697643
331233
300338
303031
820053
222656
181268
695798
71383
180692
126390
651406
895537
242751
866475
341258
468149
146223
13482
392347
477235
78619
773204
281091
219745
230110
276945
78072
947807
336767
307891
804657
376275
86420
582410
393896
692742
262064
105285
536292
683568
531802
734145
436387
309546
382011
490862
797375
974155
366374
831786
237962
980833
33905
14142
630764
48293
920598
69690
561678
748702
23264
832253
27541
436845
982078
34636
377908
294065
604680
233049
759280
853275
747882
142625
555560
72038
618501
961632
258777
325847
711184
874231
158065
589470
660641
240014
968518
576929
295852
851835
362274
208311
734214
843884
664596
951436
666491
560608
607330
373924
482484
596968
729318
315511
623272
707956
135168
338985
476144
866977
68423
101595
588182
945198
683562
732315
485884
724094
6158
162406
387112
372433
490435
776874
798766
668711
400835
865575
342997
874531
848578
748633
251306
857764
576333
790321
783450
909174
395966
467360
604813
98720
460060
208511
391884
474185
238353
259974
759240
213695
968003
330441
441609
560045
846510
924380
256007
532856
185254
387326
396769
885417
633568
442208
495608
354180
784261
289331
966627
237834
407050
209949
974387
72348
953322
913910
439753
884923
43212
919892
509008
449686
194908
255450
753688
293331
120541
345645
760821
476630
956903
678265
374471
631963
135528
467051
793720
3929
71266
73176
920178
699028
437363
848251
809554
770040
219357
289224
276010
267196
433971
865158
278999
18031
522079
911505
261208
361575
796338
932537
762228
77613
244013
301033
29645
678934
109158
545156
112514
64537
638089
728759
279577
642172
157369
703527
211137
650662
562244
418774
97960
492839
848025
681345
541645
651271
797330
541327
215117
180718
565962
673513
476635
109303
16646
536063
25004
254207
242421
987128
358216
323899
859139
302116
633354
481646
415661
32782
812947
808623
583817
588790
629801
353193
448279
570977
7253
960401
106341
509552
509038
906654
855439
168015
257993
826539
458293
10548
444034
104296
451383
102844
183680
500409
291818
295984
827207
344767
815164
92348
179595
780938
284449
588643
25542
485184
983317
585461
59594
660189
168902
423334
173042
10199
906709
714575
860384
312684
928108
206019
28151
801596
776273
381715
835696
80524
411085
440949
888661
905691
982841
223213
412680
68818
127907
765809
3747
287373
984455
726064
237672
218617
637195
555623
144101
824636
711388
71918
98101
890957
933837
884399
191258
810535
844585
120812
223761
554970
844141
924114
756056
226474
545410
156208
25389
122272
771086
567390
432564
918022
492976
935098
901997
399699
641870
626784
803836
434764
559827
802926
47224
517182
214477
116413
570157
63559
958275
997251
927568
834547
683940
204277
607703
719421
623058
565536
264163
777441
233677
104576
431087
556485
258295
703878
840945
986950
459021
431122
214425
760144
743713
943338
61179
749621
493830
664646
956912
714719
784332
904453
571001
276251
718253
532602
925906
792255
111399
456213
679413
431933
456101
718023
37625
98888
580823
873878
374559
116124
309528
690466
466825
527102
684559
261550
277238
99668
237995
102962
527849
415057
740513
327882
956076
682269
413241
517764
738792
722622
689890
145974
792064
956602
982701
647054
977069
323452
301854
30289
424551
445969
139110
345387
93965
532608
305310
500455
865592
864001
826117
813813
611031
222548
537045
315663
201289
320916
702492
197904
235596
818866
528109
900217
777460
928566
789802
2965
553503
139271
957189
459130
492913
149334
435173
682700
599265
402093
665337
888825
580252
995671
864958
702176
889458
639234
696993
872551
630153
613431
105990
680976
322784
927371
195360
523207
912613
152617
452485
658250
703003
189701
16745
591650
918603
677462
316615
925167
513177
974345
965201
545193
471424
115876
406274
947717
694625
620898
331840
4004
390702
636408
611851
421252
706043
672544
688701
847764
987789
595143
847579
221645
742314
488909
512607
235749
171715
412201
456174
11753
834855
918500
128955
625642
427872
881114
701023
54415
452900
718220
706032
325018
268528
747241
468757
39498
545532
912152
758814
976515
137318
826439
321188
675684
671927
585436
110944
826392
997900
791068
462256
218769
859541
892652
298715
893737
609806
416285
74159
892042
92418
23254
576333
440470
222239
244033
348607
99367
78980
34217
634469
996952
67557
933865
838230
747887
560629
373849
429065
709589
697274
660428
625740
360913
184694
808188
666050
76681
350101
64929
183766
676816
573869
94398
704689
847993
393764
875716
439111
843748
939802
312501
529909
931645
463367
529802
881630
131875
830272
944442
283661
177349
522832
453169
315130
605792
605535
730140
615150
471801
692908
446542
795408
678323
49191
927259
557812
739867
525902
311099
806760
820229
44644
997212
642901
770156
769119
797770
290030
979452
138895
439980
785634
23998
428266
101542
43501
107891
396101
48121
459826
551874
112521
418594
776911
66787
212061
854337
431464
694933
534291
347808
504567
492278
346301
744274
868985
807678
993326
61006
303530
658700
910455
550102
689110
711168
92732
304223
116138
66071
944477
920498
382685
778002
852683
23237
399598
825147
86052
771955
185336
807990
771182
900609
714157
117726
826763
384403
946307
235704
343119
197341
435975
511515
129205
819211
406812
826814
384786
73026
400295
738021
288089
25009
806284
169043
743049
316371
752058
231448
980770
534273
962271
401207
862884
443478
524299
262575
487997
299365
665636
542485
385566
935858
494493
973338
624901
961358
615307
670937
800940
683610
608289
879119
339915
220815
821231
605960
398687
477469
623916
519236
803262
941044
431051
497956
422792
815632
551828
660945
7645
808249
22721
487865
767692
707755
831998
945050
585744
564906
836237
430
723064
644060
882566
473073
605015
957700
43795
459859
823448
719720
570844
711997
484384
658773
270186
328167
993105
997731
69407
548619
672437
509524
539807
901856
643377
91540
549058
34154
121670
723058
506892
682838
923312
11881
666232
903711
555958
768371
557039
411307
503622
893546
715380
572222
977979
794676
816394
85101
762738
869957
294344
144834
216490
991900
602619
978631
756168
497366
795853
609208
338117
132407
55231
153036
329195
974347
69529
728110
254667
983200
100427
962407
956423
396890
588586
130782
574297
417737
429184
68039
879759
120776
801178
910178
876219
235545
107341
556378
32628
416099
292671
777065
83162
75561
114740
781044
260359
375378
10451
887777
625142
133214
3603
973323
613510
559930
621240
357386
505934
718134
998714
288308
613080
174611
437289
279574
946919
98007
318202
645997
178345
385773
864820
452206
527219
95046
527069
939439
896027
851395
492662
938222
478739
109253
431450
45477
896441
865863
509608
629566
943377
930804
998345
182518
224081
11479
907022
524252
475680
140650
642319
825563
10285
479520
820559
175378
767675
10004
895973
198807
904739
689486
455349
94605
226216
731099
630052
485783
460955
499440
943823
219341
166060
2413
854779
713545
880141
342781
646830
338099
794260
765013
89404
230152
966918
536152
761318
562950
986062
996980
193561
158601
433497
277153
575000
266228
918025
550471
90640
817409
683843
363715
547415
895204
19433
176013
37701
915155
774592
267478
349877
606352
117369
373724
660664
105023
934806
648155
183189
350303
843065
472684
167438
509599
73913
790727
278794
412720
32997
5537
857458
817139
921948
68883
839999
116651
973771
96992
697779
852067
297123
659300
577128
569725
327601
488264
590103
391113
325337
862613
979423
83762
580312
5759
311859
924343
364028
116817
888986
41757
87805
570925
993574
76615
684890
97168
423768
815217
104580
918582
412992
982452
437887
760368
987034
601164
436323
580076
612964
584696
253314
767776
966335
530186
577419
228295
74198
981528
620561
540666
959025
121574
76719
200217
392064
901897
116338
69839
120028
504342
335121
590980
590970
496968
164661
773298
893418
893403
260820
72097
495493
577435
300621
140539
945355
292916
609560
117449
807712
204717
31639
699989
816163
261763
552464
475144
446926
223127
115406
428138
45018
514341
439051
480203
226638
323352
153189
478517
62564
677321
129947
18617
995488
123559
149945
574738
720156
270787
933954
3725
312890
843176
484844
274439
406214
374232
53623
372586
508763
479366
944296
853108
782140
177467
108803
957937
89399
718112
219437
555876
78991
997354
163520
257015
772009
1778
112830
299765
201503
134689
157284
183934
924062
628957
672430
811213
283597
516458
729565
368711
778149
86242
979315
753520
393629
432607
463712
125981
124927
763831
73418
470546
286961
29487
257209
463814
952945
445809
305009
966067
448424
666451
93788
576541
748821
369325
607640
626870
249450
283697
110315
881828
873921
625337
703360
782573
89104
811314
348457
506950
273813
708163
120978
195168
612614
332533
976454
11686
45677
171711
975242
925512
573340
178052
729965
588034
127043
505346
132539
553973
779173
666911
801116
359952
922488
531495
876357
515732
466676
617451
686285
671909
755504
10432
879356
938707
257263
63493
664358
610443
136459
244036
585354
180968
197553
643493
364881
249593
670013
960205
652922
507251
374004
265196
635377
455489
272693
406533
439992
360345
850674
512270
463922
270690
522181
940760
258346
259443
818415
333636
936725
495572
528090
100327
295736
254129
195818
665137
611506
830375
7894
22556
285906
402803
828516
647551
740061
753452
780389
298375
607335
434209
212115
225837
347912
700391
143134
271114
687605
747214
465095
369812
782439
953096
98315
51648
186039
622688
632463
474022
726559
549111
583397
907910
848432
894419
233984
569174
710220
981730
638987
109556
715274
490286
541734
214654
660222
23726
688226
217939
229394
391504
503106
82528
235824
745331
778893
617394
652872
692155
578882
974671
976426
701056
553719
191370
784298
343662
788817
273388
959874
234383
592414
643877
472970
934558
64135
551870
832427
213969
537080
266617
987823
121546
149620
826694
840353
954484
653383
461565
259316
633433
259865
393118
275867
752819
91439
421029
610056
272185
390156
58016
432535
348982
587770
145470
506831
615133
338623
708264
143582
324663
449391
746713
159493
861318
110268
975275
794105
426535
261479
26467
428763
706662
133212
825075
302235
850962
281204
546792
901472
429229
46120
206819
835001
273256
82664
711635
499502
447399
376538
379747
565640
246371
180131
794880
177570
225075
139980
439474
897676
568621
758320
963406
505125
285716
575789
446248
816138
564826
326625
633285
360941
129838
277506
156138
548562
744330
475703
125893
701448
911738
542042
198111
292268
872709
806821
499652
744980
155740
917624
926846
681478
892368
260758
959911
615056
692460
620459
958902
136061
646999
991267
897771
775453
998266
369840
422007
873000
180661
517385
238045
321394
809718
905258
84040
522014
795930
345771
136492
835949
790874
386736
460246
830437
701227
622813
954312
560481
903603
271212
486156
746425
310532
284826
893827
102009
714784
872141
728518
779705
38487
970283
98275
208027
178274
158246
104949
847333
300780
580060
64889
929378
524357
940783
135506
786103
603712
410268
133713
323031
420905
163776
818489
794352
847739
179611
28635
852677
215598
724524
791134
697494
313607
465948
360809
524780
582907
897186
890430
410277
123408
773317
194819
356673
887332
466481
457807
345748
769586
801993
10236
656344
482371
741653
863740
834749
209404
252514
790840
968198
61131
116475
912311
748940
579993
292835
958909
348276
924984
682870
708139
404666
806555
282297
42257
242488
454865
867114
361621
43102
736129
670284
239357
537134
621680
522412
660247
798195
554617
969758
6505
188862
8638
332773
841577
299453
295263
861462
927909
655455
99845
187441
89776
703769
959631
521182
948714
137232
426642
433219
59165
361551
461321
542630
215879
919837
233152
847151
56197
515728
608167
890481
920568
560193
887341
402122
817683
596756
459119
556468
731311
325336
653696
986829
917579
222908
108297
434710
799794
91380
568050
893244
29968
540650
436968
453439
425751
293670
302703
799739
220497
297416
22518
727519
7946
883949
989543
182212
681985
185588
995600
219051
946087
903923
923439
83208
951728
635406
674273
922492
719
1686
901607
963579
594272
207496
684464
160970
457033
341950
885870
561539
589968
894390
78194
560825
26938
564445
51113
128664
497842
942698
834918
275257
71346
53168
997237
881313
888314
884893
710758
917052
849101
569248
310404
744501
730705
544789
216790
709309
132790
745346
97665
464570
578057
552905
128641
381122
50916
482679
614113
53267
558591
906909
715142
973894
909844
674601
862853
85349
240624
609655
147883
322281
58917
304808
372630
487415
761989
470340
810589
589756
322921
530845
143936
615771
837956
2803
76355
932590
281699
983470
176192
43208
837990
491625
236857
101040
431789
761684
322063
381573
588932
26575
99359
427800
677692
747365
18624
537471
513777
785559
317705
749196
494946
35276
585935
154736
243503
775345
844720
352149
544397
857470
546629
596829
150349
607844
863969
148812
770668
207750
42822
985322
378473
536758
631684
377745
692339
656429
674280
880780
463183
686578
358182
598424
471823
321711
470432
383026
716453
679259
78958
574210
868010
456817
806811
112401
789694
193923
197596
995987
380481
592812
36471
225756
718721
450730
284371
847786
514536
294619
305728
263691
747615
445412
937919
756317
281509
511972
455210
91576
975014
635341
33378
673240
258789
237519
162033
146995
759270
453768
603934
586576
476463
397326
387417
111816
921128
304707
472201
476974
550374
621850
708131
429971
102759
959141
34481
109673
171208
453560
349177
864284
716611
409679
596816
215071
565803
443653
818252
448319
517019
423618
56058
804758
696740
709917
333865
315969
537572
976391
731218
277508
542228
55682
983602
18135
488835
951934
80165
59021
156269
861554
185030
104889
514551
501959
408820
27612
420007
144023
545818
589484
350632
800558
301729
74615
608170
180274
549452
436184
683657
184708
629074
442861
214510
903544
409507
355026
334851
475466
13632
977773
760857
501567
315140
239645
78116
79187
177706
659270
934983
656874
746164
630503
664334
906142
904496
631515
818912
249434
811551
351951
644191
167800
5730
664161
888999
339409
596938
923497
783930
961428
532445
421719
606865
798330
157837
726287
993079
599843
222597
130673
67425
799938
868124
145519
805440
974151
928394
367644
73136
312011
298530
918072
562634
849146
164423
280471
951874
845732
741718
915872
76292
400771
222559
77305
407691
910179
360984
419212
534016
372801
587345
96097
770514
331502
157570
816411
460124
211147
836392
94549
409688
264154
73224
903175
744199
450702
178343
435880
813807
427655
611407
696021
742952
631893
756146
872383
26295
51438
793207
665623
962121
409612
161812
602096
14435
882205
417792
477169
50206
377510
899105
336733
818630
349869
675061
80873
699595
599016
978573
524650
820933
594435
629593
47160
349017
138049
25270
712367
999799
60024
436165
94615
828102
332217
549389
683561
388619
168404
374155
91186
63276
676537
151708
347675
579849
997883
988949
131734
728646
367670
973108
603307
628174
756794
197915
669124
223227
582144
554786
983865
356096
874325
849672
850920
737289
870607
252464
718429
537124
776253
382247
956079
744726
817315
710668
883305
625330
273524
570343
81343
516278
628178
278205
864954
802852
906414
541981
351369
824997
678476
885849
840075
883815
623352
666017
684305
432085
498187
503536
475029
10871
399624
99501
358243
114594
121333
588601
900701
776011
121534
643957
962327
396571
576365
21511
624322
624453
763585
258102
96787
721642
510270
416534
425141
606349
678598
205741
675708
760970
676106
21396
613475
950691
906841
416645
774165
592463
107656
348680
274037
839916
339655
431177
651025
419603
954848
220468
332309
919796
863913
206654
562271
292205
559106
426901
858636
256464
316451
85934
193744
219147
442617
689044
560656
37470
324748
25413
245355
539924
568911
254059
427309
653778
757712
831315
6204
383972
601842
257832
891693
671092
641248
951778
738073
362537
648778
746933
454614
990568
196767
236383
985399
93960
395738
655197
823852
461169
176530
328061
340856
637852
812059
950666
170115
243492
830928
203268
863458
966274
490413
663175
219715
168617
942719
772649
570916
688720
354492
231698
243662
498233
570869
249105
436532
381482
566002
862498
346379
51249
149508
730322
436226
169069
83488
526859
913621
266623
632790
138167
596257
706231
270397
940596
348962
101135
944899
405868
193490
68978
936042
183646
723212
202000
847058
248375
390139
687147
349906
781286
222985
908808
937760
562880
538233
573231
290480
64035
339419
871435
953837
143732
166994
374492
953999
117609
384158
663156
313379
350553
505625
261794
842319
132126
155134
121022
654356
531206
158524
909961
425771
841836
466368
98210
439861
642609
548859
912966
1215
160572
412625
165916
6706
572233
993457
894771
170965
973743
149635
748933
968459
785185
301936
365567
592641
951116
668393
624297
15372
909132
787003
748545
284323
453382
885372
821879
496715
509628
920983
70286
81975
609197
691314
405602
688360
324251
884644
162796
574144
102618
326375
887991
897847
793780
973854
618886
446518
694442
107827
921295
461218
52695
280
732259
247446
304253
364746
258078
639174
13479
855990
627814
341866
229756
765457
213714
749596
488087
701262
803777
630796
672319
556860
291547
144649
705621
710043
638952
997157
659771
187183
428297
711288
22479
318063
729753
932644
425188
794978
602406
57738
377976
184236
798831
557227
601754
803335
963411
157906
258142
317305
479638
272952
529972
369789
651196
703450
93076
533598
800630
928277
550907
940458
506493
80860
161545
40195
204642
114439
866510
11067
329029
941365
888887
410759
663121
841757
690470
617787
318464
572767
31662
241112
450124
372607
315568
504113
167592
778376
560404
620928
631243
239855
339583
279869
646775
658012
332399
993850
214978
583978
246625
877162
287319
434663
805153
644518
605242
499683
365943
461912
760326
965136
135615
133183
460237
934191
790223
860548
931195
270528
537648
72157
159338
641881
565092
673763
545553
278409
664767
682283
690695
967760
85063
183974
911367
446822
940216
893123
194480
670262
527505
610913
32500
970817
547264
651687
687998
420461
924441
28665
588401
279628
815785
811086
676551
109380
607336
919106
544072
4589
470705
690738
645184
189205
210894
276517
394514
851345
395971
197592
39844
304968
655124
890309
788141
882688
460395
505772
85995
470074
100420
719131
780342
787703
660393
115735
346031
19226
419072
182766
419272
539292
786743
875469
738911
378344
485982
882362
509177
801901
48499
245469
115678
468267
245793
551271
691164
778808
372995
182181
126176
668954
822573
843357
240659
476061
171144
751020
691533
669009
483439
517815
788713
113498
874936
319112
897669
691002
21926
316586
925372
749558
575549
87148
320341
146875
675804
576411
670915
903417
273701
789931
152452
148751
649982
652657
4801
616773
178091
663333
770666
251082
884903
193530
241903
666759
270993
376983
150991
285406
502665
464707
24711
426384
997347
475991
197820
627159
768084
462906
666075
177560
451502
187302
827198
760635
117911
587072
719922
589933
133341
523100
256431
983649
982112
925597
984730
4983
554456
23974
625439
920670
444271
84251
912116
58410
128864
129122
273009
862857
957672
415264
325954
252565
907528
802670
918106
294743
29103
782472
634317
752005
971401
707638
523670
831797
608945
438200
874201
55724
156905
482999
410613
842793
301066
530792
371994
157554
653880
895599
762850
851971
457066
187228
526618
382411
408728
768919
772197
297114
66145
448598
329356
832840
232792
237753
800972
886048
618825
785749
464701
522952
22596
271525
846662
329211
633706
556159
937510
81818
992152
829811
644900
782758
507319
310915
453948
345140
462001
917529
626058
372732
256042
194480
697300
586910
30369
541582
794565
581828
973101
584336
511406
495610
967226
922644
736149
890550
35545
83130
343283
89333
669345
121457
600750
656215
485345
749783
777535
584480
537654
881058
506355
360775
63449
38528
539098
817111
62557
796589
171042
993357
970949
117181
310304
503378
240048
907191
66127
51956
418310
553069
678964
61003
409722
349035
892364
40949
942220
198151
612209
640929
918798
888372
294431
450395
949915
580444
887054
629839
579077
336497
342473
402720
946172
556371
447404
201579
218664
966066
916213
390566
378796
807832
15128
646566
119548
631399
648696
339695
334112
214622
181717
104834
590188
920120
793373
939491
392205
817909
134039
587128
196148
512763
192459
699182
296295
431530
15578
550723
505035
831106
47307
61326
890240
464858
683885
230571
337766
593760
514502
96701
742085
490478
432044
548219
244706
294924
401742
636933
923008
411141
738357
964778
205029
307837
315845
542503
613893
113268
445277
930410
834032
539824
642288
197052
337145
809577
249981
139272
511432
58489
796926
902371
595935
955735
606751
39829
817041
190288
35849
718605
513924
466107
150723
711722
509990
257562
966950
642757
276819
359718
668769
894756
149144
343153
70189
959369
772404
424024
346458
896633
112907
527390
526405
585537
471860
926840
721191
254
932076
307174
488415
793147
501690
516534
196215
361180
608356
577588
126755
725081
677225
55271
993273
782339
873943
761895
877048
29973
581702
955728
660409
885516
697957
884379
88928
598651
175459
869274
186534
101918
889098
52890
967489
689496
60455
935325
53122
787046
15581
590269
645870
254148
65664
875610
416924
110051
181448
614572
846604
264251
384059
665468
411268
31420
114003
240248
548623
655675
209566
601627
200701
89767
690780
278573
357317
289198
946925
408023
862773
263890
545422
244204
175780
583613
335771
946724
42674
639205
127050
76822
439209
769090
317174
639390
729357
595358
958975
344240
632309
740605
715253
542552
988988
233293
59653
599688
788106
908736
546194
101279
800280
23807
533467
596609
555666
370145
437336
580515
297683
196231
164557
525123
783
536594
6357
289948
729991
666377
513972
155899
317997
430251
825931
576148
589650
429708
395235
10130
684794
616054
348039
18170
324553
184490
695230
730996
915
24227
987230
894508
375988
45708
53222
185965
893663
185074
34633
772585
541365
628655
620390
189900
44196
824609
18450
36529
368038
67247
546271
118238
652294
351890
744067
785042
301708
244950
992676
961377
809173
921253
521289
652583
20230
834232
316932
344920
512903
157703
81478
115379
148850
546622
685913
317408
625985
756815
639485
29996
637875
283986
248953
748336
359047
998508
653324
793123
102513
831048
472348
982238
9115
695801
821675
169975
670241
169524
209613
814959
723328
749248
103265
22522
986451
341228
66460
600366
812742
754270
621070
14106
175645
447825
841214
895950
471852
228715
417424
366269
487204
323141
71818
438167
158313
809185
623485
861269
746450
225364
392471
728291
761157
43281
731616
783460
209565
633381
432949
884343
160806
788227
697644
442591
465505
169865
801222
651853
187539
993484
436555
444363
751209
742366
603270
716484
104596
778763
959449
245712
968479
125070
138315
263720
623438
573516
877530
392806
499770
266367
690782
242585
462088
832587
736092
118940
92012
927015
34168
210873
284179
377197
171879
98837
555844
263472
90065
486615
336881
520145
71439
723024
245295
756902
496012
80699
493045
104584
594194
983416
659532
124201
603578
901140
959595
340731
929013
958904
375126
830963
88513
432361
512671
241664
30591
561721
157212
144505
850652
656549
997990
191801
922856
674107
216653
40019
909242
868195
308456
731950
275383
301915
817504
514693
915655
384426
934204
365576
989744
527545
288098
783165
999104
26810
203245
323133
880580
606168
670071
485827
806823
74309
413977
612519
269755
57629
621000
994232
718791
715522
557619
303067
516458
778292
372936
136408
349537
636700
553784
330869
645390
800209
831395
607416
513582
554870
523098
388579
73439
470092
303076
807353
20374
882539
608279
639998
569842
465156
470691
483011
34331
360743
493190
977019
449393
587912
957292
726018
116196
812405
455502
888568
828257
894151
176245
892953
403772
693737
527175
133693
504672
126449
947091
272366
621438
378822
686015
883188
734188
9985
77726
662417
973335
495501
882406
936361
57504
645491
86462
594725
415563
933317
663671
712199
932752
380086
920774
25492
937374
426972
553189
439842
834728
864239
156935
312343
38495
474167
513569
305976
688883
517831
820020
94711
734670
948294
159937
898858
986804
415974
889067
971976
948621
167822
269786
164262
989308
765937
225113
909175
341053
658114
446736
180805
90817
651283
86349
350374
795754
327772
456940
813343
91148
555334
973118
358831
398688
717569
462913
46591
946491
698503
417053
38204
808534
698437
82134
49257
338231
239586
409570
556350
804996
760380
778757
354649
454235
390790
487532
514064
747156
231535
614741
835079
214770
675471
146990
784396
945440
206807
640062
800619
399692
824967
463965
518423
58008
107899
40366
835374
326047
362825
430746
711039
381567
166290
284311
225396
846006
437917
386018
228629
737967
379187
638477
524057
327506
606861
935336
384532
868686
484408
981647
392519
916402
251298
770339
459328
170554
167051
248156
820391
611623
248767
999961
602038
304102
21968
551458
638187
475475
823114
993236
396239
681178
646103
446110
14381
739391
345515
105638
765278
481159
751983
107808
151453
597099
194983
167759
298099
807607
110855
294190
667231
55530
639904
972106
322423
693814
966497
205633
974030
636628
789444
746499
747501
592215
959467
480146
920202
432369
369284
714902
509296
550005
129844
564573
167586
236450
819689
960908
5894
938895
37510
42335
458497
850785
93466
757226
616136
772546
174966
389670
415502
876287
57631
349204
463167
719057
111711
35510
411998
622845
314103
215169
175316
583127
229458
26521
64691
133087
847377
686137
150138
175103
280448
247200
579431
593953
677593
959898
912196
848574
632706
643128
494017
77209
366332
207167
329420
752438
942567
992733
519467
287041
534598
135233
228095
816255
665647
156984
335589
713612
621988
993579
951624
82275
53533
96663
264739
603787
434681
925944
712022
788788
399639
310671
116169
105112
845270
649357
131489
429440
867781
837748
913245
426533
231911
726154
747931
452191
135773
804176
936800
831106
394570
569400
747406
798471
752199
663276
263218
649762
157474
321656
577947
956650
162194
892621
727081
540111
556033
732016
458842
366942
395969
966922
640379
807468
694401
157029
716911
492484
739925
723279
258793
961561
143553
712633
573365
493317
966839
8151
227900
162166
679594
624398
744728
923267
276001
888374
422705
271597
192708
420049
913412
994718
538354
832534
931781
705604
439603
340925
668992
595462
690470
947882
524133
255062
767472
235881
106491
797551
212269
49111
296336
29804
360134
822897
505518
393394
942155
820950
772087
165717
870811
100591
468743
31006
89395
72728
790339
852109
395138
451337
649209
766898
332389
74316
439904
549429
592233
304308
874171
484835
407796
913112
868872
987801
836769
518086
929411
662787
264579
828694
467552
948315
746650
219226
58512
746719
682459
230712
771815
984158
258046
663265
877340
131177
191284
282183
400530
765698
411870
805356
238771
663354
14084
43557
10112
436609
208617
792445
423417
127239
941300
275404
340214
44956
997291
680772
142545
846379
57613
606232
48358
913684
172756
871688
145877
407063
313963
291935
112594
22081
556640
605920
983230
376854
853594
327851
321672
313034
590058
112278
38430
262642
193221
337878
939158
575105
676584
572187
906930
671183
710065
590865
719011
596861
351518
651079
987568
205885
829833
282890
257025
523498
268766
217749
970746
386075
535379
835467
26432
104734
520958
375569
430250
75710
165459
11698
823923
94235
233598
686081
186769
629083
342768
295151
783109
757906
318274
267412
837687
993959
747080
940939
12909
756350
978026
915640
847521
332391
762798
78559
124582
636763
743581
592693
24490
189561
289738
348538
773988
957141
463562
444970
360082
905808
640250
199356
505584
852993
116022
761800
50889
506145
216225
264148
343682
330711
370588
624482
340740
784510
299140
889262
86035
439823
423642
533471
489902
656854
119820
127594
595006
885647
688634
847141
645788
295882
726875
878529
527270
528598
934741
78576
440783
501780
463088
488744
775500
702766
458427
234967
44670
772396
89194
523025
450708
599440
806759
549719
633989
750679
789440
804292
672105
870758
598200
856076
143638
430413
589275
264790
432439
563239
363488
926917
14993
688358
936381
167699
233152
988179
528249
280057
321512
134042
265753
562833
161123
160093
685653
732424
907600
166475
234237
884114
203211
169852
525123
984448
437600
229068
733054
42041
927835
28324
117487
800172
394452
209684
799687
407868
972945
270272
53974
681734
819600
949538
731288
787398
758299
878763
714991
483786
196334
314683
324815
595250
263083
408461
348997
362969
911583
984881
692003
416393
136833
284611
626361
295599
709118
452107
373582
381024
984381
232035
79043
330750
922600
298344
948635
170282
167183
993926
907488
381218
976663
83883
341729
304840
367487
552881
432958
720358
767239
132553
303263
595877
296959
476663
94534
323066
62444
440134
188962
818083
629459
139487
67566
555509
23578
536176
396702
55105
986846
149254
953638
637205
521687
849703
308283
573645
942462
968645
202993
522342
271844
507177
184753
162615
990735
409603
506554
358244
992841
933266
814839
458682
157898
795394
149092
318619
440568
812467
315751
486305
617479
253727
302248
194976
837436
364168
267547
244851
820208
291176
937760
295635
361744
509135
275455
272286
81872
673116
619007
554028
583895
191700
293784
478931
620077
396003
753712
939615
786880
601681
978535
468343
363054
228160
260066
634022
26383
236301
943707
683556
291025
850576
958851
282559
267933
429515
973700
458310
192943
413777
556383
354444
634737
104253
225867
811478
557445
760959
408280
972136
10885
713880
479081
505569
482120
837954
423073
80879
457792
633326
438872
787615
362493
587579
853037
662471
606131
468871
888108
412361
653425
698547
501428
917167
152969
991092
211381
543933
949189
906136
442976
248834
431897
177014
854137
852324
964461
843655
435296
976147
183664
667359
163541
907204
646650
770052
194282
886511
960612
121988
132456
591055
712792
588155
962674
302729
611577
50092
337468
869190
248970
333730
845102
518431
676914
562762
692046
437460
638311
578753
236970
190875
950
333599
918004
124090
869714
417223
995026
890577
531388
634710
187929
569192
347686
409495
524818
131868
634302
826775
824543
95055
69740
543969
779090
659575
847112
639421
853641
466276
80052
402259
796870
448216
712177
852534
329138
200692
337994
525364
651060
853947
523735
417197
862098
830115
964084
55067
680773
961489
498825
691093
22122
453296
847192
373723
182897
199250
43539
566059
138642
91456
279346
949782
363960
539148
438406
409590
283948
222152
858629
232668
90928
324685
506690
108150
88136
953719
726709
636129
83607
849701
744286
905440
779261
433519
613765
952969
831801
225313
678267
967219
59941
238426
666440
405492
513662
802923
743043
312078
814049
872180
294302
90988
373460
374337
737606
942453
674894
171666
138621
67923
366969
656004
795972
468640
705923
93530
321273
536875
406648
609144
530681
784554
490792
868056
933754
226620
307172
946799
201610
998588
248883
740039
230421
439256
291829
489374
192922
285421
214865
164960
694477
841975
265862
958546
986313
154809
298068
473789
481116
693630
652309
77504
502768
120092
430798
579585
798421
501925
667579
692084
416435
945410
496999
421167
475170
864438
373234
332925
402740
614422
693047
673268
940655
244970
120267
231640
710608
722047
528017
814978
176018
307154
771624
332366
757651
124298
166689
286430
674848
782863
75411
725126
149480
893641
679404
773268
322501
943330
789240
340660
730549
152940
799964
973258
677672
592181
812090
442276
817554
976732
179659
201456
974368
635112
112361
514252
707224
506372
767163
480419
274824
361151
979629
442374
107891
438074
524117
957993
479298
794475
869954
926396
172327
3734
190650
325106
613956
594705
441766
261453
481166
543992
230055
779155
749911
209708
611369
790245
545449
967619
304157
832761
557094
879085
387992
958236
383429
712705
730565
658772
582310
851606
844289
182089
55318
947842
169748
335044
534466
675164
108351
583722
640196
924962
919851
440612
329095
104516
503540
604644
165643
171946
325268
859196
977108
936338
388625
788642
126192
473453
775796
661771
573688
656604
45646
34441
68004
948795
798942
29044
90519
688321
48014
222160
446764
253316
733111
849143
550319
687604
245227
372425
121425
442935
755310
358525
203939
529073
830591
666888
879717
308387
541225
111053
78599
421823
287419
345539
308903
274637
743625
46769
547767
915145
545454
243718
792985
477357
793903
72600
607059
966411
237751
338312
553294
782563
270267
186209
220969
244533
492783
901827
546069
948094
326463
311385
907539
773331
728141
428178
525440
96595
317102
828146
222977
388703
653854
485373
594664
271170
338719
82573
783578
928760
26715
829717
684786
11713
475437
410239
718027
551153
672621
939294
548388
967582
254041
730657
215699
699371
310991
261473
946715
784303
104403
200626
288416
232129
703024
40833
830086
792724
609920
27434
833417
498931
949952
317523
360240
549817
583840
240522
484992
396583
502799
5673
614017
605554
764244
344871
95963
99133
925922
375736
824272
580942
36011
133962
33457
366486
632907
28366
121942
258423
382541
839973
831451
823245
332945
21601
966253
659320
748342
429490
708545
196258
951609
683686
435027
304757
963493
862894
242685
852407
271559
25054
162025
898844
328560
631325
191822
887227
991246
441146
156400
865234
328467
72517
284718
62224
712302
977581
978192
222331
228220
942337
714852
988882
139495
378542
947222
383613
328414
702948
91502
210257
809187
26850
383891
888918
335122
441532
758460
990043
286615
608023
902942
765977
813273
423046
514723
796263
714690
138987
889307
983919
556921
431570
298034
928365
7443
958265
789069
397092
526354
953844
73424
212554
14947
238546
786016
163667
763520
669691
238420
842492
240239
386000
184876
742482
225695
258910
857215
61072
505814
262497
415400
744935
595309
58570
406064
91017
634055
815715
885043
665333
45942
773403
210097
684424
52421
734389
435328
270907
469293
458383
762487
707542
944041
223827
434128
881563
783509
557227
580784
161843
952340
652714
706781
686343
230009
586934
768989
118924
523144
734281
410512
346406
933952
566481
530042
594878
430281
699598
405660
329642
991663
114664
665104
437925
665374
377098
647496
725757
530784
593462
935729
365749
371337
234106
127107
452280
418238
829952
12682
935679
369766
156658
255106
714319
570626
709796
645361
877843
233922
876884
973540
388077
133828
250789
715493
111189
908669
979225
159463
105752
361586
940381
281426
357667
818274
648427
768606
186062
580496
774272
50339
564170
325880
944659
543216
922652
370726
391420
591474
473568
994494
405697
379710
457062
96051
932808
99123
339738
156978
213606
41934
518583
536810
900293
910460
143791
326298
114617
777830
192840
557643
510704
124181
625708
24576
816476
196384
211138
959470
322220
873242
786965
483228
868043
220419
258316
478012
76541
13857
224205
26963
417745
898983
860841
343405
826514
463310
773481
54452
851882
457903
570096
437080
801395
392534
478242
363888
392749
672146
454061
711311
393038
606623
416193
707501
291589
757289
47217
899287
51808
89224
469594
908138
505478
812282
742767
673457
704361
65667
975172
986282
872120
717653
893495
842748
880705
831577
955701
914578
700931
425458
775676
854999
255260
686874
521204
344049
102330
434261
987577
366545
218375
133093
790577
132866
986097
45875
916470
159479
172233
999050
938321
741982
811141
38180
298910
724903
153392
916781
608731
471469
781726
311870
596636
354109
305460
749254
986210
677937
419397
894439
460403
131983
24912
404125
601019
623254
776879
676210
40591
511094
946307
412957
31042
691092
325456
699007
397776
312443
869926
897079
45538
870810
710495
297538
447167
381723
457195
945407
492232
969234
436776
460122
811062
329524
107732
708499
410070
379714
865049
176895
529637
447569
191451
831351
47086
520922
912598
274939
961980
471623
366778
611832
255257
853880
163353
334039
941966
922259
274863
927019
448999
60041
122404
723026
501144
617240
104806
445737
516981
474773
724197
832080
851468
324816
161612
15816
418868
648518
145411
830375
660163
973410
385233
82141
207090
527086
144168
689269
52444
412476
496944
880897
658652
615966
367156
699449
789351
883710
675374
240911
581052
288712
544757
681349
717255
333813
679168
376267
763775
646365
811463
421253
846370
714446
305438
726850
596143
208850
177159
840607
190580
278921
488079
638011
97127
678050
856870
365071
888941
73780
171887
181645
351747
119403
517799
101148
483639
633026
976230
257029
155840
510515
8510
675467
963031
483867
39670
110004
457709
269212
434399
843127
761505
107044
931880
546132
694824
342244
637794
310085
667470
771975
127363
327960
860638
927205
171054
171623
953994
641795
478221
472303
692978
157880
555075
852717
666607
330379
911913
263194
571969
278442
776924
212494
81165
871109
440478
71163
881715
935638
713600
503386
254200
650765
391757
662918
690824
799952
13534
356909
784357
910627
1454
969186
716297
376830
166139
928438
874815
999725
242294
715188
635775
502710
978992
992510
378431
801501
354946
105670
257878
335850
319694
369194
384085
451236
496699
162335
929849
280378
827914
4750
221257
782389
326543
358793
743246
97799
125829
494
9731
535641
236447
245041
627967
253159
130263
437555
55526
190904
609834
293480
4306
497212
444384
484413
819730
796273
148969
802787
663421
979816
253325
894741
459109
92446
641670
542966
443196
764864
188355
449086
453870
772877
303602
192509
511329
721861
563452
313164
600699
133126
62753
294068
749263
192021
950613
151021
36119
748433
961469
582876
405761
160479
400288
929663
870121
689443
958053
814912
544840
788097
901744
182125
326515
380594
775443
920690
143548
985366
679362
932734
494695
625386
309110
395723
431327
736863
783420
35735
483535
229866
147064
596901
599540
639979
480625
399477
914331
158366
468193
357189
812903
129211
456335
752093
241146
330745
171632
515344
979436
475024
855500
973326
702043
677999
213670
878013
312044
992666
151090
873026
219708
623332
504778
889779
793016
24214
361253
523551
852701
302836
986038
77379
405372
807996
615368
789568
440579
326672
280576
365449
432115
726030
994193
319058
511850
697552
415416
908691
62151
198038
952260
133627
661839
496909
537250
590157
829476
953887
722925
884319
829794
360595
646061
595599
629804
458483
315985
788268
467006
293181
969649
44437
251398
878759
175515
362132
896737
198525
69110
692182
867181
771156
162216
473675
595252
2186
77670
129081
342896
321311
19633
567359
938626
45516
166102
334258
142112
785453
702961
783645
387114
404728
113046
615993
153831
331383
380245
184670
709931
252254
551674
515374
527309
309679
199655
774654
294525
224064
554521
769608
780949
287868
20370
927401
946679
813485
33396
175298
567752
262068
612654
103677
317708
826333
225045
471322
957490
962836
223369
724881
269842
395914
838713
538271
646727
533788
464429
456066
776956
602300
65600
596583
76339
144879
838564
30288
687571
7660
233767
205337
104082
630757
9771
643655
7926
327403
171180
453558
487181
672543
153302
315256
317566
730193
241847
232535
574833
774848
811229
906015
884398
891946
995861
789925
291105
715478
779057
627418
899085
515805
46377
120725
321335
227156
123542
7265
395985
311982
350795
802775
196065
678713
74228
626123
912014
785198
944134
848389
185284
877011
936198
789697
713274
638013
740653
115587
98007
36619
80009
688117
865474
778264
35394
10840
744732
457403
334037
485702
843025
574580
616018
580474
689462
746598
339649
932247
848108
6629
138078
433806
13800
30084
815812
605847
591663
98180
260060
266962
896190
941390
871808
710942
579782
466533
223152
236741
403932
107139
274653
886464
759146
5829
244186
608599
855573
192880
86054
133133
592642
681039
718522
658451
136892
458694
982583
316321
705494
620905
765211
378574
683069
452596
604315
131583
998872
956181
385568
392627
88816
299169
821995
832859
715417
40905
299485
496757
703689
683684
789743
938635
471173
834210
881391
245960
15726
766140
208871
791728
702292
6484
607543
925756
980843
960769
442627
498964
501314
175954
133691
488573
58036
37507
149460
216250
157447
231275
265254
387377
390057
120471
909739
395335
975941
975895
966670
92048
238344
611091
136620
586814
619784
922134
231135
241887
690877
392803
867096
645486
343377
513562
174477
935937
552121
592702
137753
80516
958902
925307
105118
69257
117922
289827
75660
43610
771444
142493
697977
776141
630483
237423
740537
887689
668925
720758
726696
471962
539453
671717
97170
95910
493576
8097
377583
81176
331846
368547
245246
706568
25839
548947
347083
964064
918174
962246
243638
637505
461642
38447
924544
600084
210855
970072
287708
654006
571981
113434
508652
937332
830904
994277
270434
525636
331640
412703
429306
130790
61049
709179
420841
134373
768790
286134
13328
406177
392957
344973
708059
638678
532740
736244
864873
529523
321713
26794
807986
126089
981026
538177
858795
387945
49382
144577
676756
908788
145853
934987
828948
823841
410828
775845
862204
837892
841318
618898
559630
793756
19448
9725
677671
755646
911973
446677
722568
61814
850803
965190
77527
407543
99126
628591
670921
420080
158053
824851
632019
656008
726300
656591
149478
884361
443862
710886
395652
360588
383062
719791
896709
422815
76275
414748
311844
51489
796149
31531
835143
580786
606353
72521
567129
153037
804411
359907
401221
208248
296444
713957
521576
308345
560013
459571
558043
834110
126348
863704
112642
900121
874065
875532
765049
282664
266721
46034
307474
389310
654897
252944
502934
840415
587332
785885
762002
744488
907480
866153
807640
930979
362645
994057
560662
122403
712946
621448
137075
404044
990113
566548
971791
346120
63210
226508
717738
339501
836784
471739
199162
577092
297192
695755
751713
25220
229235
506080
963834
497204
606042
969159
136581
634007
858297
851973
631498
313431
636363
5650
137283
112847
385274
968636
118984
512055
108452
965405
111068
828067
451373
255234
765295
171676
558665
372247
128283
771645
49568
599360
924516
967006
318014
208133
932852
711352
314456
599976
656131
12216
30816
506234
247583
111970
169248
467204
457410
666579
534124
197804
382683
170587
29734
420731
83273
208085
187325
468533
155968
472590
759452
469191
365876
769596
261068
232018
661944
608039
52616
801203
693838
706632
294089
6423
744124
388425
870286
472956
718020
187416
391508
132833
639234
526362
170636
965195
341028
974261
883770
573476
336355
175972
415576
650587
693148
405999
919216
684999
809407
99713
57049
504653
123689
405222
250371
78735
732067
583082
230397
36038
928757
231581
822082
121195
103408
528668
46414
864072
355757
861045
93206
617369
327961
656193
933932
975219
88852
981886
698039
107246
454203
40547
925656
448262
580098
182658
578856
557219
974068
480162
819295
949026
835030
557786
117739
765206
327011
699959
27190
938951
467231
618590
674281
538019
656146
282935
764663
630523
633832
493360
306238
169337
453139
105833
889806
144341
643250
527331
824182
475584
292436
141106
46645
410045
905056
56116
745104
191801
728853
97081
589833
917281
38254
807264
27955
256343
967476
54624
891276
436558
370963
361529
163590
814056
562535
203873
412986
752259
178662
635108
291038
613681
242115
500526
424399
727344
169369
225406
774684
496681
56173
485577
634949
685554
922536
810730
464726
350231
113940
120555
808283
643446
382716
673106
141181
719865
750920
634219
339282
521799
244500
62814
196066
774701
846097
427237
211907
24556
355965
372717
648819
647996
146693
242019
741006
125367
674138
735482
319124
27898
586823
972016
653745
509367
925862
343382
902274
877706
970508
826160
493891
915186
626698
544529
852683
916786
928101
251719
668448
158016
600719
862512
866509
543382
219873
658061
90852
63886
622256
995709
816901
84641
801158
853718
912313
286762
246913
577658
903501
416254
298491
700447
318406
635512
202846
204287
554396
605638
519332
630665
257644
748797
908941
622874
523013
504586
132163
791400
784885
178803
151891
23630
978315
785823
110612
442328
553768
333117
478986
156720
634084
781524
848519
744935
516866
721237
415847
67437
631973
222137
547856
198141
74665
465292
188127
146543
627483
11550
250368
92625
187035
245571
122251
439554
946
675142
633547
816003
26115
226111
755988
623478
292208
174570
713679
400853
403996
150628
954772
544151
348561
647559
807150
381111
985338
516161
47762
429972
488593
347364
913315
548202
685425
18511
415664
400380
442961
178740
317616
369873
311818
446395
864372
775481
813611
922329
445343
607292
695932
349949
149077
848340
167477
320912
509603
573478
702683
979230
471357
797935
631451
688915
161972
35805
403026
240163
577546
544272
629456
128897
631303
504224
444310
536124
906548
542936
756525
352878
537866
454836
157173
757392
853339
921639
895077
356734
221729
295520
442446
15002
295387
902950
563917
773038
998939
613144
540607
150606
365641
658789
157989
361817
936909
513895
246986
460537
572055
914693
56062
928154
947421
204075
532158
626697
683108
230470
73542
563684
38958
101807
496309
385488
899538
187147
840980
764544
215623
901307
217365
154310
844666
1936
107903
322803
959203
227272
74952
792504
170396
803263
43803
526886
609168
197427
772194
966362
339343
978789
171181
645758
902931
588470
80104
523528
589482
863575
502745
572679
15339
758340
151095
796526
942810
974515
270185
965227
224632
298472
508451
108958
363960
967681
396018
878248
996427
693250
567186
674942
183086
94281
935110
610381
89696
69107
972757
446255
391593
423724
449684
372733
572076
522127
656101
544498
369638
876565
841692
306929
671866
631658
969533
920366
796057
545905
586959
566496
685746
658035
765158
35920
104719
99083
513663
970204
675856
160091
52917
87455
194870
488156
531039
906977
21274
540636
482352
665820
134586
910609
723210
370321
939935
549010
707365
375756
552776
849096
858149
776587
474758
293552
143816
506160
278879
816129
849691
508708
274683
78078
616753
323331
98627
664123
98345
592076
203503
863082
797512
928309
10757
14824
776548
352640
62289
459921
740274
938618
720782
521783
491866
870364
993005
959149
102161
797364
67573
731353
156520
581483
945290
771476
977169
292543
744200
670052
584154
380394
732740
755825
712975
685192
388885
45735
120049
709143
990996
989373
201187
215549
30259
736006
98503
149388
773998
973095
776865
771508
539498
440614
241942
764093
89936
186668
983007
791438
877700
547834
324861
873013
50069
75147
583286
859961
18572
181754
73864
138862
520325
864722
431107
688221
526203
822972
193515
500730
499771
937284
525917
327177
145781
443304
772215
489122
761243
607405
732226
835368
786720
572263
612975
571273
400513
277137
283543
615674
549761
326463
88519
556382
64214
780130
384823
5335
110887
887178
248703
275224
232928
774214
434500
41193
784948
11716
710874
140238
943134
961533
714951
586720
873024
807514
684714
479506
741636
822465
932525
87927
509217
602222
230888
117366
613189
739482
504735
465305
144316
322607
714059
152579
758358
655070
354521
342892
272746
524371
664035
897729
305946
162199
969559
400950
844452
181154
93251
500199
819244
488651
123462
629510
716139
858826
799156
348250
286923
973974
802454
404616
577888
996096
638035
998107
541722
140370
90418
249427
521687
924309
110653
371125
375259
356802
296481
414375
730939
987820
91878
114549
297533
451375
534224
515068
417126
365428
775982
312808
469618
47045
403447
485287
723067
104135
193282
263975
935025
563918
881450
208708
247741
565243
612706
893295
967836
480566
127285
752618
439756
328823
949462
867994
56556
636301
392675
29267
522766
82318
339641
91912
297253
130758
903955
146123
253884
925414
480641
149602
535445
796596
21709
721606
481765
657067
14834
799444
727819
959490
796385
54179
703404
393964
396463
363936
752155
326799
560097
209172
218509
383678
34671
828311
517869
248483
461048
9671
946909
181237
572876
705542
86790
382229
200749
164141
272642
31238
78835
269168
332978
659510
860575
538348
417280
310219
903159
696094
454969
585353
696520
980466
745846
191988
57427
985132
50592
972239
93514
722336
606524
812853
944006
58460
594924
479658
547624
590195
966069
187454
833828
108916
333614
507460
120787
91658
444103
488716
103250
62258
742386
558612
254856
278469
541396
915761
251056
169872
809453
567029
988689
370860
572175
245343
527221
129833
488532
351403
318779
532765
978586
951968
124267
208193
974025
267947
439128
725618
352408
78133
193470
352220
54434
27134
893372
276762
403215
2213
228254
696095
911621
597584
37692
41861
569007
239983
580129
16892
264249
22258
991590
262559
476297
979234
63805
734982
192536
556023
295428
54643
58686
952309
693068
247716
490830
167031
422785
290635
315880
626494
252365
443019
469185
315650
279475
276057
888240
526301
749663
821729
918265
680752
839222
841211
942733
156935
863118
497745
849616
724227
577504
552603
430552
513950
473760
789916
592073
979469
954447
256275
329560
468323
903190
676153
793481
582875
37627
342714
184804
270925
563409
881323
180649
577722
186156
541772
726397
456509
384939
215659
405322
449730
354069
94724
258942
187252
769409
479248
677323
502978
77965
82388
154252
398120
473486
84844
7251
875039
487486
402663
429108
435583
486059
524472
829595
420485
628834
583940
917986
628206
341840
552721
60951
828932
864728
185455
542409
78268
821939
578928
808849
486393
667965
215825
481156
551664
647871
36342
863235
877460
991075
507015
646178
766496
193197
366190
327662
509693
319458
764059
986041
613499
518875
199803
451201
60533
913129
872692
179717
72251
891902
835018
260073
430430
425715
412595
743180
197746
820443
133331
903734
456919
266600
936831
38817
409747
430064
244693
420735
227380
649292
993969
802955
444098
357546
309359
634459
18025
751111
271514
787689
429105
373162
696045
294525
156305
934536
908534
333099
729258
779417
506542
498250
133515
25597
320708
520448
486463
765548
372270
64343
560835
680926
348542
50008
811275
514109
343876
41122
961096
471854
478820
903793
927921
735956
180754
418863
94297
992604
993415
291258
39234
921961
500802
890049
352019
238427
229622
808594
129264
318223
142938
405899
443949
222086
330696
372839
592076
540331
57726
145805
996576
738733
731871
236527
426897
639317
311042
707646
689302
8393
975663
900633
506539
121819
919936
672389
387074
358612
343351
577729
903358
489452
941040
504378
739688
386619
699925
687513
593722
991424
758490
314774
986876
62479
165656
136264
313686
128022
331447
973832
799060
917444
963636
272195
492396
707940
920734
620076
172127
825242
630562
46130
573135
392417
955787
533681
421233
121434
620915
613240
899282
359560
587659
237823
214032
611145
707050
576906
713224
673604
773606
801940
325315
131133
379173
570299
231533
915987
70754
247119
653289
657380
192477
863287
120194
120052
273863
279341
376142
375757
40707
350212
521152
438854
393206
372202
764244
615969
260350
800448
105094
507983
26356
244568
674658
971997
256099
95217
952902
227684
596122
457764
789097
784950
282259
747689
448985
273685
733976
615719
52903
694227
292252
132727
594648
280577
710984
506959
915055
213951
123899
770211
312570
197691
631611
302271
167367
375694
267775
302087
733739
264722
842263
129631
426404
509957
524435
944762
259273
159067
932496
596203
206605
810633
404205
19665
702194
182561
469134
269628
95255
951616
630342
616470
773481
428174
437337
376817
237181
952347
211355
599452
738975
343052
297055
375605
421779
943061
65644
912803
918091
308273
851903
618169
194143
262861
309802
429861
682056
882019
210488
943113
67950
867717
467279
708970
587152
429761
29603
908747
375778
383608
993711
648612
249104
571012
854193
627329
673726
65428
340611
160590
78044
638213
664173
925699
396537
673796
567580
62115
505698
3801
808693
659326
817207
110886
82298
812045
173454
863670
563650
68346
368593
435830
498885
236333
50400
908395
688672
967940
830305
190182
824976
287492
963788
213525
403813
367111
575739
743893
132271
626399
8355
728684
193904
89578
838193
140219
538967
762603
421602
365778
526208
821362
180111
91481
850240
717022
185066
340021
494211
799146
350644
385975
938487
195045
152865
872744
588143
367902
893883
301093
907798
88630
967563
41842
171554
573367
520758
805658
326584
723995
238732
593620
28316
689060
206195
675185
718969
447410
350028
197111
710969
976523
571356
713180
514068
230874
563632
192409
120318
954701
583148
62928
407523
72609
959253
225872
310193
72346
248845
622124
709
901932
235115
905413
410298
675601
319736
243042
100756
991878
737406
447155
752667
119788
799576
905555
21835
326316
411785
719675
614767
225964
85033
133879
599536
274524
224115
6073
305614
737158
501139
692000
308083
561550
419168
853697
990338
765758
330605
609395
99754
447740
710761
75739
405731
949063
289936
748232
546709
21137
186792
304788
335906
608163
703431
268806
694977
295500
303846
778340
925011
127333
667875
557771
588240
906853
860890
331512
873949
531924
867392
951876
375001
346754
877981
901876
530296
559458
599205
46720
137447
193532
203322
982244
944244
635121
769569
66309
468247
249655
100624
708442
37065
269358
794748
812223
20993
51826
324131
294795
893272
216801
82145
86900
815473
298178
898495
479646
998386
20983
66572
647595
575432
111715
923582
801264
576466
478914
211113
842328
541088
23311
190240
929320
277092
221318
79517
426485
9858
956946
407106
25745
4492
362958
429133
360613
525873
556957
707321
560023
364701
240839
183765
905379
534095
821077
204635
380270
659014
859791
323195
484302
523632
885778
54149
119660
339401
113126
824752
149002
2957
963320
489173
771568
156984
876638
517882
763946
246612
555190
943261
466325
829215
33328
643484
228305
288310
439607
192848
528670
961528
354349
856790
311227
742778
813594
259089
179360
710739
748741
402467
351857
302010
883135
60116
440509
869195
955309
521050
300265
739013
308215
729484
20761
637467
25644
296267
338923
954353
219379
296419
953813
929455
506450
772679
676430
723896
3778
782950
209806
168757
284189
337024
693846
260341
668529
696259
419895
427216
151342
58593
253758
485766
1994
589300
689901
798612
6203
512472
242142
373665
900532
605592
135560
848610
654594
701506
144176
813167
755567
294830
63444
882458
324582
584887
202840
484180
605327
585780
717514
846757
144711
692372
647121
220257
342690
999131
147587
663544
412491
800477
771212
56841
297937
935868
346565
474116
336843
137298
928409
603469
251848
407762
665163
808804
831704
871340
273981
642244
640819
900753
591993
222067
146013
238257
758695
275169
880030
991578
333398
579585
221860
519322
438893
602072
152938
847508
590251
162235
469039
607892
357223
685082
496301
716538
169650
552476
885949
435372
274402
749720
820405
72782
714898
635065
296935
677487
850097
554002
459310
943747
5964
149014
240475
639963
412211
250747
594887
910750
69426
327706
385305
684992
517049
617048
56291
805241
894321
146032
321040
992894
362086
554550
757209
881843
969058
292547
964510
156485
381617
729969
416611
664953
65301
559027
834625
509688
851101
648368
697306
875517
400626
379465
865214
741934
8727
600237
473833
815131
561463
734914
127337
360735
734902
328791
544107
711411
13661
689174
472021
539266
880052
975912
701281
122919
511198
518587
125385
238189
184898
249541
229109
256463
434008
225817
455953
716859
623260
569675
417759
841607
134821
894850
464714
992374
447755
379535
647670
719659
129650
283070
791954
653536
404035
418337
447155
354491
896602
257144
363530
33201
465174
513685
252334
143277
127192
602871
298592
864839
485392
189742
544007
797136
174084
142378
824726
273642
642382
900792
665791
650875
650938
319172
340701
603536
959076
217048
631503
631491
750337
259038
291738
613249
343450
125244
32021
955154
411522
79883
738414
420849
269879
111349
831767
115045
50699
59261
921360
906020
133478
947879
378815
290417
409577
249455
863415
671223
998783
389992
450877
781205
551499
646258
640800
574843
41627
437307
934779
283281
109381
603064
522857
353134
390366
218532
126984
842973
874073
154634
82041
139633
952637
882301
322338
798406
496417
428531
473021
268020
935599
903746
106802
969170
471257
923765
214299
304309
735086
449460
799209
797199
844917
808711
446468
70643
58689
998861
432739
92509
22268
802911
978583
298860
451993
331532
406231
533353
600229
791449
409133
773498
702333
645122
300281
622036
893634
970342
813025
378299
607925
24224
104587
831458
235325
946075
167317
821666
404292
557486
584965
722561
637636
418805
521029
704415
496903
148011
241340
613066
113473
444717
771136
724513
509770
809281
338153
678327
22209
599376
16290
5334
956406
421705
582628
983894
801875
828565
262427
712203
381915
199043
586453
685368
79706
810916
826984
725983
662319
870564
604304
229038
287386
335228
369867
151843
839986
774298
454140
132198
264600
886486
672209
26690
304620
333034
344159
234953
907490
647902
149517
869512
150369
365939
303421
215378
34341
42847
279005
231119
835610
542617
178773
296345
659900
114675
751857
537120
243126
349790
517499
62332
826356
503966
94151
323102
583294
368791
882872
173169
600292
763296
93207
57707
737190
651101
616117
128035
729041
862783
592010
533687
187172
313710
411311
673670
444826
94624
903316
834873
938765
142141
930287
386126
504417
423691
238064
225084
703869
552671
776051
142561
907513
542302
850707
525619
980191
272400
266603
492960
627063
605931
225606
925954
130811
150650
96252
470332
157428
692025
507395
251649
464905
983384
77589
942203
452677
77716
857221
45764
876068
456810
939500
995983
815104
820792
457824
185106
956536
555412
755237
813313
964767
402897
336668
347297
321636
215291
291545
328557
968604
142857
288227
83647
607574
277313
719069
248155
131151
675161
601467
432407
426995
594851
840757
987204
916116
574457
813659
23904
715380
98507
949300
691126
95242
218217
731813
261354
443972
904933
504503
645423
661924
113147
83481
628909
513599
568011
196629
330730
902535
418154
888002
914758
3799
967669
76757
828373
275619
181011
335098
571962
741189
346032
154642
146362
984216
721484
587118
246065
687577
149151
618818
573934
213873
505970
413647
917844
811284
977542
210596
997426
324270
673388
264718
987584
789346
924534
281047
364077
682914
56716
741627
258267
315223
373022
634851
599198
33672
725808
25060
76085
751569
973860
137813
731639
751249
134262
254792
379047
789637
132205
627588
229020
519205
979331
696206
586840
287742
89717
314911
982199
219857
595080
361142
804946
7590
16436
309828
100340
773616
270594
995766
778914
985053
712543
246126
141671
353389
993460
595998
489251
286057
750719
14666
132312
582735
117250
334574
460614
110144
534686
702422
65914
393929
54691
99013
816628
894406
602888
721131
915280
904162
593353
805110
329843
991451
172772
12676
459884
262640
876436
680816
395987
469470
229697
916256
830654
69851
507625
638567
986218
159290
318661
61878
61807
962451
128428
783214
228630
460817
495127
807980
636431
642932
83135
787300
862261
473676
283368
244946
237585
908728
898645
674998
22812
939251
960590
715379
316197
515710
135872
674896
902411
943360
736956
728481
374613
971162
521613
629856
408723
425391
503008
319611
865156
458930
494375
546303
163560
281561
164700
755681
886951
729249
542619
514546
255809
671131
585208
27877
306574
168884
382668
583784
959045
367609
575436
565718
114455
507474
414996
734910
989083
118037
329050
146421
69460
172963
423675
338975
294134
174513
435087
589622
873223
851654
295064
806627
175090
151831
138523
302063
751860
84923
567710
758858
934560
486742
723426
620773
465483
608076
574748
370906
159734
450460
999093
286043
191754
451299
300319
459605
317137
785921
50465
752863
209394
465784
377049
97745
736233
762253
701256
212309
611246
637792
689631
999626
857930
966229
387317
780600
312491
819050
169195
686608
284172
440262
290885
349790
752899
929460
133716
107051
459907
90341
236259
441001
427286
285232
403972
792474
979304
481402
364604
40092
57676
821171
145744
768262
406974
581318
902671
507838
903737
100125
647157
647754
881251
543781
415077
687290
31048
240331
185848
66996
537936
899305
155601
48954
88547
440378
356198
978000
335439
691502
85625
266531
30644
757812
240094
449059
471906
654632
980158
40233
827257
678277
701015
981934
607735
529059
772762
657367
228899
354857
365823
861900
532744
741781
710161
250661
637825
187134
186982
53389
717318
380989
323812
50653
116848
231296
493743
965314
526899
229807
855611
645391
591751
692881
705902
275662
354198
507250
242688
688046
393277
515482
319595
850724
667108
656148
331768
204597
353828
874254
422033
581620
619578
462379
9624
171191
639153
749962
203850
747383
801625
138853
971120
934399
985347
407475
720890
131088
387494
404885
973180
188171
561660
65867
468398
873013
640824
405606
348956
712314
353537
316061
963381
800526
96926
414188
252666
759595
330931
372603
268131
992408
908860
817804
160317
770469
311227
212562
839163
925675
719515
768616
688499
642701
431885
46370
923392
454750
1468
60104
886262
838570
256931
656691
700579
565804
884207
347697
99167
636243
24037
287739
439810
179330
764750
829859
222778
94647
874637
70001
43193
493369
216082
307725
478904
176123
798072
276092
19410
934148
124268
770805
39756
769341
237226
342130
122883
469431
777317
285527
78180
699340
42237
650205
196899
40498
673406
322111
830760
791508
227837
602561
67250
439180
602149
984677
965562
152720
152851
571598
409098
744556
577183
402025
237567
138159
501131
26321
146670
476268
675300
389890
3685
312938
57152
500369
258068
450926
974912
61728
992072
55663
906292
386175
308267
661537
926481
725634
405497
793057
520973
202170
444920
201480
616548
905111
111596
464276
47279
236427
172558
605417
535006
52842
6667
33543
260619
891079
50268
384388
808969
844569
65460
737667
603659
215338
613822
824441
776668
853562
493363
477480
749094
496883
463937
958485
907093
932773
722292
542174
789827
947493
586471
981765
491032
854831
878467
902820
124995
153177
56264
745770
940306
480795
68787
25978
200173
514940
911528
456499
490244
308668
256840
541020
780836
348169
619283
853953
551802
118815
345544
540633
244757
367668
751220
434039
710053
446153
238819
554194
907469
866846
297316
814596
972956
811495
287347
722070
497653
557215
502793
191789
586202
686539
215958
442097
656598
801257
643782
609548
179407
522657
342714
238559
139798
117366
317466
476848
541878
602652
78802
532775
284285
478568
140363
66329
910329
697976
70978
11099
320326
508113
88972
639136
160304
7517
330658
682989
538091
363126
898170
354439
593504
157553
113172
78183
344954
955873
903917
698299
108833
140364
955026
292592
234725
439886
598313
14617
243830
782149
751549
146069
161125
507017
298948
465900
21910
623289
353212
579328
555196
60644
469382
531380
723759
646355
905395
663475
533851
441198
589805
110210
903643
422921
752939
577880
462419
88671
799449
715402
565753
63447
728683
677649
399532
148960
892968
962464
85513
638619
615452
560548
465360
783362
291746
194773
703582
164911
39546
658714
57002
184741
899543
843009
506474
407744
754905
8322
324134
393500
656072
650997
229798
111842
547116
222429
461670
549504
901449
736520
306592
549744
577852
19367
307181
912645
893267
387683
60670
831297
609325
506084
946872
862636
756640
132036
363549
619236
161707
28670
569165
945865
372508
892211
463446
108873
709726
759272
955466
694835
881093
851815
411450
670528
2068
492111
37564
265988
175969
270233
445951
259564
460270
454645
47271
142215
803726
522761
103505
656495
117632
657163
446204
443680
742811
617485
561086
164527
766844
915927
279693
412692
821787
463336
457396
156458
22486
348680
802562
134684
930607
526709
518215
254159
496065
453024
845282
302173
704469
496159
391464
911419
985468
637180
146776
517921
828871
157425
773956
831769
7152
555626
526287
190596
175828
627741
301406
669809
31734
685562
174570
973386
667367
488917
57698
383254
108881
765405
587451
640610
732759
200815
377008
906313
287610
203173
498212
496531
562355
813428
844902
57757
426952
638558
535187
814647
516386
607497
302275
778576
395990
611902
159088
355028
608946
958846
813734
291226
465685
31559
729060
25032
229965
368621
145678
834998
556652
301799
128923
176361
966486
262181
126067
22837
482106
774826
423599
227746
48644
239468
478052
908618
297053
52626
806625
572
993528
225728
742200
931913
954814
515100
347494
226649
905437
885394
627532
765138
939302
331549
389515
327350
937775
753918
712204
612404
55308
749319
91782
74051
12125
211933
366360
331741
213781
986167
360288
198429
368371
381031
96381
784803
439994
864305
361760
540274
175790
140761
181030
781824
352740
307289
577623
829090
580479
733663
487632
65634
760939
523881
873206
802871
857355
495946
618182
340835
606163
873081
729996
930567
146503
296352
104447
853497
54653
229899
97034
628262
748500
618620
666344
826761
148236
296776
197797
734938
397513
30563
449325
82866
416246
623934
475135
899890
327200
889941
341283
352177
365994
847271
882451
502660
743394
848235
471675
726685
245063
182142
608870
339826
6395
773367
856832
678343
750904
122943
113998
210962
474871
182265
797588
461174
30593
299027
161933
219508
447598
725846
882727
768172
550235
602066
777426
391743
963941
641805
928710
390852
931927
627482
314982
81345
561973
476636
593275
92820
131832
128205
955353
964644
237572
21400
303596
425778
398638
486123
386478
445877
835
268758
637296
115144
430570
618325
323712
155029
716582
168433
282744
744312
766824
497435
646758
895802
98386
945840
39923
633862
932147
449555
123655
821711
269869
978884
251830
882557
499432
720840
209847
37283
853716
284309
559770
802786
605715
382182
92884
419251
782516
857670
98870
542530
824082
178666
295172
305632
548448
231267
986275
379910
729127
815704
276101
211702
970717
913094
554543
520330
553270
735058
130418
596517
412787
61685
881196
406828
562338
388097
154207
561157
100791
402756
761122
958838
569252
847819
376152
238478
827452
820895
852796
113119
577869
923633
713589
138641
968472
504075
476781
607544
434730
523594
309139
720600
689694
732921
631758
419938
428809
596785
246792
12375
893397
469890
758205
618308
640750
466543
795590
214600
138810
215331
236788
672127
941840
384365
754431
657148
148677
755118
928865
205515
220735
438555
729103
803093
461075
775212
519234
932396
6686
671358
247005
101463
290398
333409
946889
649426
585179
799281
615238
105393
220120
877364
794382
583154
896597
192047
558479
482834
92347
992494
283671
43883
267604
631160
452961
917438
58260
177412
259422
862456
716248
544356
228496
144428
451640
540167
341378
41896
229830
607061
265805
70781
144860
534428
328081
912676
580121
74239
957548
925838
225241
742008
551790
185225
459362
788493
541408
810
758281
928523
600216
458492
157886
617126
24040
522303
338902
460301
64092
383695
240526
268901
992479
462712
983418
462197
63442
531323
277282
316387
646292
591363
124214
97380
235398
632431
815262
138207
839087
553510
985106
888349
791365
764712
380432
697889
707073
769573
209422
855152
975532
453731
346506
517153
948601
411074
515453
965491
199107
925436
915184
893864
550269
597367
260652
173117
487962
836009
377481
471519
587083
874222
951581
819712
55470
303089
493379
771395
249860
82795
213530
110985
989116
352268
815000
379944
381697
379507
863672
66194
973320
892910
175006
231713
339201
937880
617099
833270
604276
348390
598524
815912
34866
164818
891265
281622
140556
279944
502599
216532
802398
453343
171417
855703
489583
177757
109339
142428
571159
148263
46265
634910
74910
566090
375732
863282
365210
935418
938064
489341
257746
481399
576746
520437
487608
979484
881336
671672
83556
519442
438704
301566
58123
162697
373726
223245
388432
384670
322830
797125
178965
47704
746104
98018
775643
877509
189861
57304
263678
99260
66970
322259
72865
893764
73794
379533
138812
89761
525932
141779
478947
845338
188655
801373
845124
363546
791197
627644
82968
582612
313163
733699
981774
278926
735411
627146
279493
457202
204044
460086
772084
190062
184846
639459
459779
983413
257732
822301
183497
300642
543686
15489
190074
363100
153729
693452
25161
49295
636498
246253
725443
94287
599651
86115
77112
730988
378142
506492
73573
82160
515921
921506
313704
674291
803327
527271
18858
513879
943556
882283
709226
413323
997544
49571
496109
271742
139722
499102
603452
137762
957595
13173
477984
220758
426793
782650
2028
788296
439026
631921
36197
478189
851955
599841
237863
242365
417248
469731
848609
798474
341622
18582
326941
916692
894260
203687
680147
611516
398428
240157
837614
286565
610754
653119
271451
129012
662218
378542
122928
885043
967556
698366
71876
463840
447994
673503
882226
245227
266895
102223
302727
277569
997119
379101
942910
510122
607443
555687
367083
441693
730159
921060
386129
970416
346784
81003
419563
43987
364930
110296
331849
425686
578890
353691
267014
369117
285756
827796
632298
391034
853649
617832
968305
256298
737728
882215
429190
766901
296270
34132
555245
154561
968572
591764
304550
778925
782728
874406
187889
101872
283692
552623
973283
408905
767855
688095
322453
660348
897847
432780
521721
56051
836282
798890
608803
390931
178832
327208
898469
599600
215617
344910
248342
473728
666032
427988
695702
404236
243574
278920
920419
832095
120413
758519
441389
665686
661817
310107
843374
760263
583519
249390
515394
406395
303201
590866
213070
447278
348283
436771
454961
195773
616875
598138
149357
603654
834764
425314
188294
314201
748618
458848
845030
70236
504701
861104
646499
8302
530513
33033
46838
196020
607517
77521
547705
903752
731566
810658
748728
576067
63319
417630
754935
387611
547668
955102
564499
125374
765418
230549
319654
354698
659305
290617
84186
528632
43928
511530
204946
186046
11702
837171
106888
76311
811602
351426
894622
716800
305074
464314
663274
889504
594478
619469
834928
66287
411181
540238
315360
449934
338605
327871
975740
37097
416396
297045
679103
233858
554371
103136
496656
967139
485284
910467
300402
464302
436109
818226
755995
289819
374195
441017
593667
544488
335329
171041
960254
442157
20623
491200
540144
7092
983994
224697
548294
561946
727991
756379
706198
884930
693562
636834
830648
605762
548440
682777
804193
348181
739060
833823
375320
716445
66401
875793
149658
639359
754180
240278
39026
328423
68248
699887
46415
699095
666289
35183
220220
208700
414909
836186
231441
714438
410561
856191
865256
978680
406227
773101
639857
635780
635376
371933
849559
349604
59140
947664
729259
550978
9703
158771
383136
455823
664201
68310
538873
915682
67955
42078
891707
228755
514361
139873
746449
9627
957356
924791
360813
789303
563844
158487
622341
122256
348390
941257
333153
431190
705819
572513
179922
742977
156023
829200
267958
422722
681738
777336
886208
238625
406880
735521
20710
210805
594281
742799
861216
921388
545210
254447
934185
165407
944459
468322
741981
123266
897020
992471
520096
759191
215209
524496
24094
955175
756004
179377
907115
320671
267198
532931
688444
350873
503534
791364
419227
776718
338471
742817
912134
99286
335091
631996
330112
269407
807219
778249
816571
397011
850915
339732
191606
256333
964118
851981
225095
279390
347018
980899
219742
539693
362054
215699
706404
405060
630146
737135
92165
609402
956457
236546
434004
975964
565509
793861
122979
902905
496300
979914
734972
935553
60723
942411
578964
604614
264836
360444
689476
858336
529388
370682
443177
689236
739553
962013
132929
685363
875475
829068
147100
879830
388306
793733
135101
418211
8360
235908
758938
780919
462136
37553
16497
841464
578741
701228
418448
200595
91022
437607
702357
160807
54557
545772
248007
289463
586991
387323
461968
441301
12722
237601
356611
516139
304098
510222
246809
134190
863412
39481
392839
594738
969021
554496
877443
505786
340764
226929
159554
943433
133432
940093
739997
137486
680303
839840
279984
391366
377657
568487
877017
560597
651991
397882
123637
823359
920470
505142
401873
640359
22295
260201
463603
193383
223587
168948
507369
863849
413961
245798
515975
487407
426954
49352
62278
732946
599595
338172
643344
687919
488262
324489
123681
785457
59074
57267
472547
230640
479909
367925
647782
279030
361353
358389
147538
60184
540498
728051
721297
842807
606454
462220
115007
339663
447010
849585
300893
321190
359242
147898
152553
20644
472376
234378
975237
795409
766576
638291
433416
812603
984219
535787
722253
856664
46646
830629
285205
429444
485679
674093
551286
519880
713335
418754
242445
462607
900729
858718
356003
968508
663695
474435
262484
45619
18059
604798
578288
330583
861979
87710
624398
128144
44223
869809
822568
615655
758417
808829
667835
886824
723017
23311
823572
524722
909631
957032
279626
598328
715380
89288
891361
617677
697952
816003
432763
294981
249601
962815
881656
903825
714852
106467
871214
775968
444893
244693
525317
891227
167233
155509
503382
96236
241234
253360
794207
129970
821890
890749
429866
426001
731214
984626
663272
980124
957057
556736
29358
502745
401468
674912
66495
630488
488112
701967
730392
371529
58033
929756
267521
752649
692491
189642
715596
787481
318650
481527
831961
81784
326829
463794
567421
74118
876439
491330
42170
861133
861000
184298
648000
746803
65492
645313
598649
62435
529716
656346
460616
608083
350428
549749
297035
280774
776819
255570
908578
163193
763925
474638
331312
777772
759507
934792
54875
861456
663990
253903
164498
20563
519824
880100
571922
242394
38657
664866
380733
500747
780982
539132
176767
720014
150051
368008
337748
502449
248058
881857
758930
422393
59868
804934
497125
71585
75307
462896
126526
186188
93828
423706
706234
451216
86725
691199
250173
685750
293657
20055
828968
527936
206574
507874
674275
144023
298730
357701
699184
875002
462232
845908
454242
630700
620506
421864
304926
112074
61018
631072
948170
864518
45463
282246
35402
396813
258165
458107
924930
572797
307519
320829
420982
35021
363681
412236
741393
699052
550622
936270
25962
803074
258892
119112
759152
321371
638816
215213
364947
588823
685450
75939
421287
830614
253323
837422
247656
943377
48159
380457
960753
692128
524455
136986
464521
940913
583487
837326
669675
92040
938185
863219
612570
922671
678349
590575
957302
166875
721590
287909
71498
462196
672518
726676
877380
103606
828560
666426
898414
189014
192975
805829
19944
436605
739016
392788
403469
768015
417298
356382
718174
260238
39457
287600
31977
88075
493620
500949
585832
654312
210281
150588
515506
352673
547439
359036
345719
805545
998046
167799
541026
20351
363433
415796
37076
666149
613680
742830
825928
554657
610981
505201
54990
890855
945966
892331
711405
816104
432399
344009
748920
799731
700886
559753
493501
979282
188583
193678
711708
335453
186001
357293
928540
681228
893511
300510
486903
916805
116659
860777
885379
485001
855250
812962
10713
90704
742799
764877
95762
636208
813836
193650
739538
863129
469560
869307
238571
305179
693636
55534
148610
294778
156418
362657
190893
375342
781648
644091
260
317737
470989
171171
965822
663382
157781
804817
949664
598590
810124
889617
645817
337373
126459
723440
257145
525524
204134
710148
464830
300427
7587
739338
992827
771233
513724
200604
159196
486859
424467
606041
735104
887112
121343
276536
306726
152477
638674
255117
625741
195768
572425
72065
870028
60655
569336
514237
9467
380924
435345
581180
85604
212634
322148
222568
534261
113134
3086
168117
307302
663154
875968
462617
195249
62550
155896
493887
953440
823927
2718
332464
100429
75146
346531
522374
214923
32412
221801
137471
356416
968161
522913
920780
474673
132279
296842
207170
629397
952312
721102
546023
94719
407482
861898
846470
829954
252414
448021
825561
99085
246325
317774
839075
46702
477471
103535
104843
55159
299896
289061
230713
305019
488658
770750
437995
964320
416893
381492
733950
28029
890841
205566
69716
309690
649882
928407
509102
970975
769821
591620
314605
142510
269182
754874
203354
22111
195530
145244
152927
659967
211764
710296
93489
292708
10672
554252
653533
986148
624751
860416
395489
826530
296349
616778
495015
955110
958789
843572
36614
526739
937309
960029
614990
79473
355567
842871
645698
721166
746451
39968
722413
652520
158090
727005
563127
646202
337865
386487
259358
126486
654315
477857
383586
119397
556171
888748
260125
740718
205824
513801
645317
348687
716039
180609
56081
683907
47297
926042
803348
472593
226346
740223
99109
706488
18997
109854
861884
672017
254607
890504
823602
24389
148982
582190
783847
695265
54345
611162
722887
414867
342907
76811
430785
24525
507552
6068
177742
878716
545430
82149
578687
656602
476704
221680
956154
562079
970084
566977
838640
605073
941649
835792
223707
409753
259119
457838
485284
245524
111440
406426
752419
943523
263448
173586
361263
290455
850042
425291
336955
247930
184659
96795
78333
790204
534521
362453
831685
573974
914475
629981
866312
253750
101993
76869
96608
740788
106961
287436
881058
199603
190872
708735
782011
20090
457577
57279
166369
885072
118493
669455
932871
111331
23337
572813
875811
122686
879551
606195
375296
679800
923368
764274
916675
885114
919435
559013
110372
30219
283128
576125
127276
564767
923370
477044
937102
372126
474316
132149
687491
442870
870310
741382
986129
961498
973338
640135
732939
813325
43996
337786
706722
957437
794264
754226
945029
597649
151644
741021
648449
496286
293880
842742
229340
124191
213005
254340
451962
571959
491680
406714
339930
121946
984133
857887
200394
960604
55647
898556
763703
574101
380632
783833
438759
924683
989499
605158
830313
198847
535675
813931
110721
149064
782289
747038
545977
805364
76214
646209
645468
456844
909360
695141
301535
353393
906885
655913
462717
83862
379440
545409
8906
805248
974560
48540
405411
352254
773293
883324
686976
764352
916836
686310
130561
726278
742601
359585
327893
224169
752760
172427
458928
123832
98366
811318
95834
704504
601874
862198
628202
894941
371074
292697
829479
979100
416249
449695
682313
980849
703010
17181
293599
750940
125521
536625
974645
929381
110245
939308
784096
987446
825586
315883
71417
248009
770509
580896
535620
300258
175646
213151
165606
632420
307408
52250
488322
283103
127583
59479
679228
174793
319205
433333
505472
62094
113712
214144
250743
72873
155009
251150
334796
818933
222255
34373
232995
562099
38527
426338
883598
715914
778493
636586
923686
286387
900496
156242
419713
475856
955721
214367
609893
242950
780568
584743
91549
400041
429986
144673
319321
399636
601418
258156
137265
590617
115253
367639
850841
979124
382302
979450
271393
782102
25983
950331
231236
316331
578195
425305
948433
541477
610091
559406
814449
847390
607668
683344
789186
613861
867721
308141
36543
777492
844239
849998
536113
313687
367273
871987
671650
237080
438600
199755
896313
30070
993744
822904
836735
169908
31179
87440
426426
345451
150716
846903
660176
824267
815066
524559
516716
320574
985044
34728
147669
433707
998681
77876
734836
588180
334667
914058
621139
567064
912387
561712
131929
399725
898203
207607
678451
472266
892327
795809
741218
779134
694255
395545
282597
668112
436582
824854
330458
781376
516029
24559
309848
501703
983487
719602
820576
861836
177126
583141
600697
56313
363854
214769
724924
861066
448744
117568
658163
489788
7847
247234
582132
961122
97491
362249
512327
904216
83332
84555
638410
405178
454202
849092
199705
586042
491533
625770
227511
106930
917557
927392
730055
313371
680655
898118
394782
837452
334999
522521
316799
475614
276255
973284
339834
157391
610728
129846
115366
423412
944121
966928
782369
528166
172302
395717
424194
413189
55843
969258
968857
541603
49476
237401
588445
389966
501982
798373
444175
678927
588604
435942
504463
311050
351746
853340
711396
478938
836348
240518
991878
14554
424561
778200
463583
120736
86586
704625
917989
786257
63884
266198
444376
111413
934774
691137
666961
481675
932638
986013
195243
81225
241305
386944
184397
665029
330896
202708
790418
542346
142999
46516
847623
524957
438842
869878
704500
621155
452724
443038
97206
936622
867392
683515
819403
443070
208418
247016
166806
639074
501974
273365
339167
667179
348480
252190
653435
169042
72076
799664
109642
976346
600443
793405
687227
210327
296444
493030
475575
394376
131109
418996
872187
596894
422330
283173
138009
934649
120252
446476
616989
970627
11668
35311
933442
925090
425543
130363
95111
734234
643685
281727
169672
127588
155445
131670
592509
538250
484213
242670
154219
26438
768086
878625
128762
402556
754124
67889
983474
329565
845844
769553
65960
320806
299940
774099
95012
100576
576101
763278
198281
224106
674290
88491
584986
36121
62539
939086
797246
855545
621398
553542
518859
795026
798566
434775
879024
338245
775504
873444
472076
583030
755183
777003
108479
60354
424308
624522
540319
793809
530533
532518
62875
763782
485594
606988
631073
777753
48477
775616
581882
509111
143511
237981
769738
283880
464565
911438
18707
861536
448146
557167
66314
114699
763654
757202
645606
88586
570070
762747
44831
651315
762304
817711
538763
550079
275862
743690
23458
424449
45067
650433
721291
360686
653329
189021
551184
49018
438390
399095
516458
107573
275755
717094
167519
371381
922176
303933
671964
447996
40436
814240
814034
632072
765229
465419
981198
687147
199841
828354
626558
222328
608144
907959
53276
115360
810605
174964
143029
58907
957955
19044
453901
998410
527069
720871
700066
980220
997541
978221
356035
16624
407835
941676
490377
36560
910882
567334
988563
556331
397762
19589
526605
852696
243525
17115
267612
733936
682523
487869
356975
239205
501259
656304
738372
468873
996183
18675
621073
552152
349987
543347
134812
638745
312740
737888
915930
845711
285507
947613
789472
16669
55498
246576
236911
285616
32457
373418
934875
596920
385180
210763
875520
416223
18260
663495
797927
831176
217647
79499
137456
500298
234107
167342
319871
632031
24990
396479
357409
336979
715683
555961
187760
188699
53007
87289
758392
192306
40533
682131
75990
29643
946042
881770
4681
600837
763316
347592
673834
805852
75690
779713
97622
557760
794420
819712
458574
127474
220947
282753
450385
948991
490672
462273
104825
926648
174952
130825
901519
9819
754932
982060
125611
540083
245562
356119
650952
526761
468263
260960
537241
376831
266379
373080
171581
233441
492994
397224
293912
916842
590109
861113
360493
295956
484197
223072
455693
682217
95132
229355
553674
855654
709100
924435
388671
463208
311597
552399
986499
608981
418563
818798
641352
904096
536078
21722
960712
916385
774222
764597
617173
605846
413530
498042
523395
217734
254349
906184
869208
454455
821461
443540
723371
985887
873031
501916
69662
744547
204530
775297
701901
141248
595567
491481
214761
681564
688909
523909
800498
340517
227401
981112
788821
244414
748723
170772
363753
580981
645989
38645
295374
216601
32239
183470
669812
614336
602172
458278
96992
989640
950516
806829
271283
828242
113123
16039
334264
29536
933857
76189
853266
380919
652894
263589
127436
15830
350674
958821
110435
535718
399182
527061
762032
213761
789311
40976
861405
412910
290375
243228
328613
635574
446664
49290
593234
429451
298643
322043
379657
474718
135821
933418
775613
896437
905927
658359
538018
3916
348840
99810
873510
9214
436476
211774
96014
856269
901325
639092
457738
198856
70283
145262
441743
399818
448393
860706
502050
681948
774265
147329
813845
302624
799484
40988
3910
69428
750101
227661
905217
16250
724216
316029
53492
256766
353589
796726
229672
413565
606273
16611
783784
721088
700427
893946
36404
424238
605857
417503
373754
492582
322030
520749
32346
656755
580146
698559
433609
552054
203530
309474
359154
494970
404175
503972
970759
757273
6386
380716
184878
602151
513315
348011
44787
959317
731331
708353
160267
724137
304298
687733
472219
844309
742241
963984
852199
950858
430620
606144
257277
335647
114291
836140
279840
493200
154900
593468
624174
533706
992269
502141
744548
3338
725533
496737
66854
449135
657586
951395
725721
231640
975740
812687
514401
620267
270556
491534
236084
252777
682791
189030
877291
785573
83744
478179
147556
685746
762083
851578
442776
101752
194441
262059
188970
6769
420641
748355
983514
672584
766298
347102
887654
625597
685037
467300
638474
143488
228712
341095
740085
682553
347184
786415
157424
618504
125192
235025
418407
695930
596566
9674
12336
927350
839526
698122
29293
761821
512359
491104
170447
933606
515044
795686
449030
857268
629875
616065
59352
305173
71387
920942
586280
413083
754334
444318
513047
475891
27159
195998
885543
80024
596859
822414
644171
422627
991273
964348
400518
90702
999091
576658
258213
896440
843933
768831
365576
247011
24083
255579
849764
271895
594992
843600
380697
942475
748962
163195
832539
889663
744530
696843
363724
828540
599172
335477
892551
797996
798777
874510
510778
985515
726532
530484
479067
776112
259549
518799
598568
117714
116233
647618
829226
376970
261022
452985
861517
878826
816171
474447
786099
724370
234499
163960
998837
172124
770942
451491
705505
143107
198493
635074
800281
150380
675414
225289
246127
215524
669459
301100
573203
895526
79191
441994
551284
555555
585567
393648
14201
385322
746090
569091
65328
847835
730983
225012
897394
323262
861606
652426
444752
597395
895998
77374
490464
12739
264934
267514
955041
842120
938510
244675
329998
319782
500810
937638
10398
651897
702563
58495
945135
709077
115356
540139
50918
980337
762315
764132
642218
661680
245889
257744
403020
524104
752416
744844
47377
327693
633372
377935
920038
411411
967170
486029
182860
233485
875162
860973
955896
219909
790540
253895
709461
608012
698516
47333
411134
740596
511269
499465
984389
726752
23875
320482
574166
406550
14058
426160
191048
732127
990339
586542
405530
965060
269481
391029
392105
323516
696765
433207
894780
900570
696767
617991
935096
285254
247120
48393
357832
819742
500928
287965
725451
696268
13099
849697
999422
753023
486004
264779
488686
2004
122439
459952
210380
135660
836671
276241
938424
684397
38009
57511
700148
926447
106874
269004
961126
872373
500302
370685
448256
659396
442494
393968
28179
38913
188870
159180
966287
821061
64768
932325
132039
976016
813993
190169
910448
798085
345229
979311
50678
778103
672486
911878
827859
169342
523151
383722
781543
345452
954708
396993
25176
549884
695628
967701
58414
771054
270708
896104
186050
320504
682447
366
824025
962969
227778
429971
160872
636695
937649
421700
261681
528986
50108
640188
651676
931140
10021
131234
608254
773592
450332
167798
6248
145657
414127
918218
350166
543087
480131
812670
177643
520787
497663
466595
864378
480969
263293
572272
100581
399775
567607
174225
398044
160524
110990
850212
874951
571910
75350
149028
59873
88801
176547
640884
695138
389320
394695
722965
569443
949104
597032
658431
953937
511566
327138
133637
29790
52788
180921
958779
990957
175302
114487
218785
241352
982502
872132
814933
565913
784057
406312
310371
307459
897363
156195
343191
525342
673143
152482
654872
17668
793021
79044
620508
117611
643390
187400
172250
885464
136815
501938
685819
497499
146432
177237
54381
207617
664583
910636
409446
457433
279610
580569
442242
856052
170412
238991
431433
116747
925790
491067
151169
429348
227482
561026
932471
145297
906826
252983
994030
817651
40981
822974
169788
488712
92473
490939
862724
285281
18802
823458
484494
789555
467698
722179
504652
972723
5416
430759
758313
94268
653755
992010
480525
900845
620686
102819
841759
245475
760021
95461
758915
260506
660014
862237
725300
878228
366467
464911
175375
628201
215442
843597
649044
290124
370537
516234
491485
156205
792150
978778
212637
191065
673292
783495
980856
129374
529724
710200
968346
509405
221438
146501
629643
299335
200072
707974
267931
758864
470959
722956
893979
55225
779081
450099
182467
891451
30082
999764
295062
926438
558389
506599
243950
616659
471811
193954
682663
167468
911758
742776
268272
767318
921945
413659
461639
405927
460732
964773
898050
878395
788273
670027
477105
932312
883897
451495
689287
242637
718046
967603
688312
33645
994397
416228
991998
942794
162728
304248
8296
948675
171854
79749
484841
646418
809561
509697
559370
880421
10595
311250
256875
896597
874879
547706
938661
572174
987123
800113
513860
321552
60331
695557
71757
49270
482048
307058
721674
494502
550990
18626
474518
461961
115977
368306
330448
687466
680029
431831
256055
777280
51057
929063
321553
616769
452444
289601
476699
447717
740667
66150
487161
434251
923901
801702
461354
949768
120403
307345
535144
376868
411614
902450
384176
825117
290803
491267
497990
93058
607203
958468
275084
452066
282534
37200
993984
914857
568298
241796
761600
463107
995567
617459
822450
959741
994113
964022
400952
703263
836091
47974
209091
853251
808971
27171
183952
933664
116967
270849
898679
117084
73515
935173
577705
705016
225993
879348
133098
257369
541787
929340
489074
476427
894854
475264
439365
14032
337835
586540
984309
586703
443843
94016
333021
74376
605606
912727
42733
487404
188778
281078
456682
299695
731723
237170
352861
520640
907723
522820
894619
691798
856150
631797
579293
605779
830735
399972
743758
133570
191597
987483
599272
720128
80836
880157
687145
580025
260656
810395
938820
410082
242979
784222
677026
693660
38660
942659
970644
311776
46024
504178
997845
633370
370085
771851
10952
762940
419595
84240
19663
160178
214274
503709
494920
259852
76705
952356
140276
824019
990484
493277
38748
965784
145060
839146
450614
149164
907958
855504
786527
211440
58539
969252
295648
281374
710061
905042
933627
437997
906757
544362
766896
16056
781467
674409
487224
737703
651249
584542
238463
195489
379184
645086
722432
327543
660518
213641
304026
59016
176093
491165
846783
782527
528346
845857
576355
443274
784043
752937
281443
671324
481748
967612
251193
822690
865720
627109
332581
36519
769425
781218
502172
119055
299063
150840
533266
826449
922968
495005
375637
659833
342338
839285
808903
28097
353118
28997
13894
873511
386186
622334
982480
196153
837631
560329
151498
823951
766634
491968
17954
768445
254714
648494
367829
991614
990555
244158
661891
954744
617372
878494
291377
344852
521331
532865
150573
165814
600673
961700
720827
9964
958511
474071
761789
184269
333902
49559
850537
71143
954961
141880
952676
809805
789546
449109
473202
180901
500748
604561
984309
765288
581128
217548
786636
692707
475954
780548
832051
262372
908281
302064
317206
472832
59526
535195
833431
65931
676368
703028
31076
556250
517738
413193
714876
548438
382773
354700
204402
531037
259302
758936
148650
158682
993857
78355
983759
246096
756936
952528
945407
642166
187308
579330
193854
12157
280694
27291
618077
275986
40411
180115
501466
651112
75500
829028
948655
523520
614906
958811
664352
91156
964850
846507
403015
724842
699408
792296
899653
686497
465079
943239
45090
341077
68094
950314
323273
33074
53403
926823
509778
673918
423475
381124
683177
985134
122084
257346
910418
661524
908452
810863
682881
381317
396727
587158
772761
848706
205208
28184
805381
480953
334499
929409
749449
593601
366429
113156
1489
181240
979630
977584
126460
672607
201901
482172
663281
860643
614703
995903
307959
289052
252663
544316
632970
36307
532601
74544
134434
794786
329378
115371
41829
121598
699110
495093
202540
227719
405706
885834
303631
950184
777198
554444
782629
434456
33577
137526
436632
346823
516724
538547
194385
531921
893717
577344
269829
168652
544649
421181
669555
890981
943597
349381
950688
29077
471110
972849
583081
840896
243893
942281
84203
1393
40325
756777
499742
857574
772550
40284
263910
174251
308787
874483
389446
188360
729604
735692
436914
84255
234617
554526
507978
410848
612696
830011
614014
494448
268559
717842
133070
891706
406642
52458
908789
477135
99453
417630
214734
929236
970571
700888
612272
956906
102306
869041
843018
866632
679187
247290
964144
661956
914157
699227
373934
974911
396262
712998
493766
868495
278337
909927
879503
250818
368523
552611
380439
665868
35567
101910
396781
62502
752952
830840
152912
351078
540104
58313
68587
396528
223046
309306
469800
395884
231138
285483
35630
7593
553071
163079
866396
546239
1627
654031
500225
456154
678532
10147
744717
326206
17749
555730
386606
279021
859370
863836
700263
608032
501432
393149
348367
747872
384926
527450
243147
642374
808749
448788
495592
763607
716018
589046
980266
829789
5002
394843
98319
873314
90281
326931
406729
318968
613584
292643
418152
499228
839291
726090
25888
585016
20366
68776
860912
499427
123099
487277
853411
293712
810682
610681
196590
567406
764327
627352
416787
741808
86067
211389
569723
207701
520026
251638
302839
33486
170787
899728
440482
74994
731323
873759
805508
114462
740235
674187
294845
702807
61058
771787
208831
8894
815882
88008
839722
941407
678546
748397
82481
72382
568052
157654
71376
663159
71255
325285
924644
755314
761277
421547
145702
634634
785660
382779
252865
93340
846272
926799
749241
656182
978764
101418
798325
11592
137555
231835
34853
575827
889228
324758
653561
423052
61391
277909
251902
806547
769324
496306
728800
681216
539558
557006
849717
431828
294893
688355
724035
744933
608359
415373
965936
996191
740806
800931
824260
870860
618895
670391
677176
49695
410801
382215
382647
83529
303165
746652
310585
938731
423109
726020
455538
606626
534398
539816
516326
606277
229562
325929
307689
345177
689052
246117
616187
412784
676226
382983
941632
927165
441994
477356
808456
487496
388665
980106
166487
311602
353268
281937
580354
66725
582387
995471
986063
317641
472194
413642
393732
810992
731800
835519
306498
51218
705431
423796
671704
60863
882822
476386
903069
558626
866272
646035
547441
18585
370277
816650
720087
998631
108008
386070
903486
630371
273991
421088
470143
124982
394293
97750
132180
881280
988781
248044
683040
218436
39220
581114
117611
817490
930079
584535
541162
297766
439421
548485
275695
430566
130676
511709
405051
975923
641675
852635
701743
85839
264260
132795
861588
514911
786600
582445
603514
768081
136329
225566
507973
514286
537434
12644
216899
660789
483368
832189
715352
59626
776754
458018
30739
666753
109427
781692
953320
62406
561591
639900
169370
957875
306827
299986
869807
213181
709350
274276
973292
614004
574916
672394
399188
284213
788046
148556
530781
743486
777813
855176
290065
838613
148687
171485
202768
430966
432348
84563
804473
50646
288264
552746
717424
23553
53373
940631
463134
266970
653798
317332
451460
385814
964182
435867
794645
602447
455363
283635
402200
238274
134798
161244
521479
11442
808365
235508
544885
113731
938192
497363
35623
814512
29553
924773
833794
675247
526980
509944
760202
800437
531525
846558
412212
779319
417124
235088
757553
417350
601125
212036
949796
477399
522868
233168
159595
677269
644024
459488
850482
455645
170717
103374
65139
508578
783995
172972
685378
429062
48226
148476
604202
546527
491494
153283
217274
805153
930022
166521
512428
521905
24563
666873
206053
811733
664587
931859
881641
526912
358588
824192
175837
940324
460418
241273
304326
20591
152145
170662
28528
621957
766869
75559
713395
284596
124458
733873
305545
123335
19761
509231
827927
546146
935224
101479
670458
549533
204724
602914
869068
691200
675541
664475
242571
367764
662531
117204
800101
662758
224553
458805
840343
982164
410599
183745
734446
25973
547572
54118
440236
139114
902686
27626
71954
275240
981930
265566
458124
207069
462149
229783
60258
163103
27930
620963
587883
752375
825253
942207
755749
852594
126578
479272
54076
314025
448000
837005
917475
980387
622096
959653
619613
368290
86730
936268
156355
946359
79495
419085
243608
559573
679279
959018
940779
721877
14700
344268
529839
280212
401930
331230
35707
634627
223403
574462
278374
195762
534225
379684
608452
923662
583872
992762
70142
30368
155132
105550
229599
371244
603135
559380
720482
300871
158356
65095
464451
304201
648084
347085
707927
430022
593567
513155
869999
831160
169263
140617
674190
982705
750281
885511
655706
661909
661907
578448
865216
688250
903899
82323
359823
103313
529366
121138
51238
394650
904388
721856
831033
466227
909033
599983
224481
654410
825466
512855
375177
761128
699358
822507
698799
379196
95981
240204
681413
647485
333512
239980
290781
97168
884718
933089
824126
910117
476177
667929
352046
724548
274934
660618
120115
885093
9824
502951
308262
148933
186051
536691
400327
488141
164436
109539
956952
660684
706561
707256
619969
231967
971340
113758
141592
934380
899059
858020
421175
371095
572388
159352
680881
176306
245050
980956
645191
943972
246597
614881
759956
171492
819325
444655
222637
949206
49835
74662
279141
887266
500183
582016
87445
59890
889788
208290
140574
329728
611634
193503
756385
400925
377756
377900
313470
329645
667490
406563
74469
69305
61258
920155
157001
152487
221047
881669
193586
33038
747866
61302
652876
955152
869004
974917
984890
809576
911050
803043
111370
4278
133628
750611
899869
145081
816970
845601
871099
363742
720446
720914
48190
770677
117649
455239
276535
908417
885303
596733
221532
921779
899607
905704
193283
632659
544537
363657
545316
176863
396987
919506
54942
106326
421475
699579
922340
864881
934434
465625
436398
772362
90101
771157
119114
479709
232487
387636
834267
508902
828515
624625
947683
192662
525231
834521
574874
511487
481501
17232
819551
287160
786344
592808
509687
653495
496369
313705
406755
874500
592659
409212
35712
138566
203488
330172
870185
177543
863943
752403
600792
553293
347237
822350
661365
234633
830562
598589
35337
266563
495224
971435
224445
288075
636201
280490
671149
327415
868284
224143
152888
30718
807957
32350
59419
626364
524741
217507
837887
374807
563048
666585
205011
223164
986559
922591
421588
100532
738419
434067
537121
501981
790044
594924
221684
835041
684460
671236
805761
745095
671760
108476
559142
881687
828548
124509
727572
186077
664285
294995
915150
96105
785119
740791
574989
514851
615897
173520
290101
782568
838519
741994
578736
325527
977926
175281
720063
920036
191720
849785
793220
250041
76547
844889
11607
253741
759305
861398
933174
404439
962007
739859
326032
978988
580564
41453
44152
578337
688215
617085
986193
434356
669497
776536
618801
744513
799703
897790
139779
471391
176965
998146
783617
953641
33874
203016
869187
424757
507552
392221
625240
93868
153874
456560
758276
408673
47284
150510
306216
283282
671043
616504
610342
460481
222155
662371
854561
238075
651384
754092
694973
997659
862274
940185
389846
413733
43656
192039
794102
931047
788824
713062
411781
174233
429199
583918
798514
778728
716880
471393
39061
103985
945804
209877
60907
668340
632031
599547
282216
345526
559626
535929
14416
384256
391662
501622
782233
29370
558737
254183
402486
678140
376317
554183
429799
475331
513018
823149
683741
985216
491206
952198
59446
305506
740996
82517
860283
314041
896233
254502
971812
754280
25579
737662
321623
320953
690425
793463
352657
536174
966336
651465
719576
979032
211938
402286
286500
404298
877554
723927
917351
539854
975560
973628
314234
167865
371945
425924
879805
897808
308741
207147
539855
871104
827148
967227
178484
22136
615157
534859
496566
533124
382948
255872
634991
736597
514781
998016
680948
709047
668554
866039
98050
955583
89717
402123
841694
614520
468804
134325
484916
308347
719012
294033
611217
275556
574759
796668
23948
129697
545802
873286
615625
781958
293392
445159
296555
733953
50588
312764
263015
983665
44598
502905
917695
765206
492924
262002
895053
104676
971560
70618
79971
943292
466732
354905
212015
816268
907457
464918
66791
102163
972293
233119
793785
881841
25199
154511
190382
172857
588429
706757
549555
505091
936715
239288
555526
77957
558880
635473
783562
839803
703985
754872
185128
843509
914036
727655
820232
281997
87047
956228
909599
980581
114940
360586
823893
907549
230069
71956
189943
468428
753314
684665
769117
653883
770258
140657
782386
838309
90225
138613
779380
46522
115320
160143
222989
717377
706088
99572
308444
774327
531205
450851
981425
536323
543000
466918
15273
935401
488237
225145
98960
272346
21395
223794
653917
737082
411026
876364
806405
480922
454799
553825
787124
70929
500234
734954
193937
192516
880180
484662
908060
6033
197345
714839
880800
882087
719770
611420
642579
418300
346622
55923
706540
193375
407839
655234
42601
347311
603737
744805
563949
249723
704934
302589
621582
785193
544010
196593
362896
784557
375166
257604
403294
780379
400783
88440
805977
951300
150787
136026
781488
572532
69964
280943
396289
474470
340781
556242
110792
37899
342969
326617
517546
405365
752639
881666
330394
545763
123380
345089
121948
793438
150846
832576
930945
642996
607443
324795
469957
921422
514589
905513
397642
481673
362442
193189
85168
764623
857394
173242
366276
507010
751373
719767
585250
698244
327474
710476
139701
253881
888914
782220
334209
133714
946407
772422
759167
373090
107984
595155
989139
637424
996119
545228
498949
424728
12144
716394
94185
830936
928312
363122
332474
690864
902216
9395
862538
664442
100922
567336
257868
518839
581275
404126
913484
996623
701524
962238
368266
292179
368565
982442
53225
558561
930329
174135
937084
451173
355931
72822
106173
507371
270573
248124
11597
41184
787919
482864
823698
279674
711163
556776
481881
806101
973218
657405
943897
669901
995948
873980
408580
719384
72967
27396
701052
729113
594253
363812
53623
930452
446643
526289
55266
19071
818603
167557
209861
609593
166201
178143
197756
913321
372734
233013
957513
887559
758264
283635
947756
187251
593340
512150
416093
330194
445029
164818
159543
9209
280265
567980
435840
270842
924249
573744
675747
127292
252227
151621
389491
369208
930780
269049
497811
593156
138015
42263
502340
404288
836324
35111
89522
262405
117349
249906
99754
591401
983080
700865
313317
974589
659279
639026
487950
574502
171978
199339
612653
395304
464235
711690
168073
716075
775209
640250
401685
712239
13582
87886
607637
52431
121348
279440
113360
783223
314361
304406
345688
545747
600229
227555
717486
598773
382657
588485
749161
468480
806352
528880
169504
714808
923678
135657
537707
773406
896753
164586
673770
453587
866380
701762
667349
102119
302751
271119
950825
890037
993468
938762
206136
390307
560265
939747
190635
157711
856804
898179
393129
132795
411121
164553
308058
649120
398298
970452
441242
651756
35019
36185
607795
442495
545489
884697
923082
48493
202233
207677
801091
364235
23459
43378
36248
702326
112896
341107
466901
224943
502502
961889
619002
676750
433331
409068
499442
807224
224338
783084
826087
72122
928833
288588
185204
890315
599455
744873
689699
631753
891846
896979
271581
273875
7164
596952
451902
961027
247730
173320
303318
825635
257579
6106
184522
712991
862022
959094
812035
711784
179026
815263
486931
545909
188727
400501
430344
832866
543371
672502
37805
817339
821460
149984
339446
733504
357055
924943
181205
693937
510779
359257
404988
474965
739875
96551
515194
817443
364900
465317
213268
886840
607672
255424
177055
829299
606787
896321
736232
742420
847691
956801
214530
468480
907625
403971
75984
309415
674456
356650
683462
815678
22447
653984
997440
481152
737638
349915
598843
436642
53522
188977
174447
375384
540822
346541
163594
638581
471615
385046
99808
80038
848300
911418
338198
544639
877751
471870
645341
845406
561929
194577
117932
497439
834182
991085
80583
105191
970121
460208
313624
727926
376246
3050
438512
610676
413319
300506
218528
116491
110421
680870
535742
447102
242855
557052
692751
371678
58318
949905
692517
968587
817222
500599
470913
901975
880155
176544
85613
1164
141166
849675
36269
95206
810216
943439
71384
374435
205486
66438
943486
14279
304088
118817
191279
745083
735765
359544
2813
462991
787022
937436
674443
183105
325948
289343
870483
243927
850059
602710
665379
693672
585994
108825
250799
791037
676643
129541
608165
428987
159018
206233
77596
644195
621706
116932
92935
848211
647493
561714
973285
319438
40355
859044
193623
449116
772549
410967
372081
507156
765268
785262
288268
135539
452050
916233
898583
208513
667717
852111
545308
402366
173910
524454
45856
551753
743496
427170
332578
718673
654878
190925
365768
767373
483634
968914
281854
806157
998309
100126
805610
637407
106288
992333
970377
336026
181566
211672
178827
888271
421180
206280
893633
512293
124234
554473
974934
935756
737331
351234
442535
345967
275028
979283
860386
945636
611015
741813
708463
423502
640418
539441
732107
257132
40699
58121
202411
613468
948836
199603
677387
851356
843972
888504
434085
524918
55090
378185
408765
668197
488073
870061
642340
327617
584302
348808
682493
334046
154123
809762
285952
649357
91898
240504
306331
797521
827478
763747
758906
59399
57982
687656
268206
939293
59740
688270
907554
915622
171672
164076
146683
87263
666525
925709
914279
92383
246784
219548
227943
717548
437976
309266
420536
166280
860802
703809
721386
340791
374512
182752
638103
162703
663595
570760
617902
315236
560739
802383
969060
301120
547145
193878
297869
654545
258615
94587
774892
334515
245468
170053
18604
441640
489079
556482
674382
598101
525321
370177
915671
700659
422696
27516
287602
569371
438950
505084
632022
880342
552072
581590
910654
627958
742116
786262
754854
507331
146919
135813
934628
740024
806433
658782
432078
468596
426288
290826
649801
154981
77119
742393
805862
171014
89115
558654
257867
911786
274137
403381
252179
903921
886622
172840
843039
240286
530960
40768
987635
128054
917254
729530
636778
72398
868305
429275
875723
5512
992713
18957
817328
506929
253840
21349
624541
973218
347027
164973
13427
844101
188266
918790
797222
579221
830223
997203
524344
873052
531919
818432
105524
494659
985490
317584
329738
936532
47646
378674
686233
761912
768710
342646
496958
782062
203293
893742
685815
983148
587965
687964
893096
583477
995017
303499
507415
486710
402851
258916
857770
841438
439815
774845
395542
83529
659313
482263
480533
50874
196934
700436
725001
900502
141024
933299
362762
51376
770146
651762
678271
682270
672382
878955
639901
945058
652986
509935
577552
106132
374009
347679
793546
456106
349302
903690
216536
352255
667250
535209
483440
187955
573444
326298
127029
424959
437293
341200
463799
576348
677417
202508
450068
84907
527080
742231
642614
353703
333628
83453
847995
623480
933076
444168
794948
922977
475784
733144
135949
859633
181125
775305
973655
550539
611406
279151
722059
961198
128905
747180
976601
943471
519016
993126
136388
291814
330274
854704
518118
72915
869097
599810
346298
230443
795454
902120
899931
599521
742686
141692
756822
421772
603204
287912
235871
920167
461297
731434
600294
711333
574633
410866
242284
220070
490519
127529
338653
426587
617449
919474
971528
510164
676751
664968
725130
255129
910668
473011
191681
668171
248094
543896
151820
371304
716907
45628
977348
945844
487462
837510
218063
6032
315324
501318
695981
775604
967735
154016
375739
306578
586608
729617
931567
282502
674466
911363
530622
229870
7738
498177
422663
398200
279607
924702
423134
902252
241213
21298
25342
555294
682333
180924
320491
833057
651864
588719
732888
776446
181200
201350
698288
940943
607041
118370
597991
115144
323328
804794
803581
402412
628677
296380
374303
563217
696450
939519
269701
34631
737134
955509
175375
931441
517910
422244
325690
237401
227522
369867
703105
762634
93021
350145
812801
219655
936391
476156
223901
572976
509776
49852
10994
554067
215083
136054
827714
349336
466836
468379
180842
3856
170639
866398
285180
301417
997974
66880
590537
833570
243810
25172
326774
669877
533252
177448
756084
812721
519668
362210
3830
935865
566042
282358
475060
913198
516125
257407
200236
553374
946470
86797
255605
379489
927423
803560
610934
923762
818588
340156
89218
705292
600326
145782
347907
834590
935652
806758
318952
82077
59685
23132
466387
35032
458488
288715
595682
771645
914156
533604
105038
585308
382109
226638
651153
488345
711369
613522
828166
724785
960321
363596
782995
261704
576177
540884
721694
198933
874766
966849
725264
744881
435425
504277
872281
864939
112573
17506
749323
160877
462599
23261
591035
196270
78105
299388
326347
178515
636380
643887
38951
698781
926790
854102
73904
125731
897618
509469
248499
890358
539885
833537
396600
903600
448467
805374
90699
236305
549353
576081
772448
127211
335918
867753
663902
647540
843985
603557
384151
301962
139022
80941
223667
936912
318594
552825
686136
243427
214157
929641
785443
504921
412778
487630
724942
690221
566977
43257
359092
72437
658061
521615
923691
441969
276110
838347
572206
858625
441739
452503
412663
72863
21118
53143
859982
870515
957718
581845
688403
549251
267024
743660
843745
523164
726808
846363
766783
378434
193984
521686
419975
221398
751410
559287
999683
596526
80198
266939
53107
217587
434042
450723
822084
283997
795630
615047
475498
116400
405980
729150
707430
59420
553662
275758
119134
433137
39108
5935
212441
194084
443431
904832
143970
728342
806778
328582
781285
442841
766387
207812
70422
659132
59654
648765
20332
508411
90817
110874
997694
796107
17026
462267
775247
539695
982301
537630
112021
300382
500507
539318
118824
600948
944621
559909
915039
938272
503367
411606
454852
864079
24642
580374
689706
168396
380586
275433
826943
32713
834198
151960
748832
443174
210307
902644
747437
954268
701455
270551
964801
401567
65340
406176
107648
848729
411216
315835
93506
909895
798702
174683
331014
637483
706951
266123
51832
92945
882174
629992
216991
357526
242682
35603
521590
225882
590129
270433
53774
172850
916326
393569
164995
320009
508285
774231
155542
812714
822088
858881
881203
152600
139562
29369
436290
464788
595272
275910
817011
971575
591381
131175
390063
244340
321544
587159
599754
661389
21003
165412
802376
405313
578304
964645
83531
302342
595486
564775
62079
917640
659554
580195
229422
226555
226529
324918
522575
316966
103542
977263
317434
978106
754125
45314
620172
460768
477600
80292
828354
708927
324730
757809
885173
739924
56089
700784
362925
738522
813367
748704
332992
878668
454797
329250
995951
856624
103212
880547
44933
991881
902980
69092
468976
609362
345054
441598
480303
436731
167102
996031
432164
927259
583462
467073
131235
827012
728344
678578
903026
269744
918668
4005
967225
487251
17220
320051
339900
825441
236738
54612
105931
280282
326992
666787
71357
968133
339739
238437
262576
955478
147961
764829
698934
891754
334546
114867
443014
459726
29954
371178
434883
789032
832561
843180
614559
476186
225567
654223
573885
76845
435323
526275
271522
457224
915784
949594
969363
783593
843256
894423
940865
934434
401951
296923
588399
938566
490293
535068
363891
856668
395349
566420
358397
196411
578357
536113
714335
319417
832573
87653
75387
26878
23889
129050
255768
494834
695926
503045
5730
885435
450403
705241
503690
57084
147146
895703
532837
273235
328014
315900
225737
995235
622606
338196
648775
873125
116272
829618
195190
67716
239192
901786
331807
312046
347278
495151
111499
344388
902283
173980
179904
200692
503632
91426
281316
30226
390008
644926
78944
805616
703202
486250
645889
607489
409884
93100
567705
602743
310921
287172
814394
949238
491722
104022
735494
138069
691590
784090
524622
992167
42387
772674
153664
10133
369516
176836
60322
122169
629088
817231
569726
598021
769458
677484
262243
753124
29001
639238
709696
634994
243379
938282
908692
526828
689457
223715
228403
121457
466454
675596
140638
198950
126934
365523
123326
114988
152574
748751
350572
36608
358105
145334
317320
409798
648207
144072
860530
396397
812283
235450
710374
112988
657295
279665
310105
628256
369842
659067
647703
488108
109750
541496
122351
328303
782292
454472
141335
501195
555516
420369
738304
708562
45070
825514
855879
841895
214918
335386
305692
585439
746223
773327
489434
917868
29801
684712
168414
909278
915380
299706
467133
69478
838248
847932
968033
2424
316845
676713
310669
400217
676940
146441
205707
448790
27883
935691
134026
92720
482748
165013
758745
882652
448501
554091
221514
650257
711918
619297
230232
765529
148611
281456
691680
796662
442194
144986
465198
512294
471581
873943
298913
660457
14989
784033
592232
657877
64395
247064
426853
632428
983569
438149
993955
819525
8476
749457
977916
534538
718413
692816
752794
152342
320161
610494
321251
499301
625787
79391
422447
134988
778529
415617
365929
934386
598710
37015
938412
549929
206497
460195
514083
17435
943038
891154
917172
415998
577047
289904
915378
133023
336080
670890
396702
143559
580887
892671
729616
60256
743543
97560
118202
145586
528469
434576
426906
842118
183
584151
827657
657587
476871
789095
36294
202229
252424
619833
756404
64071
187147
576064
335034
604926
656607
209014
993663
364671
192430
917566
109567
868099
142108
168504
469106
994654
238359
763960
275551
823678
471492
721367
660574
412664
493370
496656
741050
137737
841254
651932
651395
561827
779390
228744
722006
411106
335457
388333
392475
251472
351238
989136
792543
576781
347939
964106
999129
949331
951412
544014
178415
988676
687294
62062
232171
954895
884389
996771
874904
196477
840869
99859
191549
503382
500060
924211
466624
496843
134514
977207
40172
972317
793812
773888
251541
885343
958362
654653
614077
97197
90150
170757
32694
728712
790341
174814
580531
802268
569394
831447
760552
880249
304856
364033
501208
722860
741464
580485
516371
936291
740377
400061
603597
665801
903755
640888
680318
331875
614275
220039
695604
321627
177655
526660
414636
131023
149180
361058
229078
658968
601201
950760
808905
613456
782309
282634
568025
913778
889983
117784
843633
187567
318196
795175
893206
778851
57544
682563
204060
418146
538545
740328
879544
781135
755445
474819
159157
615546
324459
162124
464145
390859
32795
882513
22193
684266
453509
163756
851004
247823
553763
39762
797910
860308
656366
388285
854245
414221
674844
592155
657361
494478
761673
654337
262634
419358
60206
887633
683772
926629
680302
190587
811862
167866
340265
898630
390995
534922
970320
386667
147837
967368
334023
483589
815995
230014
106797
225380
672056
646560
255522
195147
389148
819321
199252
901189
244407
292572
283746
932896
990579
511409
192900
487501
883166
368874
578879
57620
919546
66191
11944
110448
568062
443023
227898
649938
594057
497799
12691
464644
73970
815119
469431
727362
1787
974139
220359
226808
773401
174958
366172
651041
128258
820157
489692
595486
412809
388472
861801
907724
499695
147503
125757
85910
965375
761420
215595
629576
114475
207419
599821
74513
49352
403437
286396
760251
784822
921895
976828
507379
275139
589081
745515
389548
363547
868730
146761
277782
292420
899562
21580
891386
833737
374030
434389
898426
998539
770755
434927
799364
984834
767522
759619
605592
182455
398080
277891
191990
123493
805454
453765
687340
962675
475597
765955
326891
640181
32952
157856
367028
852754
660934
811854
633357
589899
801339
284720
819111
735944
438572
513663
177894
592291
393225
573146
977690
63248
622313
826318
520608
567421
705288
693672
581349
514555
410827
88320
200149
685359
70080
999482
69716
471390
514365
654252
396401
280208
458528
745249
634814
836150
79066
396880
456691
919637
72812
144955
131292
327690
301466
221450
811321
157665
184812
230218
903894
936618
931607
774343
975145
567219
552439
612309
170982
779236
979218
687179
12202
60635
954962
770477
973674
61367
307179
274831
398122
126107
511728
745354
317991
896506
84423
567543
489560
302139
829479
366583
912716
218213
63750
47691
364299
539908
782017
799321
231188
366061
89656
573830
680758
445054
892289
753869
838612
202927
133326
967725
759176
935854
582485
983038
407071
997380
479567
372268
415701
487810
630060
710773
346747
249847
278761
29105
493928
410880
783602
278199
288401
273184
832281
597066
150660
824288
387463
97671
85360
845562
573852
409417
942829
802162
216256
425972
315508
627099
223959
458834
831285
892710
432075
896693
929431
565527
366848
384943
424218
747809
516115
12458
1350
134709
625839
931501
550492
378570
573622
73206
157837
309848
648862
16231
574815
282699
228733
193413
274130
148646
663543
925595
525778
955097
579501
170769
44209
667526
816574
252646
606073
13470
824526
177325
976797
981117
713336
95130
468657
944492
787025
595783
694489
420871
919394
976741
370686
743234
440546
347626
886555
613926
719754
542016
25636
828542
679140
610414
824426
318136
83001
7835
153508
122042
626182
167136
559737
421650
265443
759569
173763
746606
64785
736095
523333
832087
757960
147063
410556
619521
501118
517194
405312
525795
208607
716686
366903
249798
424874
75937
161657
977506
175846
270689
258452
588278
174153
745386
235974
526060
687032
949502
979283
535164
207314
660744
196390
926226
188399
729697
244253
901991
414478
838541
125817
370028
692099
466343
397001
290446
446650
247261
589576
354875
709072
183608
812665
226069
289354
822577
531562
975741
613601
975091
557766
417723
597100
233943
479242
345176
879546
870233
711268
581605
180396
103328
146466
175245
638375
4041
982551
736429
518210
814513
906072
412813
70859
308273
607509
256739
649834
324940
643286
966108
443832
964418
298857
371910
552599
713079
890049
407209
24359
677191
90331
601372
262412
704941
926421
246282
954681
568399
884709
273085
547030
425393
170081
669780
513918
642141
436809
584135
122907
934587
802597
471340
199029
432924
694212
433034
844018
23765
101107
151787
207190
784694
689253
704750
966924
913868
644252
90105
406215
285139
409854
697514
561698
127916
723025
436412
80153
456208
147330
194790
950634
809693
863822
17613
481435
22940
664114
7761
442124
732676
405225
714546
882694
407600
181124
742729
938280
892829
838589
34834
98472
393904
720542
401477
310477
459812
27435
845876
12897
92246
956984
834474
452325
692956
197015
242446
837418
267063
350548
206324
971935
499994
496895
89495
274122
649196
587500
315666
266634
407872
620951
410018
488185
941025
928418
685066
782188
290574
422215
6799
468005
530242
867412
456265
82308
302665
376485
468867
752673
706366
954129
513031
493535
5475
892982
885476
806035
202346
575138
340079
185960
460165
260351
94435
778228
618222
509763
408952
864089
192815
500301
511453
665263
148342
174088
23880
190957
981569
635088
811718
430079
94329
590212
73693
26854
574821
112846
996442
6808
297963
273669
438988
763140
929591
871718
227517
424117
549604
142994
334792
300025
957625
51576
139482
71068
747658
652962
674295
638081
114193
206680
934542
960784
355246
394004
977862
840069
225470
296118
787702
660914
860255
480089
660955
432611
676863
578239
196149
629043
378160
908089
189256
673504
642486
120679
169362
532506
560405
232325
713334
693182
876365
367573
184445
175578
782008
57128
56830
786619
731322
129483
957522
637647
149965
754063
942474
513277
198029
551501
111821
767092
99292
448030
636301
549283
162538
766608
996384
404296
877709
378173
577471
459983
204062
40883
322927
926318
360418
309215
454162
245163
700854
268645
39593
459280
173842
327931
756206
817440
676329
261634
394539
989447
283790
752507
56738
583298
592939
427118
767985
982899
22122
401679
261443
754671
915674
105173
961754
692964
724514
19678
444732
736470
242104
934369
192229
748099
375598
415648
642122
944412
633154
591376
930476
815814
498879
929224
89551
756177
928215
154400
49838
822001
650750
120465
454478
419325
175524
601237
179893
762257
707159
501958
931879
543469
646449
53456
683058
757114
264075
503247
66550
220702
288916
270524
530977
997554
268653
980148
722939
28952
661701
276933
628468
967090
255732
830948
600412
695643
191920
900075
733305
713664
489410
429543
503080
744372
635429
469140
441680
639921
792348
804001
966891
484611
858916
722480
565217
101775
909686
552762
454246
574050
510595
471323
401574
902951
269097
158057
645281
443084
289634
166554
565359
377638
639993
106231
642973
400935
171519
780291
385986
625436
490166
365578
944934
30553
592594
2597
224739
288977
177841
508896
60806
777160
983950
722261
368153
719208
108308
963078
162644
336998
87624
612243
837119
52966
725362
625903
601816
797727
819180
882066
803993
157286
203674
902143
268720
304286
86963
479506
672775
135533
820978
169076
407748
270402
188981
761172
714557
162425
472831
49666
537481
71081
764153
917489
74378
330493
552292
961044
257276
843257
892014
93704
162565
54662
827432
668432
106362
554242
437019
303221
289103
572437
588663
208988
555078
469026
97307
343446
510836
172478
691091
432897
575476
657090
332578
269442
852855
349603
268019
583448
8838
105132
63858
654855
501937
955195
519541
978141
603732
767229
427784
629971
988804
203088
376292
949544
836163
325916
382304
139659
576153
91497
442386
73365
359123
738798
89875
52103
131188
944193
654926
321746
144294
12778
232313
449437
398559
281982
228646
552982
992086
27368
213063
408757
254152
269493
249988
573953
364621
969572
987476
551536
299177
523230
501656
359525
886044
477787
681908
876471
424214
787693
720885
431511
19765
378055
67202
554411
404571
800877
654367
128572
897546
429279
705718
815482
326397
367641
164129
414098
563734
514363
548849
410673
911957
710985
186685
413454
952124
309283
557749
456112
993061
869774
881704
611687
570750
855920
647203
227014
521329
487706
734897
548020
322118
832812
109026
15507
641637
766578
96650
185663
764280
650775
243503
962719
733782
437045
746983
996405
249117
87411
205636
807188
35738
922962
79950
775372
900684
327568
325584
26418
432239
216145
127238
760286
507277
580320
490707
482711
659972
624121
279945
966952
609814
166239
483313
844237
639725
404705
804183
215706
570167
910533
319699
13899
397185
832627
417668
974331
161210
968666
434447
238048
683831
120653
288032
658722
817099
491622
685384
271758
85944
100196
29506
948862
394125
833085
479266
506145
82438
761705
486870
721407
709558
213709
810954
400527
178393
132371
429061
467134
62974
867608
266626
671455
74332
707310
258400
51793
113249
51916
599781
448765
562130
543940
635841
688063
936456
112800
745668
731815
117126
294816
172740
35424
966893
122760
809926
392140
794296
642839
380077
207862
810315
604830
74642
522209
940926
71120
282009
688022
291864
120240
503847
389285
35050
917243
63864
547328
585538
976826
159825
325945
377003
117605
309608
863900
804829
50524
806581
492342
962048
137172
995256
24741
416211
214241
313124
841110
628329
35353
308331
106440
972934
441657
112717
700850
4717
96914
134322
235390
247886
469252
893313
442360
762962
208718
610585
757728
540108
223421
774258
554336
300105
305474
697828
430541
95816
204590
421120
801664
254
298802
587899
113857
420164
680346
134537
63329
295350
270735
657542
231302
910153
830965
270969
321417
52829
230636
192270
191891
547236
529844
40902
613478
874823
265316
557687
556232
136291
127509
157182
158630
765539
479646
845320
663629
124164
984981
98480
32724
534030
718002
428680
789423
853759
79297
153945
236565
574694
106129
129691
368038
592540
190853
19909
576637
80215
178183
235583
372319
583113
559392
650286
936565
890011
282291
426519
802784
494096
982387
233220
738684
988769
959603
739325
586989
198110
309219
373196
890723
516321
848196
36111
903194
207880
647410
135276
764808
259302
277393
937259
742816
576327
808765
768725
339590
421691
574101
514306
503375
122185
624585
339838
380718
71413
498980
253410
95221
230050
767006
242181
562533
990544
256183
870006
418851
109876
88857
314921
365292
708503
670141
622069
360284
744575
907488
165812
678152
329190
610329
954465
561087
263388
969742
365711
70064
570280
24587
696709
214641
20118
745635
892749
223340
228477
682639
111698
746313
659336
746154
320692
998669
600396
694401
769981
236259
966561
269104
823951
605254
884652
977566
491506
390901
741345
63749
571191
298452
765644
803069
945667
678377
89012
111490
285503
519025
474862
878814
971609
896685
684054
949884
569904
984049
409232
936714
925994
134787
203086
645902
852344
774012
946474
619060
340414
324377
967259
1285
74463
910875
445782
495129
202708
774095
710391
53285
467873
484658
183585
286958
851929
180751
686234
469000
203688
768234
337777
879342
520641
340243
818742
434424
444842
182642
115243
424529
762139
995429
659965
978935
37983
120529
363332
71507
696865
81084
389524
511498
903282
120372
769601
193578
660833
585652
922954
291899
519430
442425
444134
182760
178220
464005
469423
695968
25240
607179
534285
770901
348981
135540
672225
130745
390763
364824
712285
694478
821864
225754
152961
568545
93370
419277
475624
813585
422179
975673
464631
509903
42784
484350
251594
735483
584053
182301
189758
748738
706980
269445
966343
212492
173222
28349
67931
314112
562304
179312
131055
486570
131760
633259
299999
500037
380044
373275
691983
158160
237236
693843
30158
309945
475018
258159
209874
400991
457584
128290
702981
796392
227894
585070
496335
759131
117587
960841
545424
745148
372517
593227
50825
706328
623696
147739
905925
122105
354297
92794
272880
583432
658756
518647
814922
986796
257222
200157
817983
911828
638167
731719
611584
159608
687771
497790
714731
827219
265546
651131
835675
969419
824256
152555
38714
274756
25412
853709
665544
996034
621699
95330
143522
611825
986194
855965
666067
961519
821828
621735
385161
547908
369965
580043
635206
360280
305106
434557
528721
654458
990070
633560
464252
916510
888958
857831
518957
359796
987097
233372
535966
785187
30968
784947
386073
616161
355890
11184
984218
75948
291333
120938
724572
294253
275277
112107
935315
185027
723269
440323
961038
481712
680114
230037
898809
498016
847531
351451
53819
948264
221766
456581
131072
270982
539921
486209
608286
221744
832910
804720
86728
540922
625046
623919
289741
185646
630444
992547
144985
725318
779640
122546
225786
509625
460077
364320
788823
99274
188517
354332
591953
656865
113738
908160
91328
554316
783818
853354
477312
968816
934922
299581
335017
536173
29582
74786
930249
279110
372330
948402
225060
433489
183986
324116
124977
694950
9327
236415
268349
280761
799674
974691
340678
960717
522319
68859
780336
482161
492467
538932
468696
306485
957624
385712
950844
957776
330800
155715
438801
748268
273993
866095
620872
688886
464083
907517
688698
105735
979403
416148
920563
328583
932372
66717
122840
304742
140330
650339
541670
289273
279588
772552
245933
387247
737709
614477
701012
189458
606786
272492
129728
517402
487943
583685
17520
86388
957175
37719
589154
71444
294016
609951
286186
930293
229237
283468
720141
403803
790239
826349
181491
352342
402230
650594
29264
139632
457624
331057
536169
245660
312972
245595
882943
658827
550434
230006
87308
671451
668348
14378
636154
175420
698680
359063
842677
435641
889736
36174
339664
962724
581144
97585
520651
952502
942716
134009
274206
480957
911962
216610
968277
380441
998185
275562
310198
548586
554975
813304
704021
77875
930389
780268
701962
682546
227927
917776
732957
537102
618508
448035
215020
357691
396295
925929
789486
282431
27469
250721
699738
371129
145261
554285
673812
763749
993017
341914
970297
425004
658840
39211
217071
374595
842071
949001
863230
551279
930338
644193
817820
278318
198361
976032
557588
257007
454227
97043
389464
662860
338741
187307
751439
300483
372274
178821
124115
948812
28840
636139
480451
397023
959323
826975
949077
495562
614618
22274
363805
140162
730283
347499
626485
110238
477095
646280
748258
212993
997183
527392
188337
822557
422709
881952
224404
504621
494845
993136
831014
593075
745142
20099
867693
115333
143991
654264
517405
776647
369603
818600
961776
583971
953126
601303
484551
302915
330596
844692
514211
515956
367281
351188
819393
587754
577846
79804
414879
737909
972369
153154
878538
88563
158116
838028
812832
182376
745513
631079
146505
735292
719659
618263
968862
942669
156254
303734
146210
374785
314994
352221
889855
343703
427147
593486
831834
100565
888233
149507
103777
607708
789040
810001
356004
303774
670749
187275
865551
30691
743400
705029
780333
886623
472024
899288
346263
46751
619190
320234
692750
430221
653613
632953
341935
637093
852771
420589
922384
911081
643402
690592
13481
669597
515511
359709
854200
150132
248744
58967
260339
292342
587484
98409
759095
241057
89555
915431
824259
465555
265166
277366
680116
68880
820215
356718
739807
989199
369847
952235
494384
566236
221672
617338
891430
659305
125182
136422
591793
154167
47063
898166
120434
397179
899975
272819
962081
379607
786067
989215
915349
935973
449723
476132
18436
350587
319643
877332
594334
255769
124979
936149
406081
569870
913751
812955
541721
436083
584495
324004
730958
283391
850355
663267
484207
70922
628832
547296
495725
522944
65399
466424
313467
116088
822743
887151
848941
841645
293635
11662
722744
998275
516447
489652
765056
477682
398875
14158
212921
855299
211298
315685
690502
363873
776659
895030
861945
859963
174860
320777
40069
252370
576550
433952
792595
750989
277701
754781
735788
100021
542775
733130
54175
405557
941802
941528
891519
16829
114283
190535
280329
388730
770826
662373
13622
630001
777105
76982
575147
955627
825832
571700
82618
326697
390796
108054
915887
702061
899535
661866
411197
240767
866180
740164
407311
465688
28485
994394
809088
149940
486421
15790
881434
649658
913118
976735
807812
16322
719486
27169
313893
243612
183467
349301
972430
114018
477325
360600
50379
453540
942912
401587
978856
755641
352083
207230
859638
177500
976632
615370
955732
289248
244121
870666
882743
704051
481128
927502
999394
267426
689018
184498
718758
899492
754680
842866
114851
638826
741479
473684
487942
270523
851496
318555
828889
885939
436873
919696
147394
42055
297423
630009
571951
402913
864947
728016
176849
147094
576418
845905
252759
299997
711551
36702
555274
439351
858573
716050
439482
301378
865260
133655
634792
798649
969195
108083
396561
283382
872295
693589
627310
228676
395933
29115
794561
801805
391257
177902
800286
848745
194279
486054
340444
735002
481181
553520
729999
211544
551380
677113
440770
120653
519635
52898
854438
9077
698749
6894
476802
769470
537442
875314
749134
881837
788845
336629
348077
463995
171324
130393
234493
788007
767917
482094
144096
997884
816994
549228
133326
814073
80525
509797
340000
222267
903318
713090
484516
959878
949037
415835
64943
993573
970218
745983
29406
465239
526964
984598
126310
227122
614164
214880
453070
815880
460728
702740
327807
949128
171882
890448
370776
721856
646161
243185
566217
687839
925887
652413
79781
54913
300960
846741
170404
620174
749157
120759
318436
902135
879275
411347
897327
780962
998799
304553
912711
91964
291498
584012
911049
557926
625690
831625
466442
509274
592620
328389
369639
398048
478699
471802
852420
309372
160295
920288
244956
378861
770326
479391
318224
799050
944290
814465
406531
361867
170792
898493
914423
212132
548739
75023
856111
209381
638490
913973
208480
864711
847723
842819
442662
398237
463914
294181
804886
283073
524054
23389
493960
768688
396930
136846
725006
390140
559314
563168
778881
782183
952066
721583
993277
962161
955177
210624
347263
880783
962089
824137
381124
516142
324027
189552
823588
92015
163643
697531
228924
772740
277282
235000
204996
109584
414428
445702
532700
750852
610211
302822
763454
22181
677789
181582
928699
921154
438623
5794
307255
3799
199312
448098
43408
891068
116821
20692
819046
95505
660644
790120
26237
496998
912773
954755
450954
659891
809873
901448
682159
271045
638252
668158
287239
565634
734316
924690
46306
152165
203625
471475
614164
728807
195579
654519
297488
641187
871604
541351
455496
389353
670134
924050
578592
107624
810886
655475
943600
743495
858961
197492
754733
104598
282900
303280
233825
866587
86977
218781
891469
498780
95986
571452
630978
788615
659676
891101
208798
830792
559861
81694
160857
495458
769309
46564
452246
187721
853761
15283
347696
222734
302090
315170
337397
714200
187335
857982
406017
650242
783837
951728
350905
986921
889515
94609
53030
752242
189659
703434
654854
922887
459675
438023
24531
2539
393352
529079
570436
264761
749101
833879
904652
370473
937903
573657
97768
394109
835808
5076
912327
727233
225870
555524
978703
169371
872918
122504
97013
295605
708149
479557
146769
566219
923390
187095
323452
673048
721620
57636
497364
425536
542292
784217
434329
951399
234693
51558
8454
969894
385446
654002
36591
461213
448266
964042
799254
678026
762496
202611
27762
642378
653669
305124
931139
843089
510710
825696
881740
277887
134383
56565
674934
675993
632119
21000
324610
341838
934277
736561
242019
903897
650954
29671
623352
689966
277267
298650
785157
917554
93154
101111
747941
325020
407078
970492
365477
582917
79752
976576
113963
965378
59421
299115
606467
637330
951851
728843
780861
476447
701508
511696
85981
504368
247062
152131
158871
549733
303409
741802
37335
266784
950008
445745
942081
834616
461152
199479
707205
874511
455838
696852
887557
723077
921863
101008
725824
270783
626418
584714
706829
981730
309671
126779
275187
800236
948624
985077
94184
578285
361984
481134
205427
631344
621728
35295
23772
100227
213088
304906
130374
949085
783590
865062
601914
858890
571274
250456
274350
359001
999488
554085
839747
81659
129829
179916
116578
526281
337330
207106
906464
240
119553
942236
357716
720925
555413
133605
612665
684918
906723
743099
49225
356720
968871
294827
612713
474263
614261
815478
15734
875623
677268
672006
83986
116977
811147
422854
722427
920549
630027
655160
492041
872573
833041
953561
317719
155051
535117
225967
455035
283187
303623
761874
331424
416953
49693
713683
440306
526263
873032
893021
539332
924739
382159
108249
853268
467267
567582
57183
911570
18721
889117
160491
974141
891259
450412
182375
262347
920593
906715
553344
812858
496057
560605
841192
528066
986476
98011
945266
991681
713797
983532
19736
839866
553953
902261
366226
848930
838867
446213
443481
69333
164088
212072
949101
61357
471086
951730
5201
739165
553521
303052
91418
934312
687439
303464
24332
946483
309471
465752
297942
914624
157641
907154
545806
946238
126427
446960
35101
428893
621684
141273
842146
292661
417702
504673
512807
928204
927108
171819
85305
561776
284876
637565
834149
336184
842831
367227
58087
931685
15804
336874
247184
203099
975291
241092
598902
215704
21608
575850
399976
299201
565506
87873
56768
745650
378866
680818
522121
535475
466054
162948
261133
345220
894993
445526
702202
658681
168686
236724
352902
509814
747080
718428
126807
321255
593109
911658
750231
415978
689952
860890
274894
160305
462389
547910
930768
36704
641833
90292
671755
609549
315208
108658
830500
208669
679094
850843
368083
138043
944545
1236
820891
117722
452186
553118
615412
692876
413636
102789
680864
608593
9127
1661
296609
389962
137555
556948
177771
493688
312086
397984
302803
234927
971502
565665
963207
666843
394480
625395
915641
170401
455175
662600
274545
552047
510992
141775
926139
42480
846745
189595
804445
76408
666445
554774
590796
853454
603994
618870
629507
427113
971269
924719
316164
918598
951878
374577
134153
328588
339288
429915
506139
150874
59748
206824
768814
116808
174310
415507
812033
303546
832034
619132
31374
12099
562664
724019
977087
539659
177615
719589
46453
120559
709642
223897
969952
397861
109678
234174
751244
115279
598183
201077
185902
427433
899855
586731
418674
211423
578355
680866
107656
391635
809160
306029
443296
448228
997053
858374
883851
924651
641790
463325
60906
594940
977648
458596
723274
779939
332373
608153
102415
468806
495580
322919
841436
830926
606435
50655
565917
136852
761385
567663
468623
328092
929246
941433
104621
135190
285798
737756
721947
978145
549892
73619
457683
513777
949848
605717
959411
892566
301000
523948
109323
868691
214534
26420
944845
433892
206389
223950
684516
202906
479567
40589
633491
546994
609911
307758
718084
619394
929460
568355
803751
341691
678572
352150
838861
32749
643158
951185
143022
611290
778500
220085
30273
974366
645931
475423
297178
22174
93037
530180
28212
429701
826086
893827
462208
906964
77177
601459
506454
626960
404371
908870
541138
521390
795842
443904
243412
467382
323143
520600
510759
372948
435139
502563
222769
746074
839533
919363
205454
138183
462425
680506
269995
776610
17173
725743
609979
445921
266269
823397
345942
142602
60236
676428
483475
610825
782960
767170
317452
225982
709281
445306
963532
614648
460499
375603
883648
42641
702919
592081
226696
384504
352396
554170
404231
149897
358961
922043
408815
521318
265110
507727
333351
332747
891242
425838
777167
538708
613523
905557
237930
252627
4251
283891
672632
929143
37960
912820
915120
422489
679548
194746
26347
189609
910043
441441
152123
23622
78169
342033
345310
932712
30242
808720
140694
91223
413585
151592
328589
749242
732377
574237
717631
653058
486734
612102
650282
741505
15783
756473
485278
401090
232977
364775
42178
778043
879111
356307
806340
916242
259703
654524
35903
337456
657233
162240
957831
521212
998215
526618
974925
610503
443410
346825
468009
254732
391141
650919
569225
916351
94543
636528
133315
437389
405729
832914
809381
753034
633414
916023
84732
434630
102740
877763
727956
163931
787782
332443
443848
301873
23867
314870
944241
104599
641608
289897
876520
97359
976565
404700
748613
860789
618980
300152
253810
866908
654893
636871
472156
801698
449624
447856
306944
853447
810344
114069
934205
413344
337091
155577
317259
736398
604751
489351
956030
971659
204382
217627
18694
539990
418256
740813
842799
438419
313082
177249
115515
878802
606776
141880
624301
482607
488600
258166
988230
610705
25375
433864
517969
868185
671577
346563
925983
951034
405744
102105
371436
845547
867386
719573
180471
994646
569563
381221
931068
899996
317603
968488
757696
577664
131
227016
446147
279196
479354
56633
743124
789116
784048
465663
458979
940185
401446
65367
59527
794715
86636
327007
282306
788878
267921
518627
805016
838108
1686
992620
50995
299133
579230
373327
877208
455974
791383
332869
579755
213203
260658
295611
191707
614260
890491
754828
904773
224896
611943
173862
223147
206377
259794
162492
480561
141077
799678
809853
186305
871752
836562
659041
920543
27679
175118
75777
33364
987226
795496
191866
659433
763735
878163
484720
610450
569277
182902
872613
547495
109821
198940
346224
913960
260372
874698
352648
968940
738042
964118
616584
320669
329951
236433
795900
262176
486968
75486
535584
334840
114836
824871
674645
625199
856611
942796
562021
392914
964075
471496
335761
827981
964428
285536
789618
589681
838740
311885
251662
986267
31667
917290
331709
688132
399721
816759
930301
994265
712318
766833
519687
936047
952089
812853
794485
824150
479842
467146
914347
184771
909874
640152
121926
367828
992595
790237
737278
320280
205901
787439
689431
443000
672120
475914
478142
334237
351505
617604
987053
51867
655124
907370
260810
780434
61029
989630
582655
806732
557747
180468
423290
97305
328534
148457
818602
924953
637925
421489
217839
224633
254426
787861
607168
890699
800148
37047
764595
464861
428134
559119
627268
94395
328763
181175
894589
473070
549625
779423
492006
218001
716266
340711
501923
441985
552605
209144
947565
194244
798252
259380
327342
459267
446129
503663
261687
149666
435814
798017
4519
924760
30188
133628
49345
940794
924495
580097
632390
481815
239630
645226
299570
386048
891443
121572
842678
747524
147551
853855
272617
608865
731007
287118
515753
485021
535370
631964
709541
847883
709777
248370
550024
457896
365348
623911
50949
372212
301639
70518
335970
158198
223999
892548
114799
801896
264782
198533
932837
148551
306014
290388
36315
269978
578393
171473
285760
613464
615923
37209
391773
294057
621416
562297
831340
146209
557674
851766
993540
193657
972660
304720
111215
310527
384090
225687
828375
541708
246738
595035
71594
160657
409713
409314
812200
983782
288718
991734
109977
187260
154359
295969
913084
941089
430786
628107
39622
186535
586162
295713
279821
20426
117283
95732
707834
191317
106442
693554
83388
118611
114028
316449
774678
893652
838367
202460
787116
824417
799226
636764
472295
649083
817049
278214
549655
947709
808682
684353
447970
35828
757513
553184
496878
627336
92344
664434
126837
721324
882392
807634
498281
935026
621971
907581
106346
504700
255544
656828
330320
551099
614137
3089
800952
466666
423667
698151
595715
144782
558588
455690
599641
655298
114480
228225
878805
962136
741165
502306
648426
861619
77520
294004
286917
596050
471124
201593
985564
900761
328737
602990
359127
608377
523894
769511
579245
56089
830115
769769
359468
564545
312901
449118
997583
159974
726365
748850
940556
13937
142887
585550
981377
878923
96208
67787
558407
294425
105085
925444
454777
266465
964491
684919
850052
385673
768270
837258
66924
608399
924261
955958
631502
923750
630783
74890
835092
874960
678865
314745
972114
92519
555204
985416
275427
408676
864100
619191
324044
275445
577261
245649
977497
508560
143678
301899
234678
624582
197545
856440
36308
530252
406173
553871
511633
388585
353941
659495
590537
241468
791847
730844
223152
341333
751381
510048
8978
977492
371022
767746
435472
967274
210917
949932
64160
446285
558581
319055
148379
623295
354541
337479
620607
670181
963258
739336
244590
909354
342090
193496
908706
932228
791650
132060
652268
888538
807446
467926
46060
298357
665681
59591
502203
304637
805387
689590
968714
570534
388605
3361
87728
294763
979648
167346
368714
519309
32301
952766
212711
997430
66951
618773
60089
526124
51451
468438
939947
848227
409775
979270
835198
464336
231603
884701
415199
919557
345868
236546
286036
190554
503720
646562
300713
505901
709041
257730
68363
391149
145827
180438
149488
583944
848967
381173
445339
386413
20149
844424
20778
846265
912958
894192
516169
821694
628423
778750
160351
958940
437973
504439
575257
218582
340884
701020
656253
138999
502280
132732
994684
382073
658318
715895
846628
675140
588425
181277
812403
144839
293885
970829
297232
301781
80763
817922
221402
903024
599584
447758
793879
589496
518017
721568
123529
95683
594957
294347
475356
951472
975689
34064
226691
892162
305514
219107
838699
510855
564719
73657
149401
907849
801511
113941
466543
594413
823868
697994
442426
684834
881522
105488
837600
289734
585216
790283
921319
8089
769488
347662
419159
605796
765177
283614
782156
609248
277376
830418
213993
926694
48827
708449
128684
647161
959479
87807
782561
135243
368777
29019
804431
119875
153637
748576
513523
387763
640860
192268
824018
951325
636314
297130
561465
548941
308924
656554
299147
557559
910620
603648
150113
921237
764574
864966
175665
681886
324277
24905
34580
254630
41176
13630
668289
694768
269096
946289
343197
703750
414886
526495
780871
975180
929168
689292
583884
654447
882007
868846
737256
655063
332187
736670
765681
447266
36364
886792
986024
343064
922536
632139
534832
716828
572189
162909
74548
941527
409086
469414
662303
870223
444605
923986
660480
711356
501474
307814
545036
708915
770895
358478
409793
693860
409611
834761
826216
255938
860346
812330
982322
390134
152663
715457
742315
252599
379208
885665
111045
787182
16415
314137
743222
518219
554355
869638
10584
205841
840945
565863
917553
686746
275981
790545
731751
451250
904542
59522
94286
287488
787432
657296
101592
743919
288631
576565
778398
812239
167404
248248
337612
30068
504
750499
85783
688533
622248
295252
497636
91537
935546