========================================================
                 MONOPOLY-LK Simulation
========================================================

Player 1 : Aggressive Investor
Player 2 : Conservative Banker
Player 3 : Risk Taker
Player 4 : Opportunistic Trader

Each player begins with LKR 30000.

Aggressive Investor rolls 9.
Conservative Banker rolls 8.
Risk Taker rolls 7.
Opportunistic Trader rolls 11.

Opportunistic Trader will begin the game.

Turn order:
Opportunistic Trader
Aggressive Investor
Conservative Banker
Risk Taker

Opportunistic Trader rolled 9.
Opportunistic Trader moves from Square 1 to Square 10.

Opportunistic Trader Landed on Mount Lavinia.

Auction Started.
Property :
	Mount Lavinia
Opening Bid : 
	LKR 1500.

Bidders : [ <Opportunistic Trader>  <Conservative Banker>  <Risk Taker> ]

Opportunistic Trader bids LKR 1750.
Conservative Banker bids LKR 2000.
Risk Taker bids LKR 2250.

Opportunistic Trader bids LKR 2500.
Conservative Banker bids LKR 2750.
Risk Taker bids LKR 3000.

Opportunistic Trader withdraws.
Conservative Banker withdraws.
Risk Taker bids LKR 3250.

Risk Taker wins the auction.
Risk Taker purchased Mount Lavinia for LKR 3250.
Remaining Balance : LKR 26750.

Aggressive Investor rolled 5.
Aggressive Investor moves from Square 1 to Square 6.

Aggressive Investor Landed on Colombo Fort Railway Station.

Aggressive Investor purchased Colombo Fort Railway Station for LKR 1500.
Remaining Balance : LKR 28500.

Conservative Banker rolled 6.
Conservative Banker moves from Square 1 to Square 7.

Conservative Banker Landed on Bambalapitiya.

Conservative Banker purchased Bambalapitiya for LKR 2500.
Remaining Balance : LKR 27500.

Risk Taker rolled 7.
Risk Taker moves from Square 1 to Square 8.

Risk Taker Landed on National Event Cards.

Risk Taker draws Tourism Hype Card.
Hotels earn double rent for 5 rounds.

Opportunistic Trader rolled 10.
Opportunistic Trader moves from Square 10 to Square 20.

Opportunistic Trader Landed on Ja-Ela.

Auction Started.
Property :
	Ja-Ela
Opening Bid : 
	LKR 2500.

Bidders : [ <Opportunistic Trader>  <Conservative Banker>  <Risk Taker> ]

Opportunistic Trader bids LKR 2750.
Conservative Banker bids LKR 3000.
Risk Taker bids LKR 3250.

Opportunistic Trader bids LKR 3500.
Conservative Banker bids LKR 3750.
Risk Taker bids LKR 4000.

Opportunistic Trader bids LKR 4250.
Conservative Banker bids LKR 4500.
Risk Taker bids LKR 4750.

Opportunistic Trader withdraws.
Conservative Banker withdraws.
Risk Taker bids LKR 5000.

Risk Taker wins the auction.
Risk Taker purchased Ja-Ela for LKR 5000.
Remaining Balance : LKR 21750.

Aggressive Investor rolled 2.
Aggressive Investor moves from Square 6 to Square 8.

Aggressive Investor Landed on National Event Cards.

Aggressive Investor draws Fuel Shortage Card.
Railway rent doubles for 5 rounds.

Conservative Banker rolled 6.
Conservative Banker moves from Square 7 to Square 13.

Conservative Banker Landed on Ceylon Electricity Board.

Conservative Banker purchased Ceylon Electricity Board for LKR 1500.
Remaining Balance : LKR 26000.

Risk Taker rolled 7.
Risk Taker moves from Square 8 to Square 15.

Risk Taker Landed on Kottawa.

Risk Taker purchased Kottawa for LKR 4000.
Remaining Balance : LKR 17750.

Opportunistic Trader rolled 4.
Opportunistic Trader moves from Square 20 to Square 24.

Opportunistic Trader Landed on Peradeniya.

Auction Started.
Property :
	Peradeniya
Opening Bid : 
	LKR 2900.

Bidders : [ <Opportunistic Trader>  <Conservative Banker>  <Risk Taker> ]

Opportunistic Trader bids LKR 3150.
Conservative Banker bids LKR 3400.
Risk Taker bids LKR 3650.

Opportunistic Trader bids LKR 3900.
Conservative Banker bids LKR 4150.
Risk Taker bids LKR 4400.

Opportunistic Trader bids LKR 4650.
Conservative Banker bids LKR 4900.
Risk Taker bids LKR 5150.

Opportunistic Trader bids LKR 5400.
Conservative Banker bids LKR 5650.
Risk Taker bids LKR 5900.

Opportunistic Trader withdraws.
Conservative Banker withdraws.
Risk Taker bids LKR 6150.

Risk Taker wins the auction.
Risk Taker purchased Peradeniya for LKR 6150.
Remaining Balance : LKR 11600.

Aggressive Investor rolled 7.
Aggressive Investor moves from Square 8 to Square 15.

Aggressive Investor Landed on Kottawa.

Rent Paid : LKR 600.
Owner : Risk Taker.

Conservative Banker rolled 10.
Conservative Banker moves from Square 13 to Square 23.

Conservative Banker Landed on National Event Card.

Conservative Banker draws Heavy Floods Card.
Random coastal property damaged.

Flood occurred.
Affected Property : 
	Mount Lavinia

Mount Lavinia isn't insured.

Risk Taker Paid the repair cost : LKR 300.

Risk Taker rolled 12.
Risk Taker moves from Square 15 to Square 27.

Risk Taker Landed on Galle Fort.

Risk Taker purchased Galle Fort for LKR 6500.
Remaining Balance : LKR 5400.

Opportunistic Trader rolled 11.
Opportunistic Trader moves from Square 24 to Square 35.

Opportunistic Trader Landed on Trincomalee.

Auction Started.
Property :
	Trincomalee
Opening Bid : 
	LKR 4250.

Bidders : [ <Opportunistic Trader>  <Conservative Banker>  <Risk Taker> ]

Opportunistic Trader bids LKR 4500.
Conservative Banker bids LKR 4750.
Risk Taker bids LKR 5000.

Opportunistic Trader bids LKR 5250.
Conservative Banker bids LKR 5500.
Risk Taker withdraws.

Opportunistic Trader bids LKR 5750.
Conservative Banker bids LKR 6000.

Opportunistic Trader bids LKR 6250.
Conservative Banker bids LKR 6500.

Opportunistic Trader bids LKR 6750.
Conservative Banker bids LKR 7000.

Opportunistic Trader bids LKR 7250.
Conservative Banker bids LKR 7500.

Opportunistic Trader bids LKR 7750.
Conservative Banker bids LKR 8000.

Opportunistic Trader bids LKR 8250.
Conservative Banker withdraws.

Opportunistic Trader wins the auction.
Opportunistic Trader purchased Trincomalee for LKR 8250.
Remaining Balance : LKR 21750.

Aggressive Investor rolled 11.
Aggressive Investor moves from Square 15 to Square 26.

Aggressive Investor Landed on Galle Railway Station.

Aggressive Investor purchased Galle Railway Station for LKR 1500.
Remaining Balance : LKR 26400.

Conservative Banker rolled 8.
Conservative Banker moves from Square 23 to Square 31.

Conservative Banker Landed on Go To Jail.

Conservative Banker is in Jail.
Conservative Banker moves from Square 31 to Square 11.

Risk Taker rolled 8.
Risk Taker moves from Square 27 to Square 35.

Risk Taker Landed on Trincomalee.

Rent Paid : LKR 800.
Owner : Opportunistic Trader.

Opportunistic Trader rolled 5.
Opportunistic Trader moves from Square 35 to Square 40.

Opportunistic Trader Landed on Galle Face.

Auction Started.
Property :
	Galle Face
Opening Bid : 
	LKR 6000.

Bidders : [ <Opportunistic Trader>  <Aggressive Investor> ]

Opportunistic Trader bids LKR 6250.
Aggressive Investor bids LKR 6500.

Opportunistic Trader bids LKR 6750.
Aggressive Investor bids LKR 7000.

Opportunistic Trader bids LKR 7250.
Aggressive Investor bids LKR 7500.

Opportunistic Trader bids LKR 7750.
Aggressive Investor bids LKR 8000.

Opportunistic Trader bids LKR 8250.
Aggressive Investor bids LKR 8500.

Opportunistic Trader bids LKR 8750.
Aggressive Investor bids LKR 9000.

Opportunistic Trader bids LKR 9250.
Aggressive Investor bids LKR 9500.

Opportunistic Trader bids LKR 9750.
Aggressive Investor bids LKR 10000.

Opportunistic Trader bids LKR 10250.
Aggressive Investor bids LKR 10500.

Opportunistic Trader bids LKR 10750.
Aggressive Investor bids LKR 11000.

Opportunistic Trader bids LKR 11250.
Aggressive Investor bids LKR 11500.

Opportunistic Trader bids LKR 11750.
Aggressive Investor bids LKR 12000.

Opportunistic Trader withdraws.
Aggressive Investor bids LKR 12250.

Aggressive Investor wins the auction.
Aggressive Investor purchased Galle Face for LKR 12250.
Remaining Balance : LKR 14150.

Aggressive Investor rolled 8.
Aggressive Investor moves from Square 26 to Square 34.

Aggressive Investor Landed on Ceylinco Insurance.

Risk Taker rolled 11.
Risk Taker moves from Square 35 to Square 6.

Risk Taker passed GO.
Collected LKR 2000.
Current Balance LKR 6600.

Risk Taker Landed on Colombo Fort Railway Station.

Rent Paid : LKR 1000.
Owner : Aggressive Investor.

Opportunistic Trader rolled 7.
Opportunistic Trader moves from Square 40 to Square 7.

Opportunistic Trader passed GO.
Collected LKR 2000.
Current Balance LKR 24550.

Opportunistic Trader Landed on Bambalapitiya.

Rent Paid : LKR 180.
Owner : Conservative Banker.

Aggressive Investor rolled 5.
Aggressive Investor moves from Square 34 to Square 39.

Aggressive Investor Landed on Bank of Ceylon.

Aggressive Investor obtained a secured loan.
Loan Amount : LKR 5625.
Outstanding Loan Amount : LKR 5625.

Collateral : 
	Colombo Fort Railway Station
	Galle Railway Station
	Galle Face

Interest Rate : 8.00%.
Duration : 20.

Risk Taker rolled 5.
Risk Taker moves from Square 6 to Square 11.

Risk Taker Landed on Jail (Just Visiting).

Opportunistic Trader rolled 7.
Opportunistic Trader moves from Square 7 to Square 14.

Opportunistic Trader Landed on Maharagama.

Auction Started.
Property :
	Maharagama
Opening Bid : 
	LKR 1900.

Bidders : [ <Opportunistic Trader>  <Risk Taker> ]

Opportunistic Trader bids LKR 2150.
Risk Taker bids LKR 2400.

Opportunistic Trader bids LKR 2650.
Risk Taker bids LKR 2900.

Opportunistic Trader bids LKR 3150.
Risk Taker bids LKR 3400.

Opportunistic Trader bids LKR 3650.
Risk Taker bids LKR 3900.

Opportunistic Trader withdraws.
Risk Taker bids LKR 4150.

Risk Taker wins the auction.
Risk Taker purchased Maharagama for LKR 4150.
Remaining Balance : LKR 1450.

Aggressive Investor rolled 6.
Aggressive Investor moves from Square 39 to Square 5.

Aggressive Investor passed GO.
Collected LKR 2000.
Current Balance LKR 22775.

Aggressive Investor Landed on Income Tax.

Income Tax Amount : LKR 4755.
Aggressive Investor paid Full Income Tax Amount.
Remaining Balance : LKR 18020.

Conservative Banker got out of Jail after spending 3 turns idle.

Conservative Banker rolled 5.
Conservative Banker moves from Square 11 to Square 16.

Conservative Banker Landed on Kandy Railway Station.

Conservative Banker purchased Kandy Railway Station for LKR 1500.
Remaining Balance : LKR 24680.

Risk Taker rolled 5.
Risk Taker moves from Square 11 to Square 16.

Risk Taker Landed on Kandy Railway Station.

Rent Paid : LKR 250.
Owner : Conservative Banker.

Opportunistic Trader rolled 3.
Opportunistic Trader moves from Square 14 to Square 17.

Opportunistic Trader Landed on Negombo.

Auction Started.
Property :
	Negombo
Opening Bid : 
	LKR 2250.

Bidders : [ <Opportunistic Trader>  <Conservative Banker> ]

Opportunistic Trader bids LKR 2500.
Conservative Banker bids LKR 2750.

Opportunistic Trader bids LKR 3000.
Conservative Banker bids LKR 3250.

Opportunistic Trader bids LKR 3500.
Conservative Banker bids LKR 3750.

Opportunistic Trader bids LKR 4000.
Conservative Banker bids LKR 4250.

Opportunistic Trader withdraws.

Conservative Banker wins the auction.
Conservative Banker purchased Negombo for LKR 4250.
Remaining Balance : LKR 20680.

Aggressive Investor rolled 5.
Aggressive Investor moves from Square 5 to Square 10.

Aggressive Investor Landed on Mount Lavinia.

Rent Paid : LKR 440.
Owner : Risk Taker.

Conservative Banker rolled 10.
Conservative Banker moves from Square 16 to Square 26.

Conservative Banker Landed on Galle Railway Station.

Rent Paid : LKR 1000.
Owner : Aggressive Investor.

Risk Taker rolled 9.
Risk Taker moves from Square 16 to Square 25.

Risk Taker Landed on Katugastota.

Auction Started.
Property :
	Katugastota
Opening Bid : 
	LKR 3000.

Bidders : [ <Opportunistic Trader>  <Conservative Banker> ]

Opportunistic Trader bids LKR 3250.
Conservative Banker bids LKR 3500.

Opportunistic Trader bids LKR 3750.
Conservative Banker bids LKR 4000.

Opportunistic Trader bids LKR 4250.
Conservative Banker bids LKR 4500.

Opportunistic Trader bids LKR 4750.
Conservative Banker bids LKR 5000.

Opportunistic Trader bids LKR 5250.
Conservative Banker bids LKR 5500.

Opportunistic Trader bids LKR 5750.
Conservative Banker withdraws.

Opportunistic Trader wins the auction.
Opportunistic Trader purchased Katugastota for LKR 5750.
Remaining Balance : LKR 18620.

Opportunistic Trader rolled 8.
Opportunistic Trader moves from Square 17 to Square 25.

Opportunistic Trader Landed on Katugastota.

Aggressive Investor rolled 7.
Aggressive Investor moves from Square 10 to Square 17.

Aggressive Investor Landed on Negombo.

Rent Paid : LKR 350.
Owner : Conservative Banker.

Conservative Banker rolled 5.
Conservative Banker moves from Square 26 to Square 31.

Conservative Banker Landed on Go To Jail.

Conservative Banker is in Jail.
Conservative Banker moves from Square 31 to Square 11.

Risk Taker rolled 5.
Risk Taker moves from Square 25 to Square 30.

Risk Taker Landed on Hikkaduwa.

Auction Started.
Property :
	Hikkaduwa
Opening Bid : 
	LKR 3500.

Bidders : [ <Opportunistic Trader> ]

Opportunistic Trader bids LKR 3500.

Opportunistic Trader wins the auction.
Opportunistic Trader purchased Hikkaduwa for LKR 3500.
Remaining Balance : LKR 15120.

Opportunistic Trader rolled 6.
Opportunistic Trader moves from Square 25 to Square 31.

Opportunistic Trader Landed on Go To Jail.

Opportunistic Trader is in Jail.
Opportunistic Trader moves from Square 31 to Square 11.

Aggressive Investor rolled 8.
Aggressive Investor moves from Square 17 to Square 25.

Aggressive Investor Landed on Katugastota.

Rent Paid : LKR 500.
Owner : Opportunistic Trader.

Conservative Banker got out of Jail by paying bail of LKR 300.

Conservative Banker rolled 7.
Conservative Banker moves from Square 11 to Square 18.

Conservative Banker Landed on Sri Lanka Insurance.

Comprehensive Insurance purchased.
Property : Bambalapitiya.
Premium : LKR 250.

Comprehensive Insurance purchased.
Property : Negombo.
Premium : LKR 450.

Risk Taker rolled 4.
Risk Taker moves from Square 30 to Square 34.

Risk Taker Landed on Ceylinco Insurance.

Basic Property Insurance purchased.
Property : Mount Lavinia.
Premium : LKR 150.

Comprehensive Insurance purchased.
Property : Maharagama.
Premium : LKR 380.

Basic Property Insurance purchased.
Property : Kottawa.
Premium : LKR 200.

Basic Property Insurance purchased.
Property : Ja-Ela.
Premium : LKR 250.

Basic Property Insurance purchased.
Property : Peradeniya.
Premium : LKR 290.

Basic Property Insurance purchased.
Property : Galle Fort.
Premium : LKR 325.

Aggressive Investor rolled 8.
Aggressive Investor moves from Square 25 to Square 33.

Aggressive Investor Landed on Nallur.

Auction Started.
Property :
	Nallur
Opening Bid : 
	LKR 4150.

Bidders : [ <Conservative Banker> ]

Conservative Banker bids LKR 4150.

Conservative Banker wins the auction.
Conservative Banker purchased Nallur for LKR 4150.
Remaining Balance : LKR 14880.

Conservative Banker rolled 7.
Conservative Banker moves from Square 18 to Square 25.

Conservative Banker Landed on Katugastota.

Rent Paid : LKR 500.
Owner : Opportunistic Trader.

Risk Taker rolled 9.
Risk Taker moves from Square 34 to Square 3.

Risk Taker passed GO.
Collected LKR 2000.
Current Balance LKR 2045.

Risk Taker Landed on Community Development Fund.

Community Development Fund Amount : LKR 2810.
Risk Taker partially paid Community Development Fund.
Remaining Balance : LKR 0.

Aggressive Investor rolled 6.
Aggressive Investor moves from Square 33 to Square 39.

Aggressive Investor Landed on Bank of Ceylon.

Aggressive Investor repaid LKR 6075.
Outstanding Balance : 
	LKR 0.

Conservative Banker rolled 8.
Conservative Banker moves from Square 25 to Square 33.

Conservative Banker Landed on Nallur.

Risk Taker rolled 9.
Risk Taker moves from Square 3 to Square 12.

Risk Taker Landed on Nugegoda.

Auction Started.
Property :
	Nugegoda
Opening Bid : 
	LKR 1750.

Bidders : [ <Conservative Banker> ]

Conservative Banker bids LKR 1750.

Conservative Banker wins the auction.
Conservative Banker purchased Nugegoda for LKR 1750.
Remaining Balance : LKR 12630.

Opportunistic Trader got out of Jail after spending 3 turns idle.

Opportunistic Trader rolled 3.
Opportunistic Trader moves from Square 11 to Square 14.

Opportunistic Trader Landed on Maharagama.

Rent Paid : LKR 560.
Owner : Risk Taker.

Aggressive Investor rolled 9.
Aggressive Investor moves from Square 39 to Square 8.

Aggressive Investor passed GO.
Collected LKR 2000.
Current Balance LKR 13655.

Aggressive Investor Landed on National Event Cards.

Aggressive Investor draws Political Rally Card.
One random property closed for 2 rounds.

Maharagama is closed for 2 rounds.

Conservative Banker rolled 10.
Conservative Banker moves from Square 33 to Square 3.

Conservative Banker passed GO.
Collected LKR 2000.
Current Balance LKR 14630.

Conservative Banker Landed on Community Development Fund.

Community Development Fund Amount : LKR 1880.
Conservative Banker paid Full Community Development Fund Amount.
Remaining Balance : LKR 12750.


=================== Round 01 Summary ===================

Player : Opportunistic Trader 
	 Cash             : LKR   15560
	 Net Worth        : LKR   37060
	 Properties       :           3
	 Hotels           :           0
	 Outstanding Loan : LKR       0


Player : Aggressive Investor 
	 Cash             : LKR   13655
	 Net Worth        : LKR   28655
	 Properties       :           1
	 Hotels           :           0
	 Outstanding Loan : LKR       0

	 Active National Event Cards : 
	 Fuel Shortage            (03 rounds left)
	 Political Rally          (02 rounds left)

Player : Conservative Banker 
	 Cash             : LKR   12750
	 Net Worth        : LKR   34550
	 Properties       :           4
	 Hotels           :           0
	 Outstanding Loan : LKR       0


Player : Risk Taker 
	 Cash             : LKR     560
	 Net Worth        : LKR   27895
	 Properties       :           6
	 Hotels           :           0
	 Outstanding Loan : LKR       0

	 Active National Event Cards : 
	 Tourism Hype             (03 rounds left)

=============== Current Market Conditions ==============

Inflation :  0%         Current Loan Interest  : 8.00%

--------------------------------------------------------
Risk Taker rolled 6.
Risk Taker moves from Square 12 to Square 18.

Risk Taker Landed on Sri Lanka Insurance.

Opportunistic Trader rolled 10.
Opportunistic Trader moves from Square 14 to Square 24.

Opportunistic Trader Landed on Peradeniya.

Rent Paid : LKR 960.
Owner : Risk Taker.

Aggressive Investor rolled 12.
Aggressive Investor moves from Square 8 to Square 20.

Aggressive Investor Landed on Ja-Ela.

Rent Paid : LKR 800.
Owner : Risk Taker.

Conservative Banker rolled 5.
Conservative Banker moves from Square 3 to Square 8.

Conservative Banker Landed on National Event Cards.

Conservative Banker draws Stock Market Rise Card.
All property values increase by 10%.

Risk Taker rolled 6.
Risk Taker moves from Square 18 to Square 24.

Risk Taker Landed on Peradeniya.

Risk Taker settled outstanding taxes of LKR 765.

Opportunistic Trader rolled 6.
Opportunistic Trader moves from Square 24 to Square 30.

Opportunistic Trader Landed on Hikkaduwa.

Aggressive Investor rolled 7.
Aggressive Investor moves from Square 20 to Square 27.

Aggressive Investor Landed on Galle Fort.

Rent Paid : LKR 1200.
Owner : Risk Taker.

Conservative Banker rolled 4.
Conservative Banker moves from Square 8 to Square 12.

Conservative Banker Landed on Nugegoda.

Risk Taker rolled 8.
Risk Taker moves from Square 24 to Square 32.

Risk Taker Landed on Jaffna Town.

Auction Started.
Property :
	Jaffna Town
Opening Bid : 
	LKR 4400.

Bidders : [ <Opportunistic Trader>  <Conservative Banker> ]

Opportunistic Trader bids LKR 4650.
Conservative Banker bids LKR 4900.

Opportunistic Trader bids LKR 5150.
Conservative Banker bids LKR 5400.

Opportunistic Trader bids LKR 5650.
Conservative Banker bids LKR 5900.

Opportunistic Trader bids LKR 6150.
Conservative Banker bids LKR 6400.

Opportunistic Trader bids LKR 6650.
Conservative Banker bids LKR 6900.

Opportunistic Trader bids LKR 7150.
Conservative Banker bids LKR 7400.

Opportunistic Trader bids LKR 7650.
Conservative Banker bids LKR 7900.

Opportunistic Trader bids LKR 8150.
Conservative Banker bids LKR 8400.

Opportunistic Trader bids LKR 8650.
Conservative Banker withdraws.

Opportunistic Trader wins the auction.
Opportunistic Trader purchased Jaffna Town for LKR 8650.
Remaining Balance : LKR 5950.

Opportunistic Trader rolled 7.
Opportunistic Trader moves from Square 30 to Square 37.

Opportunistic Trader Landed on National Event Card.

Opportunistic Trader draws Economic Downturn Card.
Property values decrease by 15%.

Aggressive Investor rolled 6.
Aggressive Investor moves from Square 27 to Square 33.

Aggressive Investor Landed on Nallur.

Rent Paid : LKR 780.
Owner : Conservative Banker.

Conservative Banker rolled 7.
Conservative Banker moves from Square 12 to Square 19.

Conservative Banker Landed on Katunayake.

Conservative Banker purchased Katunayake for LKR 4394.
Remaining Balance : LKR 9136.

Risk Taker rolled 7.
Risk Taker moves from Square 32 to Square 39.

Risk Taker Landed on Bank of Ceylon.

Risk Taker obtained a secured loan.
Loan Amount : LKR 10538.
Outstanding Loan Amount : LKR 10538.

Collateral : 
	Mount Lavinia
	Maharagama
	Kottawa
	Ja-Ela
	Peradeniya
	Galle Fort

Interest Rate : 8.00%.
Duration : 20.

Opportunistic Trader rolled 3.
Opportunistic Trader moves from Square 37 to Square 40.

Opportunistic Trader Landed on Galle Face.

Rent Paid : LKR 1200.
Owner : Aggressive Investor.

Aggressive Investor rolled 4.
Aggressive Investor moves from Square 33 to Square 37.

Aggressive Investor Landed on National Event Card.

Aggressive Investor draws Housing Subsidy Card.
House construction cost reduced by 30%.

Conservative Banker rolled 6.
Conservative Banker moves from Square 19 to Square 25.

Conservative Banker Landed on Katugastota.

Rent Paid : LKR 500.
Owner : Opportunistic Trader.

Risk Taker rolled 10.
Risk Taker moves from Square 39 to Square 9.

Risk Taker passed GO.
Collected LKR 2000.
Current Balance LKR 15293.

Risk Taker Landed on Wellawatta.

Risk Taker purchased Wellawatta for LKR 2524.
Remaining Balance : LKR 12769.

Opportunistic Trader rolled 11.
Opportunistic Trader moves from Square 40 to Square 11.

Opportunistic Trader passed GO.
Collected LKR 2000.
Current Balance LKR 7250.

Opportunistic Trader Landed on Jail (Just Visiting).

Aggressive Investor rolled 10.
Aggressive Investor moves from Square 37 to Square 7.

Aggressive Investor passed GO.
Collected LKR 2000.
Current Balance LKR 14075.

Aggressive Investor Landed on Bambalapitiya.

Rent Paid : LKR 180.
Owner : Conservative Banker.

Conservative Banker rolled 10.
Conservative Banker moves from Square 25 to Square 35.

Conservative Banker Landed on Trincomalee.

Rent Paid : LKR 800.
Owner : Opportunistic Trader.

Risk Taker rolled 10.
Risk Taker moves from Square 9 to Square 19.

Risk Taker Landed on Katunayake.

Rent Paid : LKR 370.
Owner : Conservative Banker.

Opportunistic Trader rolled 6.
Opportunistic Trader moves from Square 11 to Square 17.

Opportunistic Trader Landed on Negombo.

Rent Paid : LKR 350.
Owner : Conservative Banker.

Aggressive Investor rolled 6.
Aggressive Investor moves from Square 7 to Square 13.

Aggressive Investor Landed on Ceylon Electricity Board.

Rent Paid : LKR 24.
Owner : Conservative Banker.

Conservative Banker rolled 7.
Conservative Banker moves from Square 35 to Square 2.

Conservative Banker passed GO.
Collected LKR 2000.
Current Balance LKR 10760.

Conservative Banker Landed on Pettah.

Conservative Banker purchased Pettah for LKR 1402.
Remaining Balance : LKR 9358.


=================== Round 02 Summary ===================

Player : Opportunistic Trader 
	 Cash             : LKR    7700
	 Net Worth        : LKR   35282
	 Properties       :           4
	 Hotels           :           0
	 Outstanding Loan : LKR       0

	 Active National Event Cards : 
	 Economic Downturn        (14 rounds left)

Player : Aggressive Investor 
	 Cash             : LKR   13871
	 Net Worth        : LKR   27895
	 Properties       :           1
	 Hotels           :           0
	 Outstanding Loan : LKR       0

	 Active National Event Cards : 
	 Fuel Shortage            (02 rounds left)
	 Political Rally          (01 rounds left)
	 Housing Subsidy          (14 rounds left)

Player : Conservative Banker 
	 Cash             : LKR    9358
	 Net Worth        : LKR   35534
	 Properties       :           6
	 Hotels           :           0
	 Outstanding Loan : LKR       0

	 Active National Event Cards : 
	 Stock Market Rise        (14 rounds left)

Player : Risk Taker 
	 Cash             : LKR   12399
	 Net Worth        : LKR   29815
	 Properties       :           7
	 Hotels           :           0
	 Outstanding Loan : LKR   11381

	 Active National Event Cards : 
	 Tourism Hype             (02 rounds left)

=============== Current Market Conditions ==============

Inflation :  0%         Current Loan Interest  : 8.00%

--------------------------------------------------------
Risk Taker rolled 6.
Risk Taker moves from Square 19 to Square 25.

Risk Taker Landed on Katugastota.

Rent Paid : LKR 500.
Owner : Opportunistic Trader.

Opportunistic Trader rolled 7.
Opportunistic Trader moves from Square 17 to Square 24.

Opportunistic Trader Landed on Peradeniya.

Rent Paid : LKR 960.
Owner : Risk Taker.

Aggressive Investor rolled 8.
Aggressive Investor moves from Square 13 to Square 21.

Aggressive Investor Landed on Free Parking.

Conservative Banker rolled 8.
Conservative Banker moves from Square 2 to Square 10.

Conservative Banker Landed on Mount Lavinia.

Rent Paid : LKR 440.
Owner : Risk Taker.

Risk Taker rolled 5.
Risk Taker moves from Square 25 to Square 30.

Risk Taker Landed on Hikkaduwa.

Rent Paid : LKR 650.
Owner : Opportunistic Trader.

Opportunistic Trader rolled 5.
Opportunistic Trader moves from Square 24 to Square 29.

Opportunistic Trader Landed on National Water Supply and Drainage Board.

Opportunistic Trader purchased National Water Supply and Drainage Board for LKR 1402.
Remaining Balance : LKR 6488.

Aggressive Investor rolled 7.
Aggressive Investor moves from Square 21 to Square 28.

Aggressive Investor Landed on Unawatuna.

Auction Started.
Property :
	Unawatuna
Opening Bid : 
	LKR 3179.

Bidders : [ <Opportunistic Trader>  <Conservative Banker>  <Risk Taker> ]

Opportunistic Trader bids LKR 3429.
Conservative Banker bids LKR 3679.
Risk Taker bids LKR 3929.

Opportunistic Trader bids LKR 4179.
Conservative Banker bids LKR 4429.
Risk Taker bids LKR 4679.

Opportunistic Trader bids LKR 4929.
Conservative Banker bids LKR 5179.
Risk Taker bids LKR 5429.

Opportunistic Trader bids LKR 5679.
Conservative Banker bids LKR 5929.
Risk Taker bids LKR 6179.

Opportunistic Trader withdraws.
Conservative Banker withdraws.
Risk Taker bids LKR 6429.

Risk Taker wins the auction.
Risk Taker purchased Unawatuna for LKR 6429.
Remaining Balance : LKR 6220.

Conservative Banker rolled 9.
Conservative Banker moves from Square 10 to Square 19.

Conservative Banker Landed on Katunayake.

Risk Taker rolled 9.
Risk Taker moves from Square 30 to Square 39.

Risk Taker Landed on Bank of Ceylon.

Risk Taker decided to refinance existing loan.

Risk Taker obtained a secured loan.
Loan Amount : LKR 14100.
Outstanding Loan Amount : LKR 14943.

Collateral : 
	Wellawatta
	Mount Lavinia
	Maharagama
	Kottawa
	Ja-Ela
	Peradeniya
	Galle Fort
	Unawatuna

Interest Rate : 8.00%.
Duration : 20.

Opportunistic Trader rolled 4.
Opportunistic Trader moves from Square 29 to Square 33.

Opportunistic Trader Landed on Nallur.

Rent Paid : LKR 780.
Owner : Conservative Banker.

Aggressive Investor rolled 10.
Aggressive Investor moves from Square 28 to Square 38.

Aggressive Investor Landed on Nuwara Eliya.

Aggressive Investor purchased Nuwara Eliya for LKR 9350.
Remaining Balance : LKR 4521.

Conservative Banker rolled 6.
Conservative Banker moves from Square 19 to Square 25.

Conservative Banker Landed on Katugastota.

Rent Paid : LKR 500.
Owner : Opportunistic Trader.

Risk Taker rolled 10.
Risk Taker moves from Square 39 to Square 9.

Risk Taker passed GO.
Collected LKR 2000.
Current Balance LKR 11782.

Risk Taker Landed on Wellawatta.

Opportunistic Trader rolled 4.
Opportunistic Trader moves from Square 33 to Square 37.

Opportunistic Trader Landed on National Event Card.

Opportunistic Trader draws Interest Rate Cut Card.
Loan interest reduced by 2%.

Aggressive Investor rolled 8.
Aggressive Investor moves from Square 38 to Square 6.

Maharagama is open again.

Aggressive Investor passed GO.
Collected LKR 2000.
Current Balance LKR 6521.

Aggressive Investor Landed on Colombo Fort Railway Station.

Conservative Banker rolled 8.
Conservative Banker moves from Square 25 to Square 33.

Conservative Banker Landed on Nallur.

Risk Taker rolled 8.
Risk Taker moves from Square 9 to Square 17.

Risk Taker Landed on Negombo.

Rent Paid : LKR 350.
Owner : Conservative Banker.

Opportunistic Trader rolled 10.
Opportunistic Trader moves from Square 37 to Square 7.

Opportunistic Trader passed GO.
Collected LKR 2000.
Current Balance LKR 8208.

Opportunistic Trader Landed on Bambalapitiya.

Rent Paid : LKR 180.
Owner : Conservative Banker.

Aggressive Investor rolled 2.
Aggressive Investor moves from Square 6 to Square 8.

Aggressive Investor Landed on National Event Cards.

Aggressive Investor draws Interest Rate Increase Card.
Loan interest increased by 2%.

Conservative Banker rolled 6.
Conservative Banker moves from Square 33 to Square 39.

Conservative Banker Landed on Bank of Ceylon.

Risk Taker rolled 8.
Risk Taker moves from Square 17 to Square 25.

Risk Taker Landed on Katugastota.

Rent Paid : LKR 500.
Owner : Opportunistic Trader.

Opportunistic Trader rolled 8.
Opportunistic Trader moves from Square 7 to Square 15.

Opportunistic Trader Landed on Kottawa.

Rent Paid : LKR 600.
Owner : Risk Taker.

Aggressive Investor rolled 11.
Aggressive Investor moves from Square 8 to Square 19.

Aggressive Investor Landed on Katunayake.

Rent Paid : LKR 370.
Owner : Conservative Banker.

Conservative Banker rolled 6.
Conservative Banker moves from Square 39 to Square 5.

Conservative Banker passed GO.
Collected LKR 2000.
Current Balance LKR 12098.

Conservative Banker Landed on Income Tax.

Income Tax Amount : LKR 5741.
Conservative Banker paid Full Income Tax Amount.
Remaining Balance : LKR 6357.


=================== Round 03 Summary ===================

Player : Opportunistic Trader 
	 Cash             : LKR    7928
	 Net Worth        : LKR   36912
	 Properties       :           4
	 Hotels           :           0
	 Outstanding Loan : LKR       0

	 Active National Event Cards : 
	 Economic Downturn        (13 rounds left)
	 Interest Rate Cut        (14 rounds left)

Player : Aggressive Investor 
	 Cash             : LKR    6151
	 Net Worth        : LKR   29525
	 Properties       :           2
	 Hotels           :           0
	 Outstanding Loan : LKR       0

	 Active National Event Cards : 
	 Fuel Shortage            (01 rounds left)
	 Housing Subsidy          (13 rounds left)
	 Interest Rate Increase   (15 rounds left)

Player : Conservative Banker 
	 Cash             : LKR    6357
	 Net Worth        : LKR   32533
	 Properties       :           6
	 Hotels           :           0
	 Outstanding Loan : LKR       0

	 Active National Event Cards : 
	 Stock Market Rise        (13 rounds left)

Player : Risk Taker 
	 Cash             : LKR   11532
	 Net Worth        : LKR   31392
	 Properties       :           8
	 Hotels           :           0
	 Outstanding Loan : LKR   15295

	 Active National Event Cards : 
	 Tourism Hype             (01 rounds left)

=============== Current Market Conditions ==============

Inflation :  0%         Current Loan Interest  : 8.00%

--------------------------------------------------------
Risk Taker rolled 10.
Risk Taker moves from Square 25 to Square 35.

Risk Taker Landed on Trincomalee.

Rent Paid : LKR 800.
Owner : Opportunistic Trader.

Opportunistic Trader rolled 8.
Opportunistic Trader moves from Square 15 to Square 23.

Opportunistic Trader Landed on National Event Card.

Opportunistic Trader draws Tax Amnesty Card.
Each player receives LKR 2,000.

Aggressive Investor rolled 7.
Aggressive Investor moves from Square 19 to Square 26.

Aggressive Investor Landed on Galle Railway Station.

Conservative Banker rolled 6.
Conservative Banker moves from Square 5 to Square 11.

Conservative Banker Landed on Jail (Just Visiting).

Risk Taker rolled 7.
Risk Taker moves from Square 35 to Square 2.

Risk Taker passed GO.
Collected LKR 2000.
Current Balance LKR 14732.

Risk Taker Landed on Pettah.

Rent Paid : LKR 100.
Owner : Conservative Banker.

Opportunistic Trader rolled 11.
Opportunistic Trader moves from Square 23 to Square 34.

Opportunistic Trader Landed on Ceylinco Insurance.

Comprehensive Insurance purchased.
Property : Katugastota.
Premium : LKR 561.

Comprehensive Insurance purchased.
Property : Hikkaduwa.
Premium : LKR 655.

Comprehensive Insurance purchased.
Property : Jaffna Town.
Premium : LKR 748.

Comprehensive Insurance purchased.
Property : Trincomalee.
Premium : LKR 795.

Aggressive Investor rolled 11.
Aggressive Investor moves from Square 26 to Square 37.

Aggressive Investor Landed on National Event Card.

Aggressive Investor draws Power Failure Card.
Utility income halved for 3 rounds.

Conservative Banker rolled 6.
Conservative Banker moves from Square 11 to Square 17.

Conservative Banker Landed on Negombo.

Risk Taker rolled 5.
Risk Taker moves from Square 2 to Square 7.

Risk Taker Landed on Bambalapitiya.

Rent Paid : LKR 180.
Owner : Conservative Banker.

Opportunistic Trader rolled 11.
Opportunistic Trader moves from Square 34 to Square 5.

Opportunistic Trader passed GO.
Collected LKR 2000.
Current Balance LKR 9969.

Opportunistic Trader Landed on Income Tax.

Income Tax Amount : LKR 5843.
Opportunistic Trader paid Full Income Tax Amount.
Remaining Balance : LKR 4126.

Aggressive Investor rolled 6.
Aggressive Investor moves from Square 37 to Square 3.

Aggressive Investor passed GO.
Collected LKR 2000.
Current Balance LKR 10151.

Aggressive Investor Landed on Community Development Fund.

Community Development Fund Amount : LKR 2057.
Aggressive Investor paid Full Community Development Fund Amount.
Remaining Balance : LKR 8094.

Conservative Banker rolled 4.
Conservative Banker moves from Square 17 to Square 21.

Conservative Banker Landed on Free Parking.

Risk Taker rolled 3.
Risk Taker moves from Square 7 to Square 10.

Risk Taker Landed on Mount Lavinia.

Opportunistic Trader rolled 7.
Opportunistic Trader moves from Square 5 to Square 12.

Opportunistic Trader Landed on Nugegoda.

Rent Paid : LKR 260.
Owner : Conservative Banker.

Aggressive Investor rolled 8.
Aggressive Investor moves from Square 3 to Square 11.

Aggressive Investor Landed on Jail (Just Visiting).

Conservative Banker rolled 4.
Conservative Banker moves from Square 21 to Square 25.

Conservative Banker Landed on Katugastota.

Rent Paid : LKR 500.
Owner : Opportunistic Trader.

Risk Taker rolled 2.
Risk Taker moves from Square 10 to Square 12.

Risk Taker Landed on Nugegoda.

Rent Paid : LKR 260.
Owner : Conservative Banker.

Opportunistic Trader rolled 6.
Opportunistic Trader moves from Square 12 to Square 18.

Opportunistic Trader Landed on Sri Lanka Insurance.

Aggressive Investor rolled 9.
Aggressive Investor moves from Square 11 to Square 20.

Aggressive Investor Landed on Ja-Ela.

Rent Paid : LKR 400.
Owner : Risk Taker.

Conservative Banker rolled 4.
Conservative Banker moves from Square 25 to Square 29.

Conservative Banker Landed on National Water Supply and Drainage Board.

Rent Paid : LKR 16.
Owner : Opportunistic Trader.

Risk Taker rolled 4.
Risk Taker moves from Square 12 to Square 16.

Risk Taker Landed on Kandy Railway Station.

Rent Paid : LKR 250.
Owner : Conservative Banker.

Opportunistic Trader rolled 9.
Opportunistic Trader moves from Square 18 to Square 27.

Opportunistic Trader Landed on Galle Fort.

Rent Paid : LKR 600.
Owner : Risk Taker.

Aggressive Investor rolled 6.
Aggressive Investor moves from Square 20 to Square 26.

Aggressive Investor Landed on Galle Railway Station.

Conservative Banker rolled 6.
Conservative Banker moves from Square 29 to Square 35.

Conservative Banker Landed on Trincomalee.

Rent Paid : LKR 800.
Owner : Opportunistic Trader.

Risk Taker rolled 5.
Risk Taker moves from Square 16 to Square 21.

Risk Taker Landed on Free Parking.

Opportunistic Trader rolled 11.
Opportunistic Trader moves from Square 27 to Square 38.

Opportunistic Trader Landed on Nuwara Eliya.

Rent Paid : LKR 1000.
Owner : Aggressive Investor.

Aggressive Investor rolled 7.
Aggressive Investor moves from Square 26 to Square 33.

Aggressive Investor Landed on Nallur.

Rent Paid : LKR 780.
Owner : Conservative Banker.

Conservative Banker rolled 7.
Conservative Banker moves from Square 35 to Square 2.

Conservative Banker passed GO.
Collected LKR 2000.
Current Balance LKR 10871.

Conservative Banker Landed on Pettah.


=================== Round 04 Summary ===================

Player : Opportunistic Trader 
	 Cash             : LKR    3582
	 Net Worth        : LKR   32566
	 Properties       :           4
	 Hotels           :           0
	 Outstanding Loan : LKR       0

	 Active National Event Cards : 
	 Economic Downturn        (12 rounds left)
	 Interest Rate Cut        (13 rounds left)

Player : Aggressive Investor 
	 Cash             : LKR    7914
	 Net Worth        : LKR   31288
	 Properties       :           2
	 Hotels           :           0
	 Outstanding Loan : LKR       0

	 Active National Event Cards : 
	 Housing Subsidy          (12 rounds left)
	 Interest Rate Increase   (14 rounds left)
	 Power Failure            (02 rounds left)

Player : Conservative Banker 
	 Cash             : LKR   10871
	 Net Worth        : LKR   37047
	 Properties       :           6
	 Hotels           :           0
	 Outstanding Loan : LKR       0

	 Active National Event Cards : 
	 Stock Market Rise        (12 rounds left)

Player : Risk Taker 
	 Cash             : LKR   14942
	 Net Worth        : LKR   34773
	 Properties       :           8
	 Hotels           :           0
	 Outstanding Loan : LKR   15324


=============== Current Market Conditions ==============

Inflation :  0%         Current Loan Interest  : 8.00%

--------------------------------------------------------
Risk Taker rolled 9.
Risk Taker moves from Square 21 to Square 30.

Risk Taker Landed on Hikkaduwa.

Rent Paid : LKR 650.
Owner : Opportunistic Trader.

Opportunistic Trader rolled 7.
Opportunistic Trader moves from Square 38 to Square 5.

Opportunistic Trader passed GO.
Collected LKR 2000.
Current Balance LKR 6232.

Opportunistic Trader Landed on Income Tax.

Income Tax Amount : LKR 5282.
Opportunistic Trader paid Full Income Tax Amount.
Remaining Balance : LKR 950.

Aggressive Investor rolled 11.
Aggressive Investor moves from Square 33 to Square 4.

Aggressive Investor passed GO.
Collected LKR 2000.
Current Balance LKR 9914.

Aggressive Investor Landed on Maradana.

Auction Started.
Property :
	Maradana
Opening Bid : 
	LKR 841.

Bidders : [ <Opportunistic Trader>  <Conservative Banker>  <Risk Taker> ]

Opportunistic Trader withdraws.
Conservative Banker bids LKR 1091.
Risk Taker bids LKR 1341.

Conservative Banker bids LKR 1591.
Risk Taker bids LKR 1841.

Conservative Banker withdraws.
Risk Taker bids LKR 2091.

Risk Taker wins the auction.
Risk Taker purchased Maradana for LKR 2091.
Remaining Balance : LKR 12201.

Conservative Banker rolled 6.
Conservative Banker moves from Square 2 to Square 8.

Conservative Banker Landed on National Event Cards.

Conservative Banker draws Foreign Funding Card.
Commercial property values increase by 15%.

Risk Taker rolled 6.
Risk Taker moves from Square 30 to Square 36.

Risk Taker Landed on Jaffna Railway Station.

Risk Taker purchased Jaffna Railway Station for LKR 1612.
Remaining Balance : LKR 10589.

Opportunistic Trader rolled 8.
Opportunistic Trader moves from Square 5 to Square 13.

Opportunistic Trader Landed on Ceylon Electricity Board.

Rent Paid : LKR 32.
Owner : Conservative Banker.

Aggressive Investor rolled 11.
Aggressive Investor moves from Square 4 to Square 15.

Aggressive Investor Landed on Kottawa.

Rent Paid : LKR 300.
Owner : Risk Taker.

Conservative Banker rolled 8.
Conservative Banker moves from Square 8 to Square 16.

Conservative Banker Landed on Kandy Railway Station.

Risk Taker rolled 7.
Risk Taker moves from Square 36 to Square 3.

Risk Taker passed GO.
Collected LKR 2000.
Current Balance LKR 12889.

Risk Taker Landed on Community Development Fund.

Community Development Fund Amount : LKR 4236.
Risk Taker paid Full Community Development Fund Amount.
Remaining Balance : LKR 8653.

Opportunistic Trader rolled 4.
Opportunistic Trader moves from Square 13 to Square 17.

Opportunistic Trader Landed on Negombo.

Rent Paid : LKR 350.
Owner : Conservative Banker.

Aggressive Investor rolled 7.
Aggressive Investor moves from Square 15 to Square 22.

Aggressive Investor Landed on Kandy City.

Auction Started.
Property :
	Kandy City
Opening Bid : 
	LKR 2956.

Bidders : [ <Conservative Banker>  <Risk Taker> ]

Conservative Banker bids LKR 3206.
Risk Taker bids LKR 3456.

Conservative Banker bids LKR 3706.
Risk Taker bids LKR 3956.

Conservative Banker bids LKR 4206.
Risk Taker bids LKR 4456.

Conservative Banker bids LKR 4706.
Risk Taker bids LKR 4956.

Conservative Banker bids LKR 5206.
Risk Taker bids LKR 5456.

Conservative Banker bids LKR 5706.
Risk Taker bids LKR 5956.

Conservative Banker withdraws.
Risk Taker bids LKR 6206.

Risk Taker wins the auction.
Risk Taker purchased Kandy City for LKR 6206.
Remaining Balance : LKR 2447.

Conservative Banker rolled 9.
Conservative Banker moves from Square 16 to Square 25.

Conservative Banker Landed on Katugastota.

Rent Paid : LKR 500.
Owner : Opportunistic Trader.

Risk Taker rolled 7.
Risk Taker moves from Square 3 to Square 10.

Risk Taker Landed on Mount Lavinia.

Opportunistic Trader rolled 7.
Opportunistic Trader moves from Square 17 to Square 24.

Opportunistic Trader Landed on Peradeniya.

Rent Paid : LKR 480.
Owner : Risk Taker.

Aggressive Investor rolled 6.
Aggressive Investor moves from Square 22 to Square 28.

Aggressive Investor Landed on Unawatuna.

Rent Paid : LKR 620.
Owner : Risk Taker.

Conservative Banker rolled 11.
Conservative Banker moves from Square 25 to Square 36.

Conservative Banker Landed on Jaffna Railway Station.

Rent Paid : LKR 250.
Owner : Risk Taker.

Risk Taker rolled 8.
Risk Taker moves from Square 10 to Square 18.

Risk Taker Landed on Sri Lanka Insurance.

Basic Property Insurance purchased.
Property : Maradana.
Premium : LKR 97.

Comprehensive Insurance purchased.
Property : Wellawatta.
Premium : LKR 290.

Basic Property Insurance purchased.
Property : Kandy City.
Premium : LKR 296.

Basic Property Insurance purchased.
Property : Unawatuna.
Premium : LKR 366.

Opportunistic Trader rolled 7.
Opportunistic Trader moves from Square 24 to Square 31.

Opportunistic Trader Landed on Go To Jail.

Opportunistic Trader is in Jail.
Opportunistic Trader moves from Square 31 to Square 11.

Aggressive Investor rolled 8.
Aggressive Investor moves from Square 28 to Square 36.

Aggressive Investor Landed on Jaffna Railway Station.

Rent Paid : LKR 250.
Owner : Risk Taker.

Conservative Banker rolled 10.
Conservative Banker moves from Square 36 to Square 6.

Conservative Banker passed GO.
Collected LKR 2000.
Current Balance LKR 12503.

Conservative Banker Landed on Colombo Fort Railway Station.

Rent Paid : LKR 500.
Owner : Aggressive Investor.


=================== Round 05 Summary ===================

Player : Opportunistic Trader 
	 Cash             : LKR     588
	 Net Worth        : LKR   33920
	 Properties       :           4
	 Hotels           :           0
	 Outstanding Loan : LKR       0

	 Active National Event Cards : 
	 Economic Downturn        (11 rounds left)
	 Interest Rate Cut        (12 rounds left)

Player : Aggressive Investor 
	 Cash             : LKR    9244
	 Net Worth        : LKR   36124
	 Properties       :           2
	 Hotels           :           0
	 Outstanding Loan : LKR       0

	 Active National Event Cards : 
	 Housing Subsidy          (11 rounds left)
	 Interest Rate Increase   (13 rounds left)
	 Power Failure            (01 rounds left)

Player : Conservative Banker 
	 Cash             : LKR   12003
	 Net Worth        : LKR   42105
	 Properties       :           6
	 Hotels           :           0
	 Outstanding Loan : LKR       0

	 Active National Event Cards : 
	 Stock Market Rise        (11 rounds left)
	 Foreign Funding          (14 rounds left)

Player : Risk Taker 
	 Cash             : LKR    2998
	 Net Worth        : LKR   37561
	 Properties       :          10
	 Hotels           :           0
	 Outstanding Loan : LKR   15326


=============== Current Market Conditions ==============

Inflation :  0%         Current Loan Interest  : 8.00%

--------------------------------------------------------
Risk Taker rolled 6.
Risk Taker moves from Square 18 to Square 24.

Risk Taker Landed on Peradeniya.

Aggressive Investor rolled 7.
Aggressive Investor moves from Square 36 to Square 3.

Aggressive Investor passed GO.
Collected LKR 2000.
Current Balance LKR 11244.

Aggressive Investor Landed on Community Development Fund.

Community Development Fund Amount : LKR 2366.
Aggressive Investor paid Full Community Development Fund Amount.
Remaining Balance : LKR 8878.

Conservative Banker rolled 6.
Conservative Banker moves from Square 6 to Square 12.

Conservative Banker Landed on Nugegoda.

Risk Taker rolled 9.
Risk Taker moves from Square 24 to Square 33.

Risk Taker Landed on Nallur.

Rent Paid : LKR 780.
Owner : Conservative Banker.

Opportunistic Trader got out of Jail by rolling doubles.

Opportunistic Trader rolled 7.
Opportunistic Trader moves from Square 11 to Square 18.

Opportunistic Trader Landed on Sri Lanka Insurance.

Aggressive Investor rolled 6.
Aggressive Investor moves from Square 3 to Square 9.

Aggressive Investor Landed on Wellawatta.

Rent Paid : LKR 200.
Owner : Risk Taker.

Conservative Banker rolled 11.
Conservative Banker moves from Square 12 to Square 23.

Conservative Banker Landed on National Event Card.

Conservative Banker draws Port Expansion Card.
Railway station values increase by 20%.

Risk Taker rolled 7.
Risk Taker moves from Square 33 to Square 40.

Risk Taker Landed on Galle Face.

Rent Paid : LKR 1200.
Owner : Aggressive Investor.

Opportunistic Trader rolled 5.
Opportunistic Trader moves from Square 18 to Square 23.

Opportunistic Trader Landed on National Event Card.

Opportunistic Trader draws Festival Season Card.
Hotels receive 50% additional rent.

Aggressive Investor rolled 10.
Aggressive Investor moves from Square 9 to Square 19.

Aggressive Investor Landed on Katunayake.

Rent Paid : LKR 370.
Owner : Conservative Banker.

Conservative Banker rolled 6.
Conservative Banker moves from Square 23 to Square 29.

Conservative Banker Landed on National Water Supply and Drainage Board.

Rent Paid : LKR 24.
Owner : Opportunistic Trader.

Risk Taker rolled 11.
Risk Taker moves from Square 40 to Square 11.

Risk Taker passed GO.
Collected LKR 2000.
Current Balance LKR 3218.

Risk Taker Landed on Jail (Just Visiting).

Opportunistic Trader rolled 5.
Opportunistic Trader moves from Square 23 to Square 28.

Opportunistic Trader Landed on Unawatuna.

Opportunistic Trader do not have enough cash to pay rent.
Cash Balance : LKR 612.
Required Amount : LKR 620

Opportunistic Trader decided to sell a property.

Auction Started.
Property :
	Katugastota
Opening Bid : 
	LKR 3226.

Bidders : [ <Conservative Banker> ]

Conservative Banker bids LKR 3226.

Opportunistic Trader sold Katugastota for LKR 3226 in the auction.
Cash Balance : LKR 3838.

Conservative Banker wins the auction.
Conservative Banker purchased Katugastota for LKR 3226.
Remaining Balance : LKR 9903.

Rent Paid : LKR 620.
Owner : Risk Taker.

Aggressive Investor rolled 3.
Aggressive Investor moves from Square 19 to Square 22.

Aggressive Investor Landed on Kandy City.

Rent Paid : LKR 450.
Owner : Risk Taker.

Conservative Banker rolled 6.
Conservative Banker moves from Square 29 to Square 35.

Conservative Banker Landed on Trincomalee.

Rent Paid : LKR 800.
Owner : Opportunistic Trader.

Risk Taker rolled 9.
Risk Taker moves from Square 11 to Square 20.

Risk Taker Landed on Ja-Ela.

Opportunistic Trader rolled 8.
Opportunistic Trader moves from Square 28 to Square 36.

Opportunistic Trader Landed on Jaffna Railway Station.

Rent Paid : LKR 250.
Owner : Risk Taker.

Aggressive Investor rolled 9.
Aggressive Investor moves from Square 22 to Square 31.

Aggressive Investor Landed on Go To Jail.

Aggressive Investor is in Jail.
Aggressive Investor moves from Square 31 to Square 11.

Conservative Banker rolled 5.
Conservative Banker moves from Square 35 to Square 40.

Conservative Banker Landed on Galle Face.

Rent Paid : LKR 1200.
Owner : Aggressive Investor.

Risk Taker rolled 7.
Risk Taker moves from Square 20 to Square 27.

Risk Taker Landed on Galle Fort.

Opportunistic Trader rolled 6.
Opportunistic Trader moves from Square 36 to Square 2.

Opportunistic Trader passed GO.
Collected LKR 2000.
Current Balance LKR 5768.

Opportunistic Trader Landed on Pettah.

Rent Paid : LKR 100.
Owner : Conservative Banker.

Conservative Banker rolled 7.
Conservative Banker moves from Square 40 to Square 7.

Conservative Banker passed GO.
Collected LKR 2000.
Current Balance LKR 10003.

Conservative Banker Landed on Bambalapitiya.


=================== Round 06 Summary ===================

Player : Opportunistic Trader 
	 Cash             : LKR    5668
	 Net Worth        : LKR   32548
	 Properties       :           3
	 Hotels           :           0
	 Outstanding Loan : LKR       0

	 Active National Event Cards : 
	 Economic Downturn        (10 rounds left)
	 Interest Rate Cut        (11 rounds left)
	 Festival Season          (14 rounds left)

Player : Aggressive Investor 
	 Cash             : LKR   10258
	 Net Worth        : LKR   37782
	 Properties       :           2
	 Hotels           :           0
	 Outstanding Loan : LKR       0

	 Active National Event Cards : 
	 Housing Subsidy          (10 rounds left)
	 Interest Rate Increase   (12 rounds left)

Player : Conservative Banker 
	 Cash             : LKR   10003
	 Net Worth        : LKR   46879
	 Properties       :           7
	 Hotels           :           0
	 Outstanding Loan : LKR       0

	 Active National Event Cards : 
	 Stock Market Rise        (10 rounds left)
	 Foreign Funding          (13 rounds left)
	 Port Expansion           (14 rounds left)

Player : Risk Taker 
	 Cash             : LKR    4538
	 Net Worth        : LKR   39423
	 Properties       :          10
	 Hotels           :           0
	 Outstanding Loan : LKR   15326


=============== Current Market Conditions ==============

Inflation :  0%         Current Loan Interest  : 8.00%

--------------------------------------------------------
Risk Taker rolled 5.
Risk Taker moves from Square 27 to Square 32.

Risk Taker Landed on Jaffna Town.

Rent Paid : LKR 750.
Owner : Opportunistic Trader.

Opportunistic Trader rolled 6.
Opportunistic Trader moves from Square 2 to Square 8.

Opportunistic Trader Landed on National Event Cards.

Opportunistic Trader draws Labour Strike Card.
Construction suspended for 2 rounds.

Conservative Banker rolled 6.
Conservative Banker moves from Square 7 to Square 13.

Conservative Banker Landed on Ceylon Electricity Board.

Risk Taker rolled 5.
Risk Taker moves from Square 32 to Square 37.

Risk Taker Landed on National Event Card.

Risk Taker draws Insurance Discount Card.
Premiums reduced by 20%.

Opportunistic Trader rolled 7.
Opportunistic Trader moves from Square 8 to Square 15.

Opportunistic Trader Landed on Kottawa.

Rent Paid : LKR 300.
Owner : Risk Taker.

Aggressive Investor got out of Jail after spending 3 turns idle.

Aggressive Investor rolled 9.
Aggressive Investor moves from Square 11 to Square 20.

Aggressive Investor Landed on Ja-Ela.

Rent Paid : LKR 400.
Owner : Risk Taker.

Conservative Banker rolled 4.
Conservative Banker moves from Square 13 to Square 17.

Conservative Banker Landed on Negombo.

Risk Taker rolled 8.
Risk Taker moves from Square 37 to Square 5.

Risk Taker passed GO.
Collected LKR 2000.
Current Balance LKR 6488.

Risk Taker Landed on Income Tax.

Income Tax Amount : LKR 6206.
Risk Taker paid Full Income Tax Amount.
Remaining Balance : LKR 282.

Opportunistic Trader rolled 2.
Opportunistic Trader moves from Square 15 to Square 17.

Opportunistic Trader Landed on Negombo.

Rent Paid : LKR 350.
Owner : Conservative Banker.

Aggressive Investor rolled 5.
Aggressive Investor moves from Square 20 to Square 25.

Aggressive Investor Landed on Katugastota.

Rent Paid : LKR 500.
Owner : Conservative Banker.

Conservative Banker rolled 5.
Conservative Banker moves from Square 17 to Square 22.

Conservative Banker Landed on Kandy City.

Rent Paid : LKR 450.
Owner : Risk Taker.

Risk Taker rolled 9.
Risk Taker moves from Square 5 to Square 14.

Risk Taker Landed on Maharagama.

Opportunistic Trader rolled 6.
Opportunistic Trader moves from Square 17 to Square 23.

Opportunistic Trader Landed on National Event Card.

Opportunistic Trader draws Property Revaluation Card.
Random property group appreciates by 15%.

Aggressive Investor rolled 11.
Aggressive Investor moves from Square 25 to Square 36.

Aggressive Investor Landed on Jaffna Railway Station.

Rent Paid : LKR 250.
Owner : Risk Taker.

Conservative Banker rolled 10.
Conservative Banker moves from Square 22 to Square 32.

Conservative Banker Landed on Jaffna Town.

Rent Paid : LKR 750.
Owner : Opportunistic Trader.

Risk Taker rolled 11.
Risk Taker moves from Square 14 to Square 25.

Risk Taker Landed on Katugastota.

Rent Paid : LKR 500.
Owner : Conservative Banker.

Opportunistic Trader rolled 9.
Opportunistic Trader moves from Square 23 to Square 32.

Opportunistic Trader Landed on Jaffna Town.

Aggressive Investor rolled 9.
Aggressive Investor moves from Square 36 to Square 5.

Aggressive Investor passed GO.
Collected LKR 2000.
Current Balance LKR 11108.

Aggressive Investor Landed on Income Tax.

Income Tax Amount : LKR 5795.
Aggressive Investor paid Full Income Tax Amount.
Remaining Balance : LKR 5313.

Conservative Banker rolled 8.
Conservative Banker moves from Square 32 to Square 40.

Conservative Banker Landed on Galle Face.

Rent Paid : LKR 1200.
Owner : Aggressive Investor.

Risk Taker rolled 3.
Risk Taker moves from Square 25 to Square 28.

Risk Taker Landed on Unawatuna.

Opportunistic Trader rolled 4.
Opportunistic Trader moves from Square 32 to Square 36.

Opportunistic Trader Landed on Jaffna Railway Station.

Rent Paid : LKR 250.
Owner : Risk Taker.

Aggressive Investor rolled 5.
Aggressive Investor moves from Square 5 to Square 10.

Aggressive Investor Landed on Mount Lavinia.

Rent Paid : LKR 220.
Owner : Risk Taker.

Conservative Banker rolled 6.
Conservative Banker moves from Square 40 to Square 6.

Conservative Banker passed GO.
Collected LKR 2000.
Current Balance LKR 10953.

Conservative Banker Landed on Colombo Fort Railway Station.

Rent Paid : LKR 500.
Owner : Aggressive Investor.

Risk Taker rolled 5.
Risk Taker moves from Square 28 to Square 33.

Risk Taker Landed on Nallur.

Rent Paid : LKR 780.
Owner : Conservative Banker.

Opportunistic Trader rolled 11.
Opportunistic Trader moves from Square 36 to Square 7.

Opportunistic Trader passed GO.
Collected LKR 2000.
Current Balance LKR 8268.

Opportunistic Trader Landed on Bambalapitiya.

Rent Paid : LKR 180.
Owner : Conservative Banker.


=================== Round 07 Summary ===================

Player : Opportunistic Trader 
	 Cash             : LKR    8088
	 Net Worth        : LKR   34968
	 Properties       :           3
	 Hotels           :           0
	 Outstanding Loan : LKR       0

	 Active National Event Cards : 
	 Economic Downturn        (09 rounds left)
	 Interest Rate Cut        (10 rounds left)
	 Festival Season          (13 rounds left)
	 Labour Strike            (01 rounds left)
	 Property Revaluation     (14 rounds left)

Player : Aggressive Investor 
	 Cash             : LKR    6793
	 Net Worth        : LKR   34317
	 Properties       :           2
	 Hotels           :           0
	 Outstanding Loan : LKR       0

	 Active National Event Cards : 
	 Housing Subsidy          (09 rounds left)
	 Interest Rate Increase   (11 rounds left)

Player : Conservative Banker 
	 Cash             : LKR   11413
	 Net Worth        : LKR   49257
	 Properties       :           7
	 Hotels           :           0
	 Outstanding Loan : LKR       0

	 Active National Event Cards : 
	 Stock Market Rise        (09 rounds left)
	 Foreign Funding          (12 rounds left)
	 Port Expansion           (13 rounds left)

Player : Risk Taker 
	 Cash             : LKR     172
	 Net Worth        : LKR   36879
	 Properties       :          10
	 Hotels           :           0
	 Outstanding Loan : LKR   15326

	 Active National Event Cards : 
	 Insurance Discount       (14 rounds left)

=============== Current Market Conditions ==============

Inflation :  0%         Current Loan Interest  : 8.00%

--------------------------------------------------------
Aggressive Investor rolled 5.
Aggressive Investor moves from Square 10 to Square 15.

Aggressive Investor Landed on Kottawa.

Rent Paid : LKR 300.
Owner : Risk Taker.

Conservative Banker rolled 6.
Conservative Banker moves from Square 6 to Square 12.

Conservative Banker Landed on Nugegoda.

Risk Taker rolled 6.
Risk Taker moves from Square 33 to Square 39.

Risk Taker Landed on Bank of Ceylon.

Risk Taker decided to refinance existing loan.

Risk Taker obtained a secured loan.
Loan Amount : LKR 17400.
Outstanding Loan Amount : LKR 18626.

Collateral : 
	Maradana
	Wellawatta
	Mount Lavinia
	Maharagama
	Kottawa
	Ja-Ela
	Kandy City
	Peradeniya
	Galle Fort
	Unawatuna
	Jaffna Railway Station

Interest Rate : 8.00%.
Duration : 20.

Opportunistic Trader rolled 7.
Opportunistic Trader moves from Square 7 to Square 14.

Opportunistic Trader Landed on Maharagama.

Rent Paid : LKR 280.
Owner : Risk Taker.

Aggressive Investor rolled 10.
Aggressive Investor moves from Square 15 to Square 25.

Aggressive Investor Landed on Katugastota.

Rent Paid : LKR 500.
Owner : Conservative Banker.

Conservative Banker rolled 4.
Conservative Banker moves from Square 12 to Square 16.

Conservative Banker Landed on Kandy Railway Station.

Risk Taker rolled 3.
Risk Taker moves from Square 39 to Square 2.

Risk Taker passed GO.
Collected LKR 2000.
Current Balance LKR 6052.

Risk Taker Landed on Pettah.

Rent Paid : LKR 100.
Owner : Conservative Banker.

Opportunistic Trader rolled 5.
Opportunistic Trader moves from Square 14 to Square 19.

Opportunistic Trader Landed on Katunayake.

Rent Paid : LKR 370.
Owner : Conservative Banker.

Aggressive Investor rolled 10.
Aggressive Investor moves from Square 25 to Square 35.

Aggressive Investor Landed on Trincomalee.

Rent Paid : LKR 800.
Owner : Opportunistic Trader.

Conservative Banker rolled 10.
Conservative Banker moves from Square 16 to Square 26.

Conservative Banker Landed on Galle Railway Station.

Rent Paid : LKR 500.
Owner : Aggressive Investor.

Risk Taker rolled 10.
Risk Taker moves from Square 2 to Square 12.

Risk Taker Landed on Nugegoda.

Rent Paid : LKR 260.
Owner : Conservative Banker.

Opportunistic Trader rolled 7.
Opportunistic Trader moves from Square 19 to Square 26.

Opportunistic Trader Landed on Galle Railway Station.

Rent Paid : LKR 500.
Owner : Aggressive Investor.

Aggressive Investor rolled 5.
Aggressive Investor moves from Square 35 to Square 40.

Aggressive Investor Landed on Galle Face.

Aggressive Investor constructed one house on Galle Face.
Construction cost : LKR 2100.

Conservative Banker rolled 10.
Conservative Banker moves from Square 26 to Square 36.

Conservative Banker Landed on Jaffna Railway Station.

Rent Paid : LKR 250.
Owner : Risk Taker.

Risk Taker rolled 5.
Risk Taker moves from Square 12 to Square 17.

Risk Taker Landed on Negombo.

Rent Paid : LKR 350.
Owner : Conservative Banker.

Opportunistic Trader rolled 9.
Opportunistic Trader moves from Square 26 to Square 35.

Opportunistic Trader Landed on Trincomalee.

Aggressive Investor rolled 6.
Aggressive Investor moves from Square 40 to Square 6.

Aggressive Investor passed GO.
Collected LKR 2000.
Current Balance LKR 6093.

Aggressive Investor Landed on Colombo Fort Railway Station.

Conservative Banker rolled 8.
Conservative Banker moves from Square 36 to Square 4.

Conservative Banker passed GO.
Collected LKR 2000.
Current Balance LKR 14243.

Conservative Banker Landed on Maradana.

Rent Paid : LKR 120.
Owner : Risk Taker.

Risk Taker rolled 10.
Risk Taker moves from Square 17 to Square 27.

Risk Taker Landed on Galle Fort.

Opportunistic Trader rolled 7.
Opportunistic Trader moves from Square 35 to Square 2.

Opportunistic Trader passed GO.
Collected LKR 2000.
Current Balance LKR 9738.

Opportunistic Trader Landed on Pettah.

Rent Paid : LKR 100.
Owner : Conservative Banker.


=================== Round 08 Summary ===================

Player : Opportunistic Trader 
	 Cash             : LKR    9638
	 Net Worth        : LKR   36518
	 Properties       :           3
	 Hotels           :           0
	 Outstanding Loan : LKR       0

	 Active National Event Cards : 
	 Economic Downturn        (08 rounds left)
	 Interest Rate Cut        (09 rounds left)
	 Festival Season          (12 rounds left)
	 Property Revaluation     (13 rounds left)

Player : Aggressive Investor 
	 Cash             : LKR    6093
	 Net Worth        : LKR   35717
	 Properties       :           2
	 Hotels           :           0
	 Outstanding Loan : LKR       0

	 Active National Event Cards : 
	 Housing Subsidy          (08 rounds left)
	 Interest Rate Increase   (10 rounds left)

Player : Conservative Banker 
	 Cash             : LKR   14223
	 Net Worth        : LKR   52067
	 Properties       :           7
	 Hotels           :           0
	 Outstanding Loan : LKR       0

	 Active National Event Cards : 
	 Stock Market Rise        (08 rounds left)
	 Foreign Funding          (11 rounds left)
	 Port Expansion           (12 rounds left)

Player : Risk Taker 
	 Cash             : LKR    5712
	 Net Worth        : LKR   38856
	 Properties       :          10
	 Hotels           :           0
	 Outstanding Loan : LKR   18889

	 Active National Event Cards : 
	 Insurance Discount       (13 rounds left)

=============== Current Market Conditions ==============

Inflation :  0%         Current Loan Interest  : 8.00%

--------------------------------------------------------
Aggressive Investor rolled 9.
Aggressive Investor moves from Square 6 to Square 15.

Aggressive Investor Landed on Kottawa.

Rent Paid : LKR 300.
Owner : Risk Taker.

Conservative Banker rolled 12.
Conservative Banker moves from Square 4 to Square 16.

Conservative Banker Landed on Kandy Railway Station.

Risk Taker rolled 6.
Risk Taker moves from Square 27 to Square 33.

Risk Taker Landed on Nallur.

Rent Paid : LKR 780.
Owner : Conservative Banker.

Opportunistic Trader rolled 9.
Opportunistic Trader moves from Square 2 to Square 11.

Opportunistic Trader Landed on Jail (Just Visiting).

Aggressive Investor rolled 4.
Aggressive Investor moves from Square 15 to Square 19.

Aggressive Investor Landed on Katunayake.

Rent Paid : LKR 370.
Owner : Conservative Banker.

Conservative Banker rolled 6.
Conservative Banker moves from Square 16 to Square 22.

Conservative Banker Landed on Kandy City.

Rent Paid : LKR 450.
Owner : Risk Taker.

Risk Taker rolled 6.
Risk Taker moves from Square 33 to Square 39.

Risk Taker Landed on Bank of Ceylon.

Risk Taker extended the loan of LKR 18889.
Duration : 20.

Opportunistic Trader rolled 7.
Opportunistic Trader moves from Square 11 to Square 18.

Opportunistic Trader Landed on Sri Lanka Insurance.

Aggressive Investor rolled 3.
Aggressive Investor moves from Square 19 to Square 22.

Aggressive Investor Landed on Kandy City.

Rent Paid : LKR 450.
Owner : Risk Taker.

Conservative Banker rolled 8.
Conservative Banker moves from Square 22 to Square 30.

Conservative Banker Landed on Hikkaduwa.

Rent Paid : LKR 650.
Owner : Opportunistic Trader.

Risk Taker rolled 3.
Risk Taker moves from Square 39 to Square 2.

Risk Taker passed GO.
Collected LKR 2000.
Current Balance LKR 8132.

Risk Taker Landed on Pettah.

Rent Paid : LKR 100.
Owner : Conservative Banker.

Opportunistic Trader rolled 5.
Opportunistic Trader moves from Square 18 to Square 23.

Opportunistic Trader Landed on National Event Card.

Opportunistic Trader draws Currency Depreciation Card.
Construction costs increase by 10%.

Aggressive Investor rolled 11.
Aggressive Investor moves from Square 22 to Square 33.

Aggressive Investor Landed on Nallur.

Rent Paid : LKR 780.
Owner : Conservative Banker.

Conservative Banker rolled 5.
Conservative Banker moves from Square 30 to Square 35.

Conservative Banker Landed on Trincomalee.

Rent Paid : LKR 800.
Owner : Opportunistic Trader.

Risk Taker rolled 9.
Risk Taker moves from Square 2 to Square 11.

Risk Taker Landed on Jail (Just Visiting).

Opportunistic Trader rolled 11.
Opportunistic Trader moves from Square 23 to Square 34.

Opportunistic Trader Landed on Ceylinco Insurance.

Comprehensive Insurance renewed.
Property : Hikkaduwa.
Premium : LKR 753.

Comprehensive Insurance renewed.
Property : Jaffna Town.
Premium : LKR 860.

Comprehensive Insurance renewed.
Property : Trincomalee.
Premium : LKR 914.

Aggressive Investor rolled 8.
Aggressive Investor moves from Square 33 to Square 1.

Aggressive Investor passed GO.
Collected LKR 2000.
Current Balance LKR 6193.

Conservative Banker rolled 7.
Conservative Banker moves from Square 35 to Square 2.

Conservative Banker passed GO.
Collected LKR 2000.
Current Balance LKR 16353.

Conservative Banker Landed on Pettah.

Risk Taker rolled 8.
Risk Taker moves from Square 11 to Square 19.

Risk Taker Landed on Katunayake.

Rent Paid : LKR 370.
Owner : Conservative Banker.

Opportunistic Trader rolled 11.
Opportunistic Trader moves from Square 34 to Square 5.

Opportunistic Trader passed GO.
Collected LKR 2000.
Current Balance LKR 10561.

Opportunistic Trader Landed on Income Tax.

Income Tax Amount : LKR 5616.
Opportunistic Trader paid Full Income Tax Amount.
Remaining Balance : LKR 4945.


=================== Round 09 Summary ===================

Player : Opportunistic Trader 
	 Cash             : LKR    4945
	 Net Worth        : LKR   31825
	 Properties       :           3
	 Hotels           :           0
	 Outstanding Loan : LKR       0

	 Active National Event Cards : 
	 Economic Downturn        (07 rounds left)
	 Interest Rate Cut        (08 rounds left)
	 Festival Season          (11 rounds left)
	 Property Revaluation     (12 rounds left)
	 Currency Depreciation    (14 rounds left)

Player : Aggressive Investor 
	 Cash             : LKR    6193
	 Net Worth        : LKR   35817
	 Properties       :           2
	 Hotels           :           0
	 Outstanding Loan : LKR       0

	 Active National Event Cards : 
	 Housing Subsidy          (07 rounds left)
	 Interest Rate Increase   (09 rounds left)

Player : Conservative Banker 
	 Cash             : LKR   16723
	 Net Worth        : LKR   54567
	 Properties       :           7
	 Hotels           :           0
	 Outstanding Loan : LKR       0

	 Active National Event Cards : 
	 Stock Market Rise        (07 rounds left)
	 Foreign Funding          (10 rounds left)
	 Port Expansion           (11 rounds left)

Player : Risk Taker 
	 Cash             : LKR    7662
	 Net Worth        : LKR   40784
	 Properties       :          10
	 Hotels           :           0
	 Outstanding Loan : LKR   18911

	 Active National Event Cards : 
	 Insurance Discount       (12 rounds left)

=============== Current Market Conditions ==============

Inflation :  0%         Current Loan Interest  : 8.00%

--------------------------------------------------------
Aggressive Investor rolled 4.
Aggressive Investor moves from Square 1 to Square 5.

Aggressive Investor Landed on Income Tax.

Income Tax Amount : LKR 5373.
Aggressive Investor paid Full Income Tax Amount.
Remaining Balance : LKR 820.

Conservative Banker rolled 9.
Conservative Banker moves from Square 2 to Square 11.

Conservative Banker Landed on Jail (Just Visiting).

Risk Taker rolled 7.
Risk Taker moves from Square 19 to Square 26.

Risk Taker Landed on Galle Railway Station.

Rent Paid : LKR 500.
Owner : Aggressive Investor.

Opportunistic Trader rolled 2.
Opportunistic Trader moves from Square 5 to Square 7.

Opportunistic Trader Landed on Bambalapitiya.

Rent Paid : LKR 180.
Owner : Conservative Banker.

Aggressive Investor rolled 4.
Aggressive Investor moves from Square 5 to Square 9.

Aggressive Investor Landed on Wellawatta.

Rent Paid : LKR 200.
Owner : Risk Taker.

Conservative Banker rolled 9.
Conservative Banker moves from Square 11 to Square 20.

Conservative Banker Landed on Ja-Ela.

Rent Paid : LKR 400.
Owner : Risk Taker.

Risk Taker rolled 6.
Risk Taker moves from Square 26 to Square 32.

Risk Taker Landed on Jaffna Town.

Rent Paid : LKR 750.
Owner : Opportunistic Trader.

Opportunistic Trader rolled 3.
Opportunistic Trader moves from Square 7 to Square 10.

Opportunistic Trader Landed on Mount Lavinia.

Rent Paid : LKR 220.
Owner : Risk Taker.

Aggressive Investor rolled 10.
Aggressive Investor moves from Square 9 to Square 19.

Aggressive Investor Landed on Katunayake.

Rent Paid : LKR 370.
Owner : Conservative Banker.

Conservative Banker rolled 6.
Conservative Banker moves from Square 20 to Square 26.

Conservative Banker Landed on Galle Railway Station.

Rent Paid : LKR 500.
Owner : Aggressive Investor.

Risk Taker rolled 3.
Risk Taker moves from Square 32 to Square 35.

Risk Taker Landed on Trincomalee.

Rent Paid : LKR 800.
Owner : Opportunistic Trader.

Opportunistic Trader rolled 7.
Opportunistic Trader moves from Square 10 to Square 17.

Opportunistic Trader Landed on Negombo.

Rent Paid : LKR 350.
Owner : Conservative Banker.

Aggressive Investor rolled 6.
Aggressive Investor moves from Square 19 to Square 25.

Aggressive Investor Landed on Katugastota.

Rent Paid : LKR 500.
Owner : Conservative Banker.

Conservative Banker rolled 10.
Conservative Banker moves from Square 26 to Square 36.

Conservative Banker Landed on Jaffna Railway Station.

Rent Paid : LKR 250.
Owner : Risk Taker.

Risk Taker rolled 10.
Risk Taker moves from Square 35 to Square 5.

Risk Taker passed GO.
Collected LKR 2000.
Current Balance LKR 8682.

Risk Taker Landed on Income Tax.

Income Tax Amount : LKR 6270.
Risk Taker paid Full Income Tax Amount.
Remaining Balance : LKR 2412.

Opportunistic Trader rolled 8.
Opportunistic Trader moves from Square 17 to Square 25.

Opportunistic Trader Landed on Katugastota.

Rent Paid : LKR 500.
Owner : Conservative Banker.

Aggressive Investor rolled 5.
Aggressive Investor moves from Square 25 to Square 30.

Aggressive Investor Landed on Hikkaduwa.

Rent Paid : LKR 650.
Owner : Opportunistic Trader.

Conservative Banker rolled 8.
Conservative Banker moves from Square 36 to Square 4.

Conservative Banker passed GO.
Collected LKR 2000.
Current Balance LKR 19473.

Conservative Banker Landed on Maradana.

Rent Paid : LKR 120.
Owner : Risk Taker.

Risk Taker rolled 7.
Risk Taker moves from Square 5 to Square 12.

Risk Taker Landed on Nugegoda.

Rent Paid : LKR 260.
Owner : Conservative Banker.

Opportunistic Trader rolled 10.
Opportunistic Trader moves from Square 25 to Square 35.

Opportunistic Trader Landed on Trincomalee.

Aggressive Investor rolled 7.
Aggressive Investor moves from Square 30 to Square 37.

Aggressive Investor Landed on National Event Card.

Aggressive Investor draws Government Grant Card.
Random player receives LKR 5,000.

Conservative Banker got LKR 5000.

Conservative Banker rolled 8.
Conservative Banker moves from Square 4 to Square 12.

Conservative Banker Landed on Nugegoda.

Risk Taker rolled 6.
Risk Taker moves from Square 12 to Square 18.

Risk Taker Landed on Sri Lanka Insurance.

Basic Property Insurance renewed.
Property : Maradana.
Premium : LKR 78.

Comprehensive Insurance renewed.
Property : Wellawatta.
Premium : LKR 232.

Basic Property Insurance renewed.
Property : Kandy City.
Premium : LKR 272.

Basic Property Insurance renewed.
Property : Unawatuna.
Premium : LKR 293.

Opportunistic Trader rolled 9.
Opportunistic Trader moves from Square 35 to Square 4.

Opportunistic Trader passed GO.
Collected LKR 2000.
Current Balance LKR 7895.

Opportunistic Trader Landed on Maradana.

Rent Paid : LKR 120.
Owner : Risk Taker.

Electrical Failure occurred.
Affected Property : 
	Jaffna Town

Comprehensive Insurance doesn't cover Electrical Failure.

Opportunistic Trader Paid the repair cost : LKR 963.


=================== Round 10 Summary ===================

Player : Opportunistic Trader 
	 Cash             : LKR    6812
	 Net Worth        : LKR   36917
	 Properties       :           3
	 Hotels           :           0
	 Outstanding Loan : LKR       0

	 Active National Event Cards : 
	 Economic Downturn        (06 rounds left)
	 Interest Rate Cut        (07 rounds left)
	 Festival Season          (10 rounds left)
	 Property Revaluation     (11 rounds left)
	 Currency Depreciation    (13 rounds left)

Player : Aggressive Investor 
	 Cash             : LKR     100
	 Net Worth        : LKR   32682
	 Properties       :           2
	 Hotels           :           0
	 Outstanding Loan : LKR       0

	 Active National Event Cards : 
	 Housing Subsidy          (07 rounds left)
	 Interest Rate Increase   (09 rounds left)

Player : Conservative Banker 
	 Cash             : LKR   24613
	 Net Worth        : LKR   66998
	 Properties       :           7
	 Hotels           :           0
	 Outstanding Loan : LKR       0

	 Active National Event Cards : 
	 Stock Market Rise        (06 rounds left)
	 Foreign Funding          (09 rounds left)
	 Port Expansion           (10 rounds left)

Player : Risk Taker 
	 Cash             : LKR    1517
	 Net Worth        : LKR   40881
	 Properties       :          10
	 Hotels           :           0
	 Outstanding Loan : LKR   18912

	 Active National Event Cards : 
	 Insurance Discount       (11 rounds left)

=============== Current Market Conditions ==============

Inflation : +12%         Current Loan Interest  : 8.96%

----------- Market Condition (10 rounds left) ----------

Market Boom     : Premium Estates      (+15%)

Market Decline  : Premium Estates      (-15%)


--------------------------------------------------------
Aggressive Investor rolled 5.
Aggressive Investor moves from Square 37 to Square 2.

Aggressive Investor passed GO.
Collected LKR 2000.
Current Balance LKR 2100.

Aggressive Investor Landed on Pettah.

Rent Paid : LKR 112.
Owner : Conservative Banker.

Conservative Banker rolled 9.
Conservative Banker moves from Square 12 to Square 21.

Conservative Banker Landed on Free Parking.

Risk Taker rolled 6.
Risk Taker moves from Square 18 to Square 24.

Risk Taker Landed on Peradeniya.

Opportunistic Trader rolled 8.
Opportunistic Trader moves from Square 4 to Square 12.

Opportunistic Trader Landed on Nugegoda.

Rent Paid : LKR 291.
Owner : Conservative Banker.

Aggressive Investor rolled 7.
Aggressive Investor moves from Square 2 to Square 9.

Aggressive Investor Landed on Wellawatta.

Rent Paid : LKR 224.
Owner : Risk Taker.

Conservative Banker rolled 7.
Conservative Banker moves from Square 21 to Square 28.

Conservative Banker Landed on Unawatuna.

Rent Paid : LKR 694.
Owner : Risk Taker.

Risk Taker rolled 3.
Risk Taker moves from Square 24 to Square 27.

Risk Taker Landed on Galle Fort.

Opportunistic Trader rolled 2.
Opportunistic Trader moves from Square 12 to Square 14.

Opportunistic Trader Landed on Maharagama.

Rent Paid : LKR 314.
Owner : Risk Taker.

Aggressive Investor rolled 8.
Aggressive Investor moves from Square 9 to Square 17.

Aggressive Investor Landed on Negombo.

Rent Paid : LKR 392.
Owner : Conservative Banker.

Conservative Banker rolled 8.
Conservative Banker moves from Square 28 to Square 36.

Conservative Banker Landed on Jaffna Railway Station.

Rent Paid : LKR 250.
Owner : Risk Taker.

Risk Taker rolled 4.
Risk Taker moves from Square 27 to Square 31.

Risk Taker Landed on Go To Jail.

Risk Taker is in Jail.
Risk Taker moves from Square 31 to Square 11.

Opportunistic Trader rolled 4.
Opportunistic Trader moves from Square 14 to Square 18.

Opportunistic Trader Landed on Sri Lanka Insurance.

Aggressive Investor rolled 9.
Aggressive Investor moves from Square 17 to Square 26.

Aggressive Investor Landed on Galle Railway Station.

Conservative Banker rolled 7.
Conservative Banker moves from Square 36 to Square 3.

Conservative Banker passed GO.
Collected LKR 2000.
Current Balance LKR 26464.

Conservative Banker Landed on Community Development Fund.

Community Development Fund Amount : LKR 4302.
Conservative Banker paid Full Community Development Fund Amount.
Remaining Balance : LKR 22162.

Opportunistic Trader rolled 5.
Opportunistic Trader moves from Square 18 to Square 23.

Opportunistic Trader Landed on National Event Card.

Opportunistic Trader draws National Disaster Card.
Random developed property damaged.

Building Collapse occurred.
Affected Property : 
	Pettah

Pettah isn't insured.

Conservative Banker Paid the repair cost : LKR 181.

Aggressive Investor rolled 5.
Aggressive Investor moves from Square 26 to Square 31.

Aggressive Investor Landed on Go To Jail.

Aggressive Investor is in Jail.
Aggressive Investor moves from Square 31 to Square 11.

Conservative Banker rolled 12.
Conservative Banker moves from Square 3 to Square 15.

Conservative Banker Landed on Kottawa.

Rent Paid : LKR 336.
Owner : Risk Taker.

Opportunistic Trader rolled 6.
Opportunistic Trader moves from Square 23 to Square 29.

Opportunistic Trader Landed on National Water Supply and Drainage Board.

Aggressive Investor got out of Jail by paying bail of LKR 300.

Aggressive Investor rolled 6.
Aggressive Investor moves from Square 11 to Square 17.

Aggressive Investor Landed on Negombo.

Rent Paid : LKR 392.
Owner : Conservative Banker.

Conservative Banker rolled 11.
Conservative Banker moves from Square 15 to Square 26.

Conservative Banker Landed on Galle Railway Station.

Rent Paid : LKR 500.
Owner : Aggressive Investor.

Risk Taker got out of Jail after spending 3 turns idle.

Risk Taker rolled 6.
Risk Taker moves from Square 11 to Square 17.

Risk Taker Landed on Negombo.

Rent Paid : LKR 392.
Owner : Conservative Banker.

Opportunistic Trader rolled 9.
Opportunistic Trader moves from Square 29 to Square 38.

Opportunistic Trader Landed on Nuwara Eliya.

Rent Paid : LKR 1120.
Owner : Aggressive Investor.

Aggressive Investor rolled 6.
Aggressive Investor moves from Square 17 to Square 23.

Aggressive Investor Landed on National Event Card.

Aggressive Investor draws Tourism Hype Card.
Hotels earn double rent for 5 rounds.

Conservative Banker rolled 10.
Conservative Banker moves from Square 26 to Square 36.

Conservative Banker Landed on Jaffna Railway Station.

Rent Paid : LKR 250.
Owner : Risk Taker.

Risk Taker rolled 9.
Risk Taker moves from Square 17 to Square 26.

Risk Taker Landed on Galle Railway Station.

Rent Paid : LKR 500.
Owner : Aggressive Investor.

Opportunistic Trader rolled 7.
Opportunistic Trader moves from Square 38 to Square 5.

Opportunistic Trader passed GO.
Collected LKR 2000.
Current Balance LKR 7087.

Opportunistic Trader Landed on Income Tax.

Income Tax Amount : LKR 5579.
Opportunistic Trader paid Full Income Tax Amount.
Remaining Balance : LKR 1508.


=================== Round 11 Summary ===================

Player : Opportunistic Trader 
	 Cash             : LKR    1508
	 Net Worth        : LKR   31613
	 Properties       :           3
	 Hotels           :           0
	 Outstanding Loan : LKR       0

	 Active National Event Cards : 
	 Economic Downturn        (05 rounds left)
	 Interest Rate Cut        (06 rounds left)
	 Festival Season          (09 rounds left)
	 Property Revaluation     (10 rounds left)
	 Currency Depreciation    (12 rounds left)

Player : Aggressive Investor 
	 Cash             : LKR    2800
	 Net Worth        : LKR   35382
	 Properties       :           2
	 Hotels           :           0
	 Outstanding Loan : LKR       0

	 Active National Event Cards : 
	 Tourism Hype             (05 rounds left)
	 Housing Subsidy          (06 rounds left)
	 Interest Rate Increase   (08 rounds left)

Player : Conservative Banker 
	 Cash             : LKR   21679
	 Net Worth        : LKR   64064
	 Properties       :           7
	 Hotels           :           0
	 Outstanding Loan : LKR       0

	 Active National Event Cards : 
	 Stock Market Rise        (05 rounds left)
	 Foreign Funding          (08 rounds left)
	 Port Expansion           (09 rounds left)

Player : Risk Taker 
	 Cash             : LKR    2693
	 Net Worth        : LKR   42057
	 Properties       :          10
	 Hotels           :           0
	 Outstanding Loan : LKR   18912

	 Active National Event Cards : 
	 Insurance Discount       (11 rounds left)

=============== Current Market Conditions ==============

Inflation : +12%         Current Loan Interest  : 8.96%

----------- Market Condition (09 rounds left) ----------

Market Boom     : Premium Estates      (+15%)

Market Decline  : Premium Estates      (-15%)


--------------------------------------------------------
Aggressive Investor rolled 9.
Aggressive Investor moves from Square 23 to Square 32.

Aggressive Investor Landed on Jaffna Town.

Rent Paid : LKR 840.
Owner : Opportunistic Trader.

Conservative Banker rolled 3.
Conservative Banker moves from Square 36 to Square 39.

Conservative Banker Landed on Bank of Ceylon.

Risk Taker rolled 4.
Risk Taker moves from Square 26 to Square 30.

Risk Taker Landed on Hikkaduwa.

Rent Paid : LKR 728.
Owner : Opportunistic Trader.

Opportunistic Trader rolled 5.
Opportunistic Trader moves from Square 5 to Square 10.

Opportunistic Trader Landed on Mount Lavinia.

Rent Paid : LKR 246.
Owner : Risk Taker.

Aggressive Investor rolled 12.
Aggressive Investor moves from Square 32 to Square 4.

Aggressive Investor passed GO.
Collected LKR 2000.
Current Balance LKR 3960.

Aggressive Investor Landed on Maradana.

Rent Paid : LKR 134.
Owner : Risk Taker.

Conservative Banker rolled 9.
Conservative Banker moves from Square 39 to Square 8.

Conservative Banker passed GO.
Collected LKR 2000.
Current Balance LKR 23679.

Conservative Banker Landed on National Event Cards.

Conservative Banker draws Fuel Shortage Card.
Railway rent doubles for 5 rounds.

Risk Taker rolled 3.
Risk Taker moves from Square 30 to Square 33.

Risk Taker Landed on Nallur.

Rent Paid : LKR 874.
Owner : Conservative Banker.

Opportunistic Trader rolled 4.
Opportunistic Trader moves from Square 10 to Square 14.

Opportunistic Trader Landed on Maharagama.

Rent Paid : LKR 314.
Owner : Risk Taker.

Aggressive Investor rolled 4.
Aggressive Investor moves from Square 4 to Square 8.

Aggressive Investor Landed on National Event Cards.

Aggressive Investor draws Heavy Floods Card.
Random coastal property damaged.

Flood occurred.
Affected Property : 
	Peradeniya

Insurance claim Approved.

Compensation Paid : LKR 642.

Risk Taker Paid the rest : LKR 161.

Conservative Banker rolled 6.
Conservative Banker moves from Square 8 to Square 14.

Conservative Banker Landed on Maharagama.

Rent Paid : LKR 314.
Owner : Risk Taker.

Risk Taker rolled 8.
Risk Taker moves from Square 33 to Square 1.

Risk Taker passed GO.
Collected LKR 2000.
Current Balance LKR 3938.

Opportunistic Trader rolled 7.
Opportunistic Trader moves from Square 14 to Square 21.

Opportunistic Trader Landed on Free Parking.

Aggressive Investor rolled 3.
Aggressive Investor moves from Square 8 to Square 11.

Aggressive Investor Landed on Jail (Just Visiting).

Conservative Banker rolled 8.
Conservative Banker moves from Square 14 to Square 22.

Conservative Banker Landed on Kandy City.

Rent Paid : LKR 504.
Owner : Risk Taker.

Risk Taker rolled 5.
Risk Taker moves from Square 1 to Square 6.

Risk Taker Landed on Colombo Fort Railway Station.

Rent Paid : LKR 500.
Owner : Aggressive Investor.

Opportunistic Trader rolled 7.
Opportunistic Trader moves from Square 21 to Square 28.

Opportunistic Trader Landed on Unawatuna.

Rent Paid : LKR 694.
Owner : Risk Taker.

Aggressive Investor rolled 7.
Aggressive Investor moves from Square 11 to Square 18.

Aggressive Investor Landed on Sri Lanka Insurance.

Basic Property Insurance purchased.
Property : Galle Face.
Premium : LKR 706.

Conservative Banker rolled 7.
Conservative Banker moves from Square 22 to Square 29.

Conservative Banker Landed on National Water Supply and Drainage Board.

Rent Paid : LKR 28.
Owner : Opportunistic Trader.

Risk Taker rolled 7.
Risk Taker moves from Square 6 to Square 13.

Risk Taker Landed on Ceylon Electricity Board.

Rent Paid : LKR 28.
Owner : Conservative Banker.

Opportunistic Trader rolled 7.
Opportunistic Trader moves from Square 28 to Square 35.

Opportunistic Trader Landed on Trincomalee.

Aggressive Investor rolled 7.
Aggressive Investor moves from Square 18 to Square 25.

Aggressive Investor Landed on Katugastota.

Rent Paid : LKR 560.
Owner : Conservative Banker.

Conservative Banker rolled 3.
Conservative Banker moves from Square 29 to Square 32.

Conservative Banker Landed on Jaffna Town.

Rent Paid : LKR 840.
Owner : Opportunistic Trader.

Risk Taker rolled 5.
Risk Taker moves from Square 13 to Square 18.

Risk Taker Landed on Sri Lanka Insurance.

Basic Property Insurance renewed.
Property : Maradana.
Premium : LKR 86.

Comprehensive Insurance renewed.
Property : Wellawatta.
Premium : LKR 260.

Basic Property Insurance renewed.
Property : Kandy City.
Premium : LKR 305.

Basic Property Insurance renewed.
Property : Unawatuna.
Premium : LKR 327.

Opportunistic Trader rolled 8.
Opportunistic Trader moves from Square 35 to Square 3.

Opportunistic Trader passed GO.
Collected LKR 2000.
Current Balance LKR 4690.

Opportunistic Trader Landed on Community Development Fund.

Community Development Fund Amount : LKR 3170.
Opportunistic Trader paid Full Community Development Fund Amount.
Remaining Balance : LKR 1520.


=================== Round 12 Summary ===================

Player : Opportunistic Trader 
	 Cash             : LKR    1520
	 Net Worth        : LKR   31625
	 Properties       :           3
	 Hotels           :           0
	 Outstanding Loan : LKR       0

	 Active National Event Cards : 
	 Economic Downturn        (04 rounds left)
	 Interest Rate Cut        (05 rounds left)
	 Festival Season          (08 rounds left)
	 Property Revaluation     (09 rounds left)
	 Currency Depreciation    (11 rounds left)

Player : Aggressive Investor 
	 Cash             : LKR    3060
	 Net Worth        : LKR   35642
	 Properties       :           2
	 Hotels           :           0
	 Outstanding Loan : LKR       0

	 Active National Event Cards : 
	 Tourism Hype             (04 rounds left)
	 Heavy Floods             (01 rounds left)
	 Housing Subsidy          (05 rounds left)
	 Interest Rate Increase   (07 rounds left)

Player : Conservative Banker 
	 Cash             : LKR   23455
	 Net Worth        : LKR   65840
	 Properties       :           7
	 Hotels           :           0
	 Outstanding Loan : LKR       0

	 Active National Event Cards : 
	 Fuel Shortage            (05 rounds left)
	 Stock Market Rise        (04 rounds left)
	 Foreign Funding          (07 rounds left)
	 Port Expansion           (08 rounds left)

Player : Risk Taker 
	 Cash             : LKR    3630
	 Net Worth        : LKR   42994
	 Properties       :          10
	 Hotels           :           0
	 Outstanding Loan : LKR   18912

	 Active National Event Cards : 
	 Insurance Discount       (10 rounds left)

=============== Current Market Conditions ==============

Inflation : +12%         Current Loan Interest  : 8.96%

----------- Market Condition (08 rounds left) ----------

Market Boom     : Premium Estates      (+15%)

Market Decline  : Premium Estates      (-15%)


--------------------------------------------------------
Aggressive Investor rolled 2.
Aggressive Investor moves from Square 25 to Square 27.

Aggressive Investor Landed on Galle Fort.

Rent Paid : LKR 672.
Owner : Risk Taker.

Conservative Banker rolled 4.
Conservative Banker moves from Square 32 to Square 36.

Conservative Banker Landed on Jaffna Railway Station.

Rent Paid : LKR 250.
Owner : Risk Taker.

Risk Taker rolled 6.
Risk Taker moves from Square 18 to Square 24.

Risk Taker Landed on Peradeniya.

Opportunistic Trader rolled 6.
Opportunistic Trader moves from Square 3 to Square 9.

Opportunistic Trader Landed on Wellawatta.

Rent Paid : LKR 224.
Owner : Risk Taker.

Aggressive Investor rolled 6.
Aggressive Investor moves from Square 27 to Square 33.

Aggressive Investor Landed on Nallur.

Rent Paid : LKR 874.
Owner : Conservative Banker.

Conservative Banker rolled 9.
Conservative Banker moves from Square 36 to Square 5.

Conservative Banker passed GO.
Collected LKR 2000.
Current Balance LKR 26079.

Conservative Banker Landed on Income Tax.

Income Tax Amount : LKR 10270.
Conservative Banker paid Full Income Tax Amount.
Remaining Balance : LKR 15809.

Risk Taker rolled 4.
Risk Taker moves from Square 24 to Square 28.

Risk Taker Landed on Unawatuna.

Opportunistic Trader rolled 8.
Opportunistic Trader moves from Square 9 to Square 17.

Opportunistic Trader Landed on Negombo.

Rent Paid : LKR 392.
Owner : Conservative Banker.

Aggressive Investor rolled 8.
Aggressive Investor moves from Square 33 to Square 1.

Aggressive Investor passed GO.
Collected LKR 2000.
Current Balance LKR 3514.

Conservative Banker rolled 7.
Conservative Banker moves from Square 5 to Square 12.

Conservative Banker Landed on Nugegoda.

Risk Taker rolled 5.
Risk Taker moves from Square 28 to Square 33.

Risk Taker Landed on Nallur.

Rent Paid : LKR 874.
Owner : Conservative Banker.

Opportunistic Trader rolled 9.
Opportunistic Trader moves from Square 17 to Square 26.

Opportunistic Trader Landed on Galle Railway Station.

Rent Paid : LKR 500.
Owner : Aggressive Investor.

Aggressive Investor rolled 8.
Aggressive Investor moves from Square 1 to Square 9.

Aggressive Investor Landed on Wellawatta.

Rent Paid : LKR 224.
Owner : Risk Taker.

Conservative Banker rolled 11.
Conservative Banker moves from Square 12 to Square 23.

Conservative Banker Landed on National Event Card.

Conservative Banker draws Political Rally Card.
One random property closed for 2 rounds.

Ja-Ela is closed for 2 rounds.

Risk Taker rolled 9.
Risk Taker moves from Square 33 to Square 2.

Risk Taker passed GO.
Collected LKR 2000.
Current Balance LKR 6126.

Risk Taker Landed on Pettah.

Rent Paid : LKR 112.
Owner : Conservative Banker.

Opportunistic Trader rolled 2.
Opportunistic Trader moves from Square 26 to Square 28.

Opportunistic Trader Landed on Unawatuna.

Opportunistic Trader do not have enough cash to pay rent.
Cash Balance : LKR 404.
Required Amount : LKR 694

Opportunistic Trader decided to sell a property.

Auction Started.
Property :
	National Water Supply and Drainage Board
Opening Bid : 
	LKR 902.

Bidders : [ <Aggressive Investor>  <Conservative Banker>  <Risk Taker> ]

Aggressive Investor bids LKR 1152.
Conservative Banker bids LKR 1402.
Risk Taker bids LKR 1652.

Aggressive Investor bids LKR 1902.
Conservative Banker withdraws.
Risk Taker bids LKR 2152.

Aggressive Investor withdraws.
Risk Taker bids LKR 2402.

Opportunistic Trader sold National Water Supply and Drainage Board for LKR 2402 in the auction.
Cash Balance : LKR 2806.

Risk Taker wins the auction.
Risk Taker purchased National Water Supply and Drainage Board for LKR 2402.
Remaining Balance : LKR 3612.

Rent Paid : LKR 694.
Owner : Risk Taker.

Aggressive Investor rolled 5.
Aggressive Investor moves from Square 9 to Square 14.

Aggressive Investor Landed on Maharagama.

Rent Paid : LKR 314.
Owner : Risk Taker.

Conservative Banker rolled 11.
Conservative Banker moves from Square 23 to Square 34.

Conservative Banker Landed on Ceylinco Insurance.

Comprehensive Insurance purchased.
Property : Pettah.
Premium : LKR 181.

Comprehensive Insurance purchased.
Property : Nugegoda.
Premium : LKR 422.

Comprehensive Insurance purchased.
Property : Katunayake.
Premium : LKR 566.

Comprehensive Insurance purchased.
Property : Katugastota.
Premium : LKR 831.

Comprehensive Insurance purchased.
Property : Nallur.
Premium : LKR 1000.

Risk Taker rolled 4.
Risk Taker moves from Square 2 to Square 6.

Risk Taker Landed on Colombo Fort Railway Station.

Rent Paid : LKR 500.
Owner : Aggressive Investor.

Opportunistic Trader rolled 6.
Opportunistic Trader moves from Square 28 to Square 34.

Opportunistic Trader Landed on Ceylinco Insurance.

Comprehensive Insurance renewed.
Property : Hikkaduwa.
Premium : LKR 843.

Comprehensive Insurance renewed.
Property : Jaffna Town.
Premium : LKR 963.

Not enough money to renew insurance premium.

Aggressive Investor rolled 7.
Aggressive Investor moves from Square 14 to Square 21.

Aggressive Investor Landed on Free Parking.

Conservative Banker rolled 6.
Conservative Banker moves from Square 34 to Square 40.

Conservative Banker Landed on Galle Face.

Rent Paid : LKR 4838.
Owner : Aggressive Investor.

Risk Taker rolled 11.
Risk Taker moves from Square 6 to Square 17.

Risk Taker Landed on Negombo.

Rent Paid : LKR 392.
Owner : Conservative Banker.

Opportunistic Trader rolled 2.
Opportunistic Trader moves from Square 34 to Square 36.

Opportunistic Trader Landed on Jaffna Railway Station.

Rent Paid : LKR 250.
Owner : Risk Taker.

Aggressive Investor rolled 6.
Aggressive Investor moves from Square 21 to Square 27.

Aggressive Investor Landed on Galle Fort.

Rent Paid : LKR 672.
Owner : Risk Taker.

Conservative Banker rolled 11.
Conservative Banker moves from Square 40 to Square 11.

Conservative Banker passed GO.
Collected LKR 2000.
Current Balance LKR 11741.

Conservative Banker Landed on Jail (Just Visiting).

Risk Taker rolled 2.
Risk Taker moves from Square 17 to Square 19.

Risk Taker Landed on Katunayake.

Rent Paid : LKR 414.
Owner : Conservative Banker.

Opportunistic Trader rolled 11.
Opportunistic Trader moves from Square 36 to Square 7.

Opportunistic Trader passed GO.
Collected LKR 2000.
Current Balance LKR 2056.

Opportunistic Trader Landed on Bambalapitiya.

Rent Paid : LKR 202.
Owner : Conservative Banker.


=================== Round 13 Summary ===================

Player : Opportunistic Trader 
	 Cash             : LKR    1854
	 Net Worth        : LKR   30154
	 Properties       :           3
	 Hotels           :           0
	 Outstanding Loan : LKR       0

	 Active National Event Cards : 
	 Economic Downturn        (03 rounds left)
	 Interest Rate Cut        (04 rounds left)
	 Festival Season          (07 rounds left)
	 Property Revaluation     (08 rounds left)
	 Currency Depreciation    (10 rounds left)

Player : Aggressive Investor 
	 Cash             : LKR    8142
	 Net Worth        : LKR   40724
	 Properties       :           2
	 Hotels           :           0
	 Outstanding Loan : LKR       0

	 Active National Event Cards : 
	 Tourism Hype             (03 rounds left)
	 Housing Subsidy          (04 rounds left)
	 Interest Rate Increase   (06 rounds left)

Player : Conservative Banker 
	 Cash             : LKR   12357
	 Net Worth        : LKR   54742
	 Properties       :           7
	 Hotels           :           0
	 Outstanding Loan : LKR       0

	 Active National Event Cards : 
	 Fuel Shortage            (03 rounds left)
	 Political Rally          (01 rounds left)
	 Stock Market Rise        (02 rounds left)
	 Foreign Funding          (05 rounds left)
	 Port Expansion           (06 rounds left)

Player : Risk Taker 
	 Cash             : LKR    4236
	 Net Worth        : LKR   45405
	 Properties       :          10
	 Hotels           :           0
	 Outstanding Loan : LKR   18912

	 Active National Event Cards : 
	 Insurance Discount       (09 rounds left)

=============== Current Market Conditions ==============

Inflation : +12%         Current Loan Interest  : 8.96%

----------- Market Condition (07 rounds left) ----------

Market Boom     : Premium Estates      (+15%)

Market Decline  : Premium Estates      (-15%)


--------------------------------------------------------
Aggressive Investor rolled 3.
Aggressive Investor moves from Square 27 to Square 30.

Aggressive Investor Landed on Hikkaduwa.

Rent Paid : LKR 728.
Owner : Opportunistic Trader.

Conservative Banker rolled 7.
Conservative Banker moves from Square 11 to Square 18.

Conservative Banker Landed on Sri Lanka Insurance.

Comprehensive Insurance renewed.
Property : Bambalapitiya.
Premium : LKR 301.

Comprehensive Insurance renewed.
Property : Negombo.
Premium : LKR 542.

Risk Taker rolled 6.
Risk Taker moves from Square 19 to Square 25.

Risk Taker Landed on Katugastota.

Rent Paid : LKR 560.
Owner : Conservative Banker.

Opportunistic Trader rolled 9.
Opportunistic Trader moves from Square 7 to Square 16.

Opportunistic Trader Landed on Kandy Railway Station.

Rent Paid : LKR 500.
Owner : Conservative Banker.

Aggressive Investor rolled 8.
Aggressive Investor moves from Square 30 to Square 38.

Aggressive Investor Landed on Nuwara Eliya.

Aggressive Investor constructed one house on Nuwara Eliya.
Construction cost : LKR 2846.

Aggressive Investor renovated buildings in Galle Face for LKR 142.
Remaining Balance : LKR 4426.

Conservative Banker rolled 3.
Conservative Banker moves from Square 18 to Square 21.

Conservative Banker Landed on Free Parking.

Risk Taker rolled 7.
Risk Taker moves from Square 25 to Square 32.

Risk Taker Landed on Jaffna Town.

Rent Paid : LKR 840.
Owner : Opportunistic Trader.

Opportunistic Trader rolled 9.
Opportunistic Trader moves from Square 16 to Square 25.

Opportunistic Trader Landed on Katugastota.

Rent Paid : LKR 560.
Owner : Conservative Banker.

Aggressive Investor rolled 10.
Aggressive Investor moves from Square 38 to Square 8.

Aggressive Investor passed GO.
Collected LKR 2000.
Current Balance LKR 6426.

Aggressive Investor Landed on National Event Cards.

Aggressive Investor draws Stock Market Rise Card.
All property values increase by 10%.

Conservative Banker rolled 7.
Conservative Banker moves from Square 21 to Square 28.

Conservative Banker Landed on Unawatuna.

Rent Paid : LKR 694.
Owner : Risk Taker.

Risk Taker rolled 11.
Risk Taker moves from Square 32 to Square 3.

Risk Taker passed GO.
Collected LKR 2000.
Current Balance LKR 5530.

Risk Taker Landed on Community Development Fund.

Community Development Fund Amount : LKR 6913.
Risk Taker partially paid Community Development Fund.
Remaining Balance : LKR 0.

Opportunistic Trader rolled 6.
Opportunistic Trader moves from Square 25 to Square 31.

Opportunistic Trader Landed on Go To Jail.

Opportunistic Trader is in Jail.
Opportunistic Trader moves from Square 31 to Square 11.

Aggressive Investor rolled 7.
Aggressive Investor moves from Square 8 to Square 15.

Aggressive Investor Landed on Kottawa.

Rent Paid : LKR 336.
Owner : Risk Taker.

Conservative Banker rolled 8.
Conservative Banker moves from Square 28 to Square 36.

Conservative Banker Landed on Jaffna Railway Station.

Rent Paid : LKR 250.
Owner : Risk Taker.

Risk Taker rolled 6.
Risk Taker moves from Square 3 to Square 9.

Risk Taker Landed on Wellawatta.

Opportunistic Trader got out of Jail by paying bail of LKR 300.

Opportunistic Trader rolled 6.
Opportunistic Trader moves from Square 11 to Square 17.

Opportunistic Trader Landed on Negombo.

Rent Paid : LKR 392.
Owner : Conservative Banker.

Aggressive Investor rolled 6.
Aggressive Investor moves from Square 15 to Square 21.

Aggressive Investor Landed on Free Parking.

Conservative Banker rolled 4.
Conservative Banker moves from Square 36 to Square 40.

Conservative Banker Landed on Galle Face.

Rent Paid : LKR 5376.
Owner : Aggressive Investor.

Risk Taker rolled 8.
Risk Taker moves from Square 9 to Square 17.

Risk Taker Landed on Negombo.

Rent Paid : LKR 392.
Owner : Conservative Banker.

Opportunistic Trader rolled 8.
Opportunistic Trader moves from Square 17 to Square 25.

Opportunistic Trader Landed on Katugastota.

Rent Paid : LKR 560.
Owner : Conservative Banker.

Aggressive Investor rolled 5.
Aggressive Investor moves from Square 21 to Square 26.

Aggressive Investor Landed on Galle Railway Station.

Conservative Banker rolled 10.
Conservative Banker moves from Square 40 to Square 10.

Ja-Ela is open again.

Conservative Banker passed GO.
Collected LKR 2000.
Current Balance LKR 10158.

Conservative Banker Landed on Mount Lavinia.

Rent Paid : LKR 246.
Owner : Risk Taker.

Risk Taker rolled 3.
Risk Taker moves from Square 17 to Square 20.

Risk Taker Landed on Ja-Ela.

Opportunistic Trader rolled 7.
Opportunistic Trader moves from Square 25 to Square 32.

Opportunistic Trader Landed on Jaffna Town.

Aggressive Investor rolled 6.
Aggressive Investor moves from Square 26 to Square 32.

Aggressive Investor Landed on Jaffna Town.

Rent Paid : LKR 840.
Owner : Opportunistic Trader.

Conservative Banker rolled 7.
Conservative Banker moves from Square 10 to Square 17.

Conservative Banker Landed on Negombo.

Risk Taker rolled 5.
Risk Taker moves from Square 20 to Square 25.

Risk Taker Landed on Katugastota.

Risk Taker do not have enough cash to pay rent.
Cash Balance : LKR 440.
Required Amount : LKR 560

Risk Taker decided to sell a property.

Auction Started.
Property :
	National Water Supply and Drainage Board
Opening Bid : 
	LKR 993.

Bidders : [ <Opportunistic Trader>  <Aggressive Investor>  <Conservative Banker> ]

Opportunistic Trader bids LKR 1243.
Aggressive Investor bids LKR 1493.
Conservative Banker bids LKR 1743.

Opportunistic Trader withdraws.
Aggressive Investor bids LKR 1993.
Conservative Banker withdraws.

Risk Taker sold National Water Supply and Drainage Board for LKR 1993 in the auction.
Cash Balance : LKR 2433.

Aggressive Investor wins the auction.
Aggressive Investor purchased National Water Supply and Drainage Board for LKR 1993.
Remaining Balance : LKR 8633.

Rent Paid : LKR 560.
Owner : Conservative Banker.

Opportunistic Trader rolled 6.
Opportunistic Trader moves from Square 32 to Square 38.

Opportunistic Trader Landed on Nuwara Eliya.

Opportunistic Trader do not have enough cash to pay rent.
Cash Balance : LKR 1950.
Required Amount : LKR 4480

Opportunistic Trader decided to sell a property.

Auction Started.
Property :
	Hikkaduwa
Opening Bid : 
	LKR 4636.

Bidders : [ <Conservative Banker> ]

Conservative Banker bids LKR 4636.

Opportunistic Trader sold Hikkaduwa for LKR 4636 in the auction.
Cash Balance : LKR 6586.

Conservative Banker wins the auction.
Conservative Banker purchased Hikkaduwa for LKR 4636.
Remaining Balance : LKR 5836.

Rent Paid : LKR 4480.
Owner : Aggressive Investor.

Aggressive Investor rolled 11.
Aggressive Investor moves from Square 32 to Square 3.

Aggressive Investor passed GO.
Collected LKR 2000.
Current Balance LKR 15113.

Aggressive Investor Landed on Community Development Fund.

Community Development Fund Amount : LKR 3191.
Aggressive Investor paid Full Community Development Fund Amount.
Remaining Balance : LKR 11922.

Conservative Banker rolled 8.
Conservative Banker moves from Square 17 to Square 25.

Conservative Banker Landed on Katugastota.

Risk Taker rolled 5.
Risk Taker moves from Square 25 to Square 30.

Risk Taker Landed on Hikkaduwa.

Risk Taker settled outstanding taxes of LKR 1383.

Risk Taker do not have enough cash to pay rent.
Cash Balance : LKR 490.
Required Amount : LKR 728

Risk Taker has been declared bankrupt.
Remaining assets transferred to the Bank.

Auction Started.
Property :
	Maradana
Opening Bid : 
	LKR 1192.

Bidders : [ <Opportunistic Trader>  <Conservative Banker> ]

Opportunistic Trader bids LKR 1442.
Conservative Banker bids LKR 1692.

Opportunistic Trader bids LKR 1942.
Conservative Banker bids LKR 2192.

Opportunistic Trader withdraws.

Conservative Banker wins the auction.
Conservative Banker purchased Maradana for LKR 2192.
Remaining Balance : LKR 3644.

Auction Started.
Property :
	Wellawatta
Opening Bid : 
	LKR 1788.

Bidders : [ <Opportunistic Trader>  <Conservative Banker> ]

Opportunistic Trader bids LKR 2038.
Conservative Banker bids LKR 2288.

Opportunistic Trader withdraws.
Conservative Banker bids LKR 2538.

Conservative Banker wins the auction.
Conservative Banker purchased Wellawatta for LKR 2538.
Remaining Balance : LKR 1106.

Auction Started.
Property :
	Mount Lavinia
Opening Bid : 
	LKR 1987.

Bidders : [ <Opportunistic Trader> ]

Opportunistic Trader bids LKR 1987.

Opportunistic Trader wins the auction.
Opportunistic Trader purchased Mount Lavinia for LKR 1987.
Remaining Balance : LKR 119.

Auction Started.
Property :
	Maharagama
Opening Bid : 
	LKR 2517.

Bidders : []

No bidder property goes back to bank.

Auction Started.
Property :
	Kottawa
Opening Bid : 
	LKR 2649.

Bidders : []

No bidder property goes back to bank.

Auction Started.
Property :
	Ja-Ela
Opening Bid : 
	LKR 3311.

Bidders : []

No bidder property goes back to bank.

Auction Started.
Property :
	Kandy City
Opening Bid : 
	LKR 4189.

Bidders : []

No bidder property goes back to bank.

Auction Started.
Property :
	Peradeniya
Opening Bid : 
	LKR 4417.

Bidders : []

No bidder property goes back to bank.

Auction Started.
Property :
	Galle Fort
Opening Bid : 
	LKR 4305.

Bidders : []

No bidder property goes back to bank.

Auction Started.
Property :
	Unawatuna
Opening Bid : 
	LKR 4504.

Bidders : []

No bidder property goes back to bank.

Auction Started.
Property :
	Jaffna Railway Station
Opening Bid : 
	LKR 1191.

Bidders : [ <Aggressive Investor> ]

Aggressive Investor bids LKR 1191.

Aggressive Investor wins the auction.
Aggressive Investor purchased Jaffna Railway Station for LKR 1191.
Remaining Balance : LKR 10731.

Opportunistic Trader rolled 6.
Opportunistic Trader moves from Square 38 to Square 4.

Opportunistic Trader passed GO.
Collected LKR 2000.
Current Balance LKR 2119.

Opportunistic Trader Landed on Maradana.

Rent Paid : LKR 134.
Owner : Conservative Banker.


=================== Round 14 Summary ===================

Player : Opportunistic Trader 
	 Cash             : LKR    1985
	 Net Worth        : LKR   27816
	 Properties       :           3
	 Hotels           :           0
	 Outstanding Loan : LKR       0

	 Active National Event Cards : 
	 Economic Downturn        (02 rounds left)
	 Interest Rate Cut        (03 rounds left)
	 Festival Season          (06 rounds left)
	 Property Revaluation     (07 rounds left)
	 Currency Depreciation    (09 rounds left)

Player : Aggressive Investor 
	 Cash             : LKR   10731
	 Net Worth        : LKR   53552
	 Properties       :           2
	 Hotels           :           0
	 Outstanding Loan : LKR       0

	 Active National Event Cards : 
	 Tourism Hype             (01 rounds left)
	 Stock Market Rise        (14 rounds left)
	 Housing Subsidy          (02 rounds left)
	 Interest Rate Increase   (04 rounds left)

Player : Conservative Banker 
	 Cash             : LKR    1240
	 Net Worth        : LKR   63099
	 Properties       :          10
	 Hotels           :           0
	 Outstanding Loan : LKR       0

	 Active National Event Cards : 
	 Fuel Shortage            (02 rounds left)
	 Stock Market Rise        (01 rounds left)
	 Foreign Funding          (04 rounds left)
	 Port Expansion           (05 rounds left)

Player : Risk Taker (Bankrupt)
	
=============== Current Market Conditions ==============

Inflation : +12%         Current Loan Interest  : 8.96%

----------- Market Condition (06 rounds left) ----------

Market Boom     : Premium Estates      (+15%)

Market Decline  : Premium Estates      (-15%)


--------------------------------------------------------
Aggressive Investor rolled 4.
Aggressive Investor moves from Square 3 to Square 7.

Aggressive Investor Landed on Bambalapitiya.

Rent Paid : LKR 202.
Owner : Conservative Banker.

Conservative Banker rolled 8.
Conservative Banker moves from Square 25 to Square 33.

Conservative Banker Landed on Nallur.

Opportunistic Trader rolled 6.
Opportunistic Trader moves from Square 4 to Square 10.

Opportunistic Trader Landed on Mount Lavinia.

Aggressive Investor rolled 8.
Aggressive Investor moves from Square 7 to Square 15.

Aggressive Investor Landed on Kottawa.

Auction Started.
Property :
	Kottawa
Opening Bid : 
	LKR 2649.

Bidders : []

No bidder property goes back to bank.

Conservative Banker rolled 7.
Conservative Banker moves from Square 33 to Square 40.

Conservative Banker Landed on Galle Face.

Conservative Banker do not have enough cash to pay rent.
Cash Balance : LKR 1442.
Required Amount : LKR 5376

Conservative Banker decided to sell a property.

Auction Started.
Property :
	Pettah
Opening Bid : 
	LKR 993.

Bidders : [ <Opportunistic Trader> ]

Opportunistic Trader bids LKR 993.

Conservative Banker sold Pettah for LKR 993 in the auction.
Cash Balance : LKR 2435.

Opportunistic Trader wins the auction.
Opportunistic Trader purchased Pettah for LKR 993.
Remaining Balance : LKR 992.

Conservative Banker decided to sell a property.

Auction Started.
Property :
	Maradana
Opening Bid : 
	LKR 1192.

Bidders : []

No bidder property goes back to owner.

Conservative Banker sold Maradana to Bank of Ceylon for LKR 900.

Conservative Banker decided to sell a property.

Auction Started.
Property :
	Bambalapitiya
Opening Bid : 
	LKR 1656.

Bidders : []

No bidder property goes back to owner.

Conservative Banker sold Bambalapitiya to Bank of Ceylon for LKR 1250.

Conservative Banker decided to sell a property.

Auction Started.
Property :
	Wellawatta
Opening Bid : 
	LKR 1788.

Bidders : []

No bidder property goes back to owner.

Conservative Banker sold Wellawatta to Bank of Ceylon for LKR 1350.

Rent Paid : LKR 5376.
Owner : Aggressive Investor.

Opportunistic Trader rolled 4.
Opportunistic Trader moves from Square 10 to Square 14.

Opportunistic Trader Landed on Maharagama.

Auction Started.
Property :
	Maharagama
Opening Bid : 
	LKR 2517.

Bidders : []

No bidder property goes back to bank.

Aggressive Investor rolled 10.
Aggressive Investor moves from Square 15 to Square 25.

Aggressive Investor Landed on Katugastota.

Rent Paid : LKR 560.
Owner : Conservative Banker.

Conservative Banker rolled 8.
Conservative Banker moves from Square 40 to Square 8.

Conservative Banker passed GO.
Collected LKR 2000.
Current Balance LKR 3119.

Conservative Banker Landed on National Event Cards.

Conservative Banker draws Economic Downturn Card.
Property values decrease by 15%.

Opportunistic Trader rolled 7.
Opportunistic Trader moves from Square 14 to Square 21.

Opportunistic Trader Landed on Free Parking.

Aggressive Investor rolled 7.
Aggressive Investor moves from Square 25 to Square 32.

Aggressive Investor Landed on Jaffna Town.

Rent Paid : LKR 840.
Owner : Opportunistic Trader.

Conservative Banker rolled 4.
Conservative Banker moves from Square 8 to Square 12.

Conservative Banker Landed on Nugegoda.

Opportunistic Trader rolled 8.
Opportunistic Trader moves from Square 21 to Square 29.

Opportunistic Trader Landed on National Water Supply and Drainage Board.

Rent Paid : LKR 32.
Owner : Aggressive Investor.

Aggressive Investor rolled 4.
Aggressive Investor moves from Square 32 to Square 36.

Aggressive Investor Landed on Jaffna Railway Station.

Conservative Banker rolled 6.
Conservative Banker moves from Square 12 to Square 18.

Conservative Banker Landed on Sri Lanka Insurance.

Comprehensive Insurance renewed.
Property : Negombo.
Premium : LKR 456.

Comprehensive Insurance purchased.
Property : Hikkaduwa.
Premium : LKR 709.

Opportunistic Trader rolled 8.
Opportunistic Trader moves from Square 29 to Square 37.

Opportunistic Trader Landed on National Event Card.

Opportunistic Trader draws Housing Subsidy Card.
House construction cost reduced by 30%.

Aggressive Investor rolled 7.
Aggressive Investor moves from Square 36 to Square 3.

Aggressive Investor passed GO.
Collected LKR 2000.
Current Balance LKR 16537.

Aggressive Investor Landed on Community Development Fund.

Community Development Fund Amount : LKR 2441.
Aggressive Investor paid Full Community Development Fund Amount.
Remaining Balance : LKR 14096.

Conservative Banker rolled 8.
Conservative Banker moves from Square 18 to Square 26.

Conservative Banker Landed on Galle Railway Station.

Rent Paid : LKR 1000.
Owner : Aggressive Investor.

Opportunistic Trader rolled 8.
Opportunistic Trader moves from Square 37 to Square 5.

Opportunistic Trader passed GO.
Collected LKR 2000.
Current Balance LKR 3800.

Opportunistic Trader Landed on Income Tax.

Income Tax Amount : LKR 3762.
Opportunistic Trader paid Full Income Tax Amount.
Remaining Balance : LKR 38.

Economic Event
	Stock Market Boom
	Property values increase 10%.
	Loan interest decreases by 10%


=================== Round 15 Summary ===================

Player : Opportunistic Trader 
	 Cash             : LKR      38
	 Net Worth        : LKR   23445
	 Properties       :           4
	 Hotels           :           0
	 Outstanding Loan : LKR       0

	 Active National Event Cards : 
	 Economic Downturn        (01 rounds left)
	 Housing Subsidy          (14 rounds left)
	 Interest Rate Cut        (02 rounds left)
	 Festival Season          (05 rounds left)
	 Property Revaluation     (06 rounds left)
	 Currency Depreciation    (08 rounds left)

Player : Aggressive Investor 
	 Cash             : LKR   15096
	 Net Worth        : LKR   51953
	 Properties       :           2
	 Hotels           :           0
	 Outstanding Loan : LKR       0

	 Active National Event Cards : 
	 Stock Market Rise        (13 rounds left)
	 Housing Subsidy          (01 rounds left)
	 Interest Rate Increase   (03 rounds left)

Player : Conservative Banker 
	 Cash             : LKR     954
	 Net Worth        : LKR   43533
	 Properties       :           6
	 Hotels           :           0
	 Outstanding Loan : LKR       0

	 Active National Event Cards : 
	 Fuel Shortage            (01 rounds left)
	 Economic Downturn        (15 rounds left)
	 Foreign Funding          (03 rounds left)
	 Port Expansion           (04 rounds left)

Player : Risk Taker (Bankrupt)
	
=============== Current Market Conditions ==============

Inflation : +12%         Current Loan Interest  : 8.06%

----------- Market Condition (05 rounds left) ----------

Market Boom     : Premium Estates      (+15%)

Market Decline  : Premium Estates      (-15%)

--------------- Regional Development Cards -------------

Transport Strike                   -40% (15 rounds left)

--------------------------------------------------------
Aggressive Investor rolled 6.
Aggressive Investor moves from Square 3 to Square 9.

Aggressive Investor Landed on Wellawatta.

Auction Started.
Property :
	Wellawatta
Opening Bid : 
	LKR 1504.

Bidders : []

No bidder property goes back to bank.

Conservative Banker rolled 3.
Conservative Banker moves from Square 26 to Square 29.

Conservative Banker Landed on National Water Supply and Drainage Board.

Rent Paid : LKR 12.
Owner : Aggressive Investor.

Opportunistic Trader rolled 10.
Opportunistic Trader moves from Square 5 to Square 15.

Opportunistic Trader Landed on Kottawa.

Auction Started.
Property :
	Kottawa
Opening Bid : 
	LKR 2229.

Bidders : []

No bidder property goes back to bank.

Aggressive Investor rolled 6.
Aggressive Investor moves from Square 9 to Square 15.

Aggressive Investor Landed on Kottawa.

Auction Started.
Property :
	Kottawa
Opening Bid : 
	LKR 2229.

Bidders : []

No bidder property goes back to bank.

Conservative Banker rolled 8.
Conservative Banker moves from Square 29 to Square 37.

Conservative Banker Landed on National Event Card.

Conservative Banker draws Interest Rate Cut Card.
Loan interest reduced by 2%.

Opportunistic Trader rolled 9.
Opportunistic Trader moves from Square 15 to Square 24.

Opportunistic Trader Landed on Peradeniya.

Auction Started.
Property :
	Peradeniya
Opening Bid : 
	LKR 3717.

Bidders : []

No bidder property goes back to bank.

Aggressive Investor rolled 5.
Aggressive Investor moves from Square 15 to Square 20.

Aggressive Investor Landed on Ja-Ela.

Auction Started.
Property :
	Ja-Ela
Opening Bid : 
	LKR 2787.

Bidders : []

No bidder property goes back to bank.

Conservative Banker rolled 5.
Conservative Banker moves from Square 37 to Square 2.

Conservative Banker passed GO.
Collected LKR 2000.
Current Balance LKR 2942.

Conservative Banker Landed on Pettah.

Rent Paid : LKR 112.
Owner : Opportunistic Trader.

Opportunistic Trader rolled 6.
Opportunistic Trader moves from Square 24 to Square 30.

Opportunistic Trader Landed on Hikkaduwa.

Opportunistic Trader do not have enough cash to pay rent.
Cash Balance : LKR 150.
Required Amount : LKR 728

Opportunistic Trader decided to sell a property.

Auction Started.
Property :
	Pettah
Opening Bid : 
	LKR 835.

Bidders : [ <Conservative Banker> ]

Conservative Banker bids LKR 835.

Opportunistic Trader sold Pettah for LKR 835 in the auction.
Cash Balance : LKR 985.

Conservative Banker wins the auction.
Conservative Banker purchased Pettah for LKR 835.
Remaining Balance : LKR 1995.

Rent Paid : LKR 728.
Owner : Conservative Banker.

Aggressive Investor rolled 8.
Aggressive Investor moves from Square 20 to Square 28.

Aggressive Investor Landed on Unawatuna.

Auction Started.
Property :
	Unawatuna
Opening Bid : 
	LKR 3790.

Bidders : []

No bidder property goes back to bank.

Conservative Banker rolled 8.
Conservative Banker moves from Square 2 to Square 10.

Conservative Banker Landed on Mount Lavinia.

Rent Paid : LKR 246.
Owner : Opportunistic Trader.

Opportunistic Trader rolled 5.
Opportunistic Trader moves from Square 30 to Square 35.

Opportunistic Trader Landed on Trincomalee.

Aggressive Investor rolled 8.
Aggressive Investor moves from Square 28 to Square 36.

Aggressive Investor Landed on Jaffna Railway Station.

Conservative Banker rolled 9.
Conservative Banker moves from Square 10 to Square 19.

Conservative Banker Landed on Katunayake.

Opportunistic Trader rolled 9.
Opportunistic Trader moves from Square 35 to Square 4.

Opportunistic Trader passed GO.
Collected LKR 2000.
Current Balance LKR 2503.

Opportunistic Trader Landed on Maradana.

Auction Started.
Property :
	Maradana
Opening Bid : 
	LKR 1153.

Bidders : [ <Opportunistic Trader>  <Conservative Banker> ]

Opportunistic Trader bids LKR 1403.
Conservative Banker bids LKR 1653.

Opportunistic Trader bids LKR 1903.
Conservative Banker bids LKR 2153.

Opportunistic Trader withdraws.

Conservative Banker wins the auction.
Conservative Banker purchased Maradana for LKR 2153.
Remaining Balance : LKR 324.


=================== Round 16 Summary ===================

Player : Opportunistic Trader 
	 Cash             : LKR    2503
	 Net Worth        : LKR   27500
	 Properties       :           3
	 Hotels           :           0
	 Outstanding Loan : LKR       0

	 Active National Event Cards : 
	 Housing Subsidy          (13 rounds left)
	 Interest Rate Cut        (01 rounds left)
	 Festival Season          (04 rounds left)
	 Property Revaluation     (05 rounds left)
	 Currency Depreciation    (07 rounds left)

Player : Aggressive Investor 
	 Cash             : LKR   15108
	 Net Worth        : LKR   56715
	 Properties       :           2
	 Hotels           :           0
	 Outstanding Loan : LKR       0

	 Active National Event Cards : 
	 Stock Market Rise        (13 rounds left)
	 Housing Subsidy          (01 rounds left)
	 Interest Rate Increase   (03 rounds left)

Player : Conservative Banker 
	 Cash             : LKR     324
	 Net Worth        : LKR   53519
	 Properties       :           8
	 Hotels           :           0
	 Outstanding Loan : LKR       0

	 Active National Event Cards : 
	 Economic Downturn        (14 rounds left)
	 Interest Rate Cut        (14 rounds left)
	 Foreign Funding          (02 rounds left)
	 Port Expansion           (03 rounds left)

Player : Risk Taker (Bankrupt)
	
=============== Current Market Conditions ==============

Inflation : +12%         Current Loan Interest  : 7.90%

----------- Market Condition (04 rounds left) ----------

Market Boom     : Premium Estates      (+15%)

Market Decline  : Premium Estates      (-15%)

--------------- Regional Development Cards -------------

Transport Strike                   -40% (14 rounds left)

--------------------------------------------------------
Aggressive Investor rolled 10.
Aggressive Investor moves from Square 36 to Square 6.

Aggressive Investor passed GO.
Collected LKR 2000.
Current Balance LKR 17108.

Aggressive Investor Landed on Colombo Fort Railway Station.

Conservative Banker rolled 6.
Conservative Banker moves from Square 19 to Square 25.

Conservative Banker Landed on Katugastota.

Opportunistic Trader rolled 8.
Opportunistic Trader moves from Square 4 to Square 12.

Opportunistic Trader Landed on Nugegoda.

Rent Paid : LKR 291.
Owner : Conservative Banker.

Aggressive Investor rolled 5.
Aggressive Investor moves from Square 6 to Square 11.

Aggressive Investor Landed on Jail (Just Visiting).

Conservative Banker rolled 4.
Conservative Banker moves from Square 25 to Square 29.

Conservative Banker Landed on National Water Supply and Drainage Board.

Rent Paid : LKR 16.
Owner : Aggressive Investor.

Opportunistic Trader rolled 8.
Opportunistic Trader moves from Square 12 to Square 20.

Opportunistic Trader Landed on Ja-Ela.

Auction Started.
Property :
	Ja-Ela
Opening Bid : 
	LKR 3205.

Bidders : []

No bidder property goes back to bank.

Aggressive Investor rolled 8.
Aggressive Investor moves from Square 11 to Square 19.

Aggressive Investor Landed on Katunayake.

Rent Paid : LKR 414.
Owner : Conservative Banker.

Conservative Banker rolled 8.
Conservative Banker moves from Square 29 to Square 37.

Conservative Banker Landed on National Event Card.

Conservative Banker draws Interest Rate Increase Card.
Loan interest increased by 2%.

Opportunistic Trader rolled 5.
Opportunistic Trader moves from Square 20 to Square 25.

Opportunistic Trader Landed on Katugastota.

Rent Paid : LKR 560.
Owner : Conservative Banker.

Aggressive Investor rolled 10.
Aggressive Investor moves from Square 19 to Square 29.

Aggressive Investor Landed on National Water Supply and Drainage Board.

Conservative Banker rolled 7.
Conservative Banker moves from Square 37 to Square 4.

Conservative Banker passed GO.
Collected LKR 2000.
Current Balance LKR 3573.

Conservative Banker Landed on Maradana.

Conservative Banker constructed one house on Maradana.
Construction cost : LKR 393.

Opportunistic Trader rolled 7.
Opportunistic Trader moves from Square 25 to Square 32.

Opportunistic Trader Landed on Jaffna Town.

Aggressive Investor rolled 5.
Aggressive Investor moves from Square 29 to Square 34.

Aggressive Investor Landed on Ceylinco Insurance.

Basic Property Insurance purchased.
Property : Nuwara Eliya.
Premium : LKR 627.

Conservative Banker rolled 4.
Conservative Banker moves from Square 4 to Square 8.

Conservative Banker Landed on National Event Cards.

Conservative Banker draws Tax Amnesty Card.
Each player receives LKR 2,000.

Opportunistic Trader rolled 5.
Opportunistic Trader moves from Square 32 to Square 37.

Opportunistic Trader Landed on National Event Card.

Opportunistic Trader draws Power Failure Card.
Utility income halved for 3 rounds.

Aggressive Investor rolled 5.
Aggressive Investor moves from Square 34 to Square 39.

Aggressive Investor Landed on Bank of Ceylon.

Aggressive Investor obtained a secured loan.
Loan Amount : LKR 10789.
Outstanding Loan Amount : LKR 10789.

Collateral : 
	Colombo Fort Railway Station
	Galle Railway Station
	National Water Supply and Drainage Board
	Jaffna Railway Station
	Nuwara Eliya
	Galle Face

Interest Rate : 8.06%.
Duration : 20.

Conservative Banker rolled 7.
Conservative Banker moves from Square 8 to Square 15.

Conservative Banker Landed on Kottawa.

Auction Started.
Property :
	Kottawa
Opening Bid : 
	LKR 2564.

Bidders : [ <Opportunistic Trader>  <Conservative Banker> ]

Opportunistic Trader bids LKR 2814.
Conservative Banker bids LKR 3064.

Opportunistic Trader bids LKR 3314.
Conservative Banker bids LKR 3564.

Opportunistic Trader withdraws.
Conservative Banker bids LKR 3814.

Conservative Banker wins the auction.
Conservative Banker purchased Kottawa for LKR 3814.
Remaining Balance : LKR 1366.

Opportunistic Trader rolled 8.
Opportunistic Trader moves from Square 37 to Square 5.

Opportunistic Trader passed GO.
Collected LKR 2000.
Current Balance LKR 5652.

Opportunistic Trader Landed on Income Tax.

Income Tax Amount : LKR 4597.
Opportunistic Trader paid Full Income Tax Amount.
Remaining Balance : LKR 1055.


=================== Round 17 Summary ===================

Player : Opportunistic Trader 
	 Cash             : LKR    1055
	 Net Worth        : LKR   26052
	 Properties       :           3
	 Hotels           :           0
	 Outstanding Loan : LKR       0

	 Active National Event Cards : 
	 Housing Subsidy          (12 rounds left)
	 Power Failure            (02 rounds left)
	 Festival Season          (03 rounds left)
	 Property Revaluation     (04 rounds left)
	 Currency Depreciation    (06 rounds left)

Player : Aggressive Investor 
	 Cash             : LKR   28872
	 Net Worth        : LKR   59690
	 Properties       :           2
	 Hotels           :           0
	 Outstanding Loan : LKR   10789

	 Active National Event Cards : 
	 Stock Market Rise        (12 rounds left)
	 Interest Rate Increase   (02 rounds left)

Player : Conservative Banker 
	 Cash             : LKR    1366
	 Net Worth        : LKR   60082
	 Properties       :           9
	 Hotels           :           0
	 Outstanding Loan : LKR       0

	 Active National Event Cards : 
	 Economic Downturn        (13 rounds left)
	 Interest Rate Cut        (13 rounds left)
	 Interest Rate Increase   (14 rounds left)
	 Foreign Funding          (01 rounds left)
	 Port Expansion           (02 rounds left)

Player : Risk Taker (Bankrupt)
	
=============== Current Market Conditions ==============

Inflation : +12%         Current Loan Interest  : 8.22%

----------- Market Condition (03 rounds left) ----------

Market Boom     : Premium Estates      (+15%)

Market Decline  : Premium Estates      (-15%)

--------------- Regional Development Cards -------------

Transport Strike                   -40% (13 rounds left)

--------------------------------------------------------
Aggressive Investor rolled 6.
Aggressive Investor moves from Square 39 to Square 5.

Aggressive Investor passed GO.
Collected LKR 2000.
Current Balance LKR 30872.

Aggressive Investor Landed on Income Tax.

Income Tax Amount : LKR 9123.
Aggressive Investor paid Full Income Tax Amount.
Remaining Balance : LKR 21749.

Conservative Banker rolled 6.
Conservative Banker moves from Square 15 to Square 21.

Conservative Banker Landed on Free Parking.

Opportunistic Trader rolled 4.
Opportunistic Trader moves from Square 5 to Square 9.

Opportunistic Trader Landed on Wellawatta.

Auction Started.
Property :
	Wellawatta
Opening Bid : 
	LKR 1730.

Bidders : []

No bidder property goes back to bank.

Aggressive Investor rolled 9.
Aggressive Investor moves from Square 5 to Square 14.

Aggressive Investor Landed on Maharagama.

Aggressive Investor purchased Maharagama for LKR 4871.
Remaining Balance : LKR 16878.

Conservative Banker rolled 10.
Conservative Banker moves from Square 21 to Square 31.

Conservative Banker Landed on Go To Jail.

Conservative Banker is in Jail.
Conservative Banker moves from Square 31 to Square 11.

Opportunistic Trader rolled 8.
Opportunistic Trader moves from Square 9 to Square 17.

Opportunistic Trader Landed on Negombo.

Rent Paid : LKR 392.
Owner : Conservative Banker.

Aggressive Investor rolled 7.
Aggressive Investor moves from Square 14 to Square 21.

Aggressive Investor Landed on Free Parking.

Opportunistic Trader rolled 10.
Opportunistic Trader moves from Square 17 to Square 27.

Opportunistic Trader Landed on Galle Fort.

Auction Started.
Property :
	Galle Fort
Opening Bid : 
	LKR 4166.

Bidders : []

No bidder property goes back to bank.

Aggressive Investor rolled 10.
Aggressive Investor moves from Square 21 to Square 31.

Aggressive Investor Landed on Go To Jail.

Aggressive Investor is in Jail.
Aggressive Investor moves from Square 31 to Square 11.

Opportunistic Trader rolled 11.
Opportunistic Trader moves from Square 27 to Square 38.

Opportunistic Trader Landed on Nuwara Eliya.

Opportunistic Trader do not have enough cash to pay rent.
Cash Balance : LKR 663.
Required Amount : LKR 2240

Opportunistic Trader decided to sell a property.

Auction Started.
Property :
	Mount Lavinia
Opening Bid : 
	LKR 1923.

Bidders : []

No bidder property goes back to owner.

Opportunistic Trader sold Mount Lavinia to Bank of Ceylon for LKR 1500.

Opportunistic Trader decided to sell a property.

Auction Started.
Property :
	Jaffna Town
Opening Bid : 
	LKR 5127.

Bidders : []

No bidder property goes back to owner.

Opportunistic Trader sold Jaffna Town to Bank of Ceylon for LKR 4000.

Rent Paid : LKR 2240.
Owner : Aggressive Investor.

Aggressive Investor got out of Jail by paying bail of LKR 300.

Aggressive Investor rolled 10.
Aggressive Investor moves from Square 11 to Square 21.

Aggressive Investor Landed on Free Parking.

Conservative Banker got out of Jail after spending 3 turns idle.

Conservative Banker rolled 7.
Conservative Banker moves from Square 11 to Square 18.

Conservative Banker Landed on Sri Lanka Insurance.

Comprehensive Insurance purchased.
Property : Pettah.
Premium : LKR 192.

Comprehensive Insurance purchased.
Property : Maradana.
Premium : LKR 231.

Comprehensive Insurance purchased.
Property : Kottawa.
Premium : LKR 513.

Comprehensive Insurance renewed.
Property : Negombo.
Premium : LKR 577.

Not enough money to renew insurance premium.

Opportunistic Trader rolled 5.
Opportunistic Trader moves from Square 38 to Square 3.

Opportunistic Trader passed GO.
Collected LKR 2000.
Current Balance LKR 5923.

Opportunistic Trader Landed on Community Development Fund.

Community Development Fund Amount : LKR 1220.
Opportunistic Trader paid Full Community Development Fund Amount.
Remaining Balance : LKR 4703.


=================== Round 18 Summary ===================

Player : Opportunistic Trader 
	 Cash             : LKR    4703
	 Net Worth        : LKR   15599
	 Properties       :           1
	 Hotels           :           0
	 Outstanding Loan : LKR       0

	 Active National Event Cards : 
	 Housing Subsidy          (11 rounds left)
	 Power Failure            (01 rounds left)
	 Festival Season          (02 rounds left)
	 Property Revaluation     (03 rounds left)
	 Currency Depreciation    (05 rounds left)

Player : Aggressive Investor 
	 Cash             : LKR   18818
	 Net Worth        : LKR   53638
	 Properties       :           3
	 Hotels           :           0
	 Outstanding Loan : LKR   11658

	 Active National Event Cards : 
	 Stock Market Rise        (11 rounds left)
	 Interest Rate Increase   (01 rounds left)

Player : Conservative Banker 
	 Cash             : LKR     245
	 Net Worth        : LKR   58961
	 Properties       :           9
	 Hotels           :           0
	 Outstanding Loan : LKR       0

	 Active National Event Cards : 
	 Economic Downturn        (13 rounds left)
	 Interest Rate Cut        (13 rounds left)
	 Interest Rate Increase   (14 rounds left)
	 Foreign Funding          (01 rounds left)
	 Port Expansion           (02 rounds left)

Player : Risk Taker (Bankrupt)
	
=============== Current Market Conditions ==============

Inflation : +12%         Current Loan Interest  : 8.22%

----------- Market Condition (02 rounds left) ----------

Market Boom     : Premium Estates      (+15%)

Market Decline  : Premium Estates      (-15%)

--------------- Regional Development Cards -------------

Transport Strike                   -40% (12 rounds left)

--------------------------------------------------------
Aggressive Investor rolled 9.
Aggressive Investor moves from Square 21 to Square 30.

Aggressive Investor Landed on Hikkaduwa.

Rent Paid : LKR 728.
Owner : Conservative Banker.

Conservative Banker rolled 3.
Conservative Banker moves from Square 18 to Square 21.

Conservative Banker Landed on Free Parking.

Opportunistic Trader rolled 3.
Opportunistic Trader moves from Square 3 to Square 6.

Opportunistic Trader Landed on Colombo Fort Railway Station.

Rent Paid : LKR 600.
Owner : Aggressive Investor.

Aggressive Investor rolled 5.
Aggressive Investor moves from Square 30 to Square 35.

Aggressive Investor Landed on Trincomalee.

Rent Paid : LKR 896.
Owner : Opportunistic Trader.

Conservative Banker rolled 9.
Conservative Banker moves from Square 21 to Square 30.

Conservative Banker Landed on Hikkaduwa.

Conservative Banker renovated buildings in Maradana for LKR 19.
Remaining Balance : LKR 953.

Opportunistic Trader rolled 7.
Opportunistic Trader moves from Square 6 to Square 13.

Opportunistic Trader Landed on Ceylon Electricity Board.

Rent Paid : LKR 28.
Owner : Conservative Banker.

Aggressive Investor rolled 7.
Aggressive Investor moves from Square 35 to Square 2.

Aggressive Investor passed GO.
Collected LKR 2000.
Current Balance LKR 19794.

Aggressive Investor Landed on Pettah.

Rent Paid : LKR 112.
Owner : Conservative Banker.

Conservative Banker rolled 3.
Conservative Banker moves from Square 30 to Square 33.

Conservative Banker Landed on Nallur.

Opportunistic Trader rolled 8.
Opportunistic Trader moves from Square 13 to Square 21.

Opportunistic Trader Landed on Free Parking.

Aggressive Investor rolled 9.
Aggressive Investor moves from Square 2 to Square 11.

Aggressive Investor Landed on Jail (Just Visiting).

Conservative Banker rolled 5.
Conservative Banker moves from Square 33 to Square 38.

Conservative Banker Landed on Nuwara Eliya.

Conservative Banker do not have enough cash to pay rent.
Cash Balance : LKR 1093.
Required Amount : LKR 2016

Conservative Banker decided to sell a property.

Auction Started.
Property :
	Pettah
Opening Bid : 
	LKR 961.

Bidders : [ <Opportunistic Trader> ]

Opportunistic Trader bids LKR 961.

Conservative Banker sold Pettah for LKR 961 in the auction.
Cash Balance : LKR 2054.

Opportunistic Trader wins the auction.
Opportunistic Trader purchased Pettah for LKR 961.
Remaining Balance : LKR 4010.

Rent Paid : LKR 2016.
Owner : Aggressive Investor.

Opportunistic Trader rolled 6.
Opportunistic Trader moves from Square 21 to Square 27.

Opportunistic Trader Landed on Galle Fort.

Auction Started.
Property :
	Galle Fort
Opening Bid : 
	LKR 4166.

Bidders : []

No bidder property goes back to bank.

Aggressive Investor rolled 4.
Aggressive Investor moves from Square 11 to Square 15.

Aggressive Investor Landed on Kottawa.

Rent Paid : LKR 336.
Owner : Conservative Banker.

Conservative Banker rolled 9.
Conservative Banker moves from Square 38 to Square 7.

Conservative Banker passed GO.
Collected LKR 2000.
Current Balance LKR 2374.

Conservative Banker Landed on Bambalapitiya.

Auction Started.
Property :
	Bambalapitiya
Opening Bid : 
	LKR 1362.

Bidders : [ <Opportunistic Trader>  <Conservative Banker> ]

Opportunistic Trader bids LKR 1612.
Conservative Banker bids LKR 1862.

Opportunistic Trader bids LKR 2112.
Conservative Banker bids LKR 2362.

Opportunistic Trader bids LKR 2612.
Conservative Banker withdraws.

Opportunistic Trader wins the auction.
Opportunistic Trader purchased Bambalapitiya for LKR 2612.
Remaining Balance : LKR 1398.

Opportunistic Trader rolled 7.
Opportunistic Trader moves from Square 27 to Square 34.

Opportunistic Trader Landed on Ceylinco Insurance.

Basic Property Insurance purchased.
Property : Pettah.
Premium : LKR 82.

Basic Property Insurance purchased.
Property : Bambalapitiya.
Premium : LKR 136.

Comprehensive Insurance renewed.
Property : Trincomalee.
Premium : LKR 926.

Aggressive Investor rolled 11.
Aggressive Investor moves from Square 15 to Square 26.

Aggressive Investor Landed on Galle Railway Station.

Conservative Banker rolled 10.
Conservative Banker moves from Square 7 to Square 17.

Conservative Banker Landed on Negombo.

Opportunistic Trader rolled 6.
Opportunistic Trader moves from Square 34 to Square 40.

Opportunistic Trader Landed on Galle Face.

Opportunistic Trader do not have enough cash to pay rent.
Cash Balance : LKR 254.
Required Amount : LKR 2419

Opportunistic Trader decided to sell a property.

Auction Started.
Property :
	Pettah
Opening Bid : 
	LKR 817.

Bidders : [ <Conservative Banker> ]

Conservative Banker bids LKR 817.

Opportunistic Trader sold Pettah for LKR 817 in the auction.
Cash Balance : LKR 1071.

Conservative Banker wins the auction.
Conservative Banker purchased Pettah for LKR 817.
Remaining Balance : LKR 1557.

Opportunistic Trader decided to sell a property.

Auction Started.
Property :
	Bambalapitiya
Opening Bid : 
	LKR 1362.

Bidders : [ <Conservative Banker> ]

Conservative Banker bids LKR 1362.

Opportunistic Trader sold Bambalapitiya for LKR 1362 in the auction.
Cash Balance : LKR 2433.

Conservative Banker wins the auction.
Conservative Banker purchased Bambalapitiya for LKR 1362.
Remaining Balance : LKR 195.

Rent Paid : LKR 2419.
Owner : Aggressive Investor.

Aggressive Investor rolled 6.
Aggressive Investor moves from Square 26 to Square 32.

Aggressive Investor Landed on Jaffna Town.

Aggressive Investor purchased Jaffna Town for LKR 8717.
Remaining Balance : LKR 15064.

Conservative Banker rolled 6.
Conservative Banker moves from Square 17 to Square 23.

Conservative Banker Landed on National Event Card.

Conservative Banker draws Foreign Funding Card.
Commercial property values increase by 15%.

Opportunistic Trader rolled 8.
Opportunistic Trader moves from Square 40 to Square 8.

Opportunistic Trader passed GO.
Collected LKR 2000.
Current Balance LKR 2014.

Opportunistic Trader Landed on National Event Cards.

Opportunistic Trader draws Port Expansion Card.
Railway station values increase by 20%.


=================== Round 19 Summary ===================

Player : Opportunistic Trader 
	 Cash             : LKR    2014
	 Net Worth        : LKR   12665
	 Properties       :           1
	 Hotels           :           0
	 Outstanding Loan : LKR       0

	 Active National Event Cards : 
	 Housing Subsidy          (10 rounds left)
	 Port Expansion           (15 rounds left)
	 Festival Season          (01 rounds left)
	 Property Revaluation     (02 rounds left)
	 Currency Depreciation    (04 rounds left)

Player : Aggressive Investor 
	 Cash             : LKR   15064
	 Net Worth        : LKR   60262
	 Properties       :           4
	 Hotels           :           0
	 Outstanding Loan : LKR   11728

	 Active National Event Cards : 
	 Stock Market Rise        (10 rounds left)

Player : Conservative Banker 
	 Cash             : LKR     195
	 Net Worth        : LKR   61183
	 Properties       :          10
	 Hotels           :           0
	 Outstanding Loan : LKR       0

	 Active National Event Cards : 
	 Economic Downturn        (12 rounds left)
	 Interest Rate Cut        (12 rounds left)
	 Interest Rate Increase   (13 rounds left)
	 Foreign Funding          (15 rounds left)
	 Port Expansion           (01 rounds left)

Player : Risk Taker (Bankrupt)
	
=============== Current Market Conditions ==============

Inflation : +12%         Current Loan Interest  : 8.05%

----------- Market Condition (01 rounds left) ----------

Market Boom     : Premium Estates      (+15%)

Market Decline  : Premium Estates      (-15%)

--------------- Regional Development Cards -------------

Transport Strike                   -40% (11 rounds left)

--------------------------------------------------------
Aggressive Investor rolled 4.
Aggressive Investor moves from Square 32 to Square 36.

Aggressive Investor Landed on Jaffna Railway Station.

Conservative Banker rolled 6.
Conservative Banker moves from Square 23 to Square 29.

Conservative Banker Landed on National Water Supply and Drainage Board.

Rent Paid : LKR 24.
Owner : Aggressive Investor.

Opportunistic Trader rolled 7.
Opportunistic Trader moves from Square 8 to Square 15.

Opportunistic Trader Landed on Kottawa.

Rent Paid : LKR 336.
Owner : Conservative Banker.

Aggressive Investor rolled 6.
Aggressive Investor moves from Square 36 to Square 2.

Aggressive Investor passed GO.
Collected LKR 2000.
Current Balance LKR 17088.

Aggressive Investor Landed on Pettah.

Rent Paid : LKR 112.
Owner : Conservative Banker.

Conservative Banker rolled 5.
Conservative Banker moves from Square 29 to Square 34.

Conservative Banker Landed on Ceylinco Insurance.

Comprehensive Insurance purchased.
Property : Pettah.
Premium : LKR 188.

Comprehensive Insurance purchased.
Property : Bambalapitiya.
Premium : LKR 313.

Not enough money to renew insurance premium.

Not enough money to renew insurance premium.

Not enough money to renew insurance premium.

Not enough money to renew insurance premium.

Opportunistic Trader rolled 8.
Opportunistic Trader moves from Square 15 to Square 23.

Opportunistic Trader Landed on National Event Card.

Opportunistic Trader draws Festival Season Card.
Hotels receive 50% additional rent.

Aggressive Investor rolled 3.
Aggressive Investor moves from Square 2 to Square 5.

Aggressive Investor Landed on Income Tax.

Income Tax Amount : LKR 9325.
Aggressive Investor paid Full Income Tax Amount.
Remaining Balance : LKR 7651.

Conservative Banker rolled 7.
Conservative Banker moves from Square 34 to Square 1.

Conservative Banker passed GO.
Collected LKR 2000.
Current Balance LKR 2118.

Opportunistic Trader rolled 6.
Opportunistic Trader moves from Square 23 to Square 29.

Opportunistic Trader Landed on National Water Supply and Drainage Board.

Rent Paid : LKR 24.
Owner : Aggressive Investor.

Aggressive Investor rolled 8.
Aggressive Investor moves from Square 5 to Square 13.

Aggressive Investor Landed on Ceylon Electricity Board.

Rent Paid : LKR 32.
Owner : Conservative Banker.

Conservative Banker rolled 4.
Conservative Banker moves from Square 1 to Square 5.

Conservative Banker Landed on Income Tax.

Income Tax Amount : LKR 9390.
Conservative Banker partially paid Income Tax.
Remaining Balance : LKR 0.

Opportunistic Trader rolled 5.
Opportunistic Trader moves from Square 29 to Square 34.

Opportunistic Trader Landed on Ceylinco Insurance.

Comprehensive Insurance renewed.
Property : Trincomalee.
Premium : LKR 1065.

Aggressive Investor rolled 9.
Aggressive Investor moves from Square 13 to Square 22.

Aggressive Investor Landed on Kandy City.

Auction Started.
Property :
	Kandy City
Opening Bid : 
	LKR 3963.

Bidders : []

No bidder property goes back to bank.

Conservative Banker rolled 5.
Conservative Banker moves from Square 5 to Square 10.

Conservative Banker Landed on Mount Lavinia.

Auction Started.
Property :
	Mount Lavinia
Opening Bid : 
	LKR 1879.

Bidders : []

No bidder property goes back to bank.

Opportunistic Trader rolled 6.
Opportunistic Trader moves from Square 34 to Square 40.

Opportunistic Trader Landed on Galle Face.

Opportunistic Trader do not have enough cash to pay rent.
Cash Balance : LKR 589.
Required Amount : LKR 2419

Opportunistic Trader decided to sell a property.

Auction Started.
Property :
	Trincomalee
Opening Bid : 
	LKR 5325.

Bidders : [ <Aggressive Investor> ]

Aggressive Investor bids LKR 5325.

Opportunistic Trader sold Trincomalee for LKR 5325 in the auction.
Cash Balance : LKR 5914.

Aggressive Investor wins the auction.
Aggressive Investor purchased Trincomalee for LKR 5325.
Remaining Balance : LKR 2318.

Rent Paid : LKR 2419.
Owner : Aggressive Investor.

Aggressive Investor rolled 9.
Aggressive Investor moves from Square 22 to Square 31.

Aggressive Investor Landed on Go To Jail.

Aggressive Investor is in Jail.
Aggressive Investor moves from Square 31 to Square 11.

Conservative Banker rolled 6.
Conservative Banker moves from Square 10 to Square 16.

Conservative Banker Landed on Kandy Railway Station.

Opportunistic Trader rolled 9.
Opportunistic Trader moves from Square 40 to Square 9.

Opportunistic Trader passed GO.
Collected LKR 2000.
Current Balance LKR 5495.

Opportunistic Trader Landed on Wellawatta.

Auction Started.
Property :
	Wellawatta
Opening Bid : 
	LKR 1691.

Bidders : [ <Opportunistic Trader> ]

Opportunistic Trader bids LKR 1691.

Opportunistic Trader wins the auction.
Opportunistic Trader purchased Wellawatta for LKR 1691.
Remaining Balance : LKR 3804.

Building Collapse occurred.
Affected Property : 
	Pettah

Comprehensive Insurance doesn't cover Building Collapse.

Government Regulations
	Railway rents increase 25%.


=================== Round 20 Summary ===================

Player : Opportunistic Trader 
	 Cash             : LKR    3804
	 Net Worth        : LKR    7085
	 Properties       :           1
	 Hotels           :           0
	 Outstanding Loan : LKR       0

	 Active National Event Cards : 
	 Housing Subsidy          (09 rounds left)
	 Port Expansion           (14 rounds left)
	 Festival Season          (14 rounds left)
	 Property Revaluation     (01 rounds left)
	 Currency Depreciation    (03 rounds left)

Player : Aggressive Investor 
	 Cash             : LKR    4737
	 Net Worth        : LKR   53969
	 Properties       :           5
	 Hotels           :           0
	 Outstanding Loan : LKR   11734

	 Active National Event Cards : 
	 Stock Market Rise        (09 rounds left)

Player : Conservative Banker 
	 Cash             : LKR       0
	 Net Worth        : LKR   51157
	 Properties       :          10
	 Hotels           :           0
	 Outstanding Loan : LKR       0

	 Active National Event Cards : 
	 Economic Downturn        (11 rounds left)
	 Interest Rate Cut        (11 rounds left)
	 Interest Rate Increase   (12 rounds left)
	 Foreign Funding          (14 rounds left)

Player : Risk Taker (Bankrupt)
	
=============== Current Market Conditions ==============

Inflation : -3%         Current Loan Interest  : 7.81%

----------- Market Condition (10 rounds left) ----------

Market Boom     : Southern Province    (+15%)

Market Decline  : Northern Province    (-15%)

--------------- Regional Development Cards -------------

Transport Strike                   -40% (10 rounds left)

--------------------------------------------------------
Aggressive Investor got out of Jail by paying bail of LKR 300.

Aggressive Investor rolled 5.
Aggressive Investor moves from Square 11 to Square 16.

Aggressive Investor Landed on Kandy Railway Station.

Rent Paid : LKR 188.
Owner : Conservative Banker.

Conservative Banker rolled 5.
Conservative Banker moves from Square 16 to Square 21.

Conservative Banker Landed on Free Parking.

Opportunistic Trader rolled 7.
Opportunistic Trader moves from Square 9 to Square 16.

Opportunistic Trader Landed on Kandy Railway Station.

Rent Paid : LKR 188.
Owner : Conservative Banker.

Aggressive Investor rolled 4.
Aggressive Investor moves from Square 16 to Square 20.

Aggressive Investor Landed on Ja-Ela.

Auction Started.
Property :
	Ja-Ela
Opening Bid : 
	LKR 3038.

Bidders : [ <Opportunistic Trader> ]

Opportunistic Trader bids LKR 3038.

Opportunistic Trader wins the auction.
Opportunistic Trader purchased Ja-Ela for LKR 3038.
Remaining Balance : LKR 578.

Conservative Banker rolled 7.
Conservative Banker moves from Square 21 to Square 28.

Conservative Banker Landed on Unawatuna.

Auction Started.
Property :
	Unawatuna
Opening Bid : 
	LKR 4752.

Bidders : []

No bidder property goes back to bank.

Opportunistic Trader rolled 7.
Opportunistic Trader moves from Square 16 to Square 23.

Opportunistic Trader Landed on National Event Card.

Opportunistic Trader draws Labour Strike Card.
Construction suspended for 2 rounds.

Aggressive Investor rolled 6.
Aggressive Investor moves from Square 20 to Square 26.

Aggressive Investor Landed on Galle Railway Station.

Conservative Banker rolled 8.
Conservative Banker moves from Square 28 to Square 36.

Conservative Banker Landed on Jaffna Railway Station.

Conservative Banker do not have enough cash to pay rent.
Cash Balance : LKR 376.
Required Amount : LKR 750

Conservative Banker decided to sell a property.

Auction Started.
Property :
	Pettah
Opening Bid : 
	LKR 911.

Bidders : []

No bidder property goes back to owner.

Conservative Banker sold Pettah to Bank of Ceylon for LKR 750.

Rent Paid : LKR 750.
Owner : Aggressive Investor.

Opportunistic Trader rolled 9.
Opportunistic Trader moves from Square 23 to Square 32.

Opportunistic Trader Landed on Jaffna Town.

Opportunistic Trader do not have enough cash to pay rent.
Cash Balance : LKR 578.
Required Amount : LKR 652

Opportunistic Trader decided to sell a property.

Auction Started.
Property :
	Wellawatta
Opening Bid : 
	LKR 1640.

Bidders : []

No bidder property goes back to owner.

Opportunistic Trader sold Wellawatta to Bank of Ceylon for LKR 1350.

Rent Paid : LKR 652.
Owner : Aggressive Investor.

Aggressive Investor rolled 7.
Aggressive Investor moves from Square 26 to Square 33.

Aggressive Investor Landed on Nallur.

Rent Paid : LKR 678.
Owner : Conservative Banker.

Conservative Banker rolled 2.
Conservative Banker moves from Square 36 to Square 38.

Conservative Banker Landed on Nuwara Eliya.

Conservative Banker do not have enough cash to pay rent.
Cash Balance : LKR 1054.
Required Amount : LKR 1955

Conservative Banker decided to sell a property.

Auction Started.
Property :
	Maradana
Opening Bid : 
	LKR 1093.

Bidders : [ <Opportunistic Trader> ]

Opportunistic Trader bids LKR 1093.

Conservative Banker sold Maradana for LKR 1093 in the auction.
Cash Balance : LKR 2147.

Opportunistic Trader wins the auction.
Opportunistic Trader purchased Maradana for LKR 1093.
Remaining Balance : LKR 183.

Rent Paid : LKR 1955.
Owner : Aggressive Investor.

Opportunistic Trader rolled 7.
Opportunistic Trader moves from Square 32 to Square 39.

Opportunistic Trader Landed on Bank of Ceylon.

Aggressive Investor rolled 5.
Aggressive Investor moves from Square 33 to Square 38.

Aggressive Investor Landed on Nuwara Eliya.

Aggressive Investor constructed one house on Nuwara Eliya.
Construction cost : LKR 2512.

Aggressive Investor renovated buildings in Nuwara Eliya for LKR 251.
Remaining Balance : LKR 4165.

Aggressive Investor renovated buildings in Galle Face for LKR 125.
Remaining Balance : LKR 4039.

Conservative Banker rolled 7.
Conservative Banker moves from Square 38 to Square 5.

Conservative Banker passed GO.
Collected LKR 2000.
Current Balance LKR 2192.

Conservative Banker Landed on Income Tax.

Income Tax Amount : LKR 7344.
Conservative Banker partially paid Income Tax.
Remaining Balance : LKR 0.

Opportunistic Trader rolled 2.
Opportunistic Trader moves from Square 39 to Square 1.

Opportunistic Trader passed GO.
Collected LKR 2000.
Current Balance LKR 2183.

Aggressive Investor rolled 5.
Aggressive Investor moves from Square 38 to Square 3.

Aggressive Investor passed GO.
Collected LKR 2000.
Current Balance LKR 6039.

Aggressive Investor Landed on Community Development Fund.

Community Development Fund Amount : LKR 5193.
Aggressive Investor paid Full Community Development Fund Amount.
Remaining Balance : LKR 846.


=================== Round 21 Summary ===================

Player : Opportunistic Trader 
	 Cash             : LKR    2183
	 Net Worth        : LKR   10447
	 Properties       :           2
	 Hotels           :           0
	 Outstanding Loan : LKR       0

	 Active National Event Cards : 
	 Housing Subsidy          (08 rounds left)
	 Port Expansion           (13 rounds left)
	 Festival Season          (13 rounds left)
	 Labour Strike            (01 rounds left)
	 Currency Depreciation    (02 rounds left)

Player : Aggressive Investor 
	 Cash             : LKR     846
	 Net Worth        : LKR   52341
	 Properties       :           5
	 Hotels           :           0
	 Outstanding Loan : LKR   11734

	 Active National Event Cards : 
	 Stock Market Rise        (08 rounds left)

Player : Conservative Banker 
	 Cash             : LKR       0
	 Net Worth        : LKR   40356
	 Properties       :           8
	 Hotels           :           0
	 Outstanding Loan : LKR       0

	 Active National Event Cards : 
	 Economic Downturn        (10 rounds left)
	 Interest Rate Cut        (10 rounds left)
	 Interest Rate Increase   (11 rounds left)
	 Foreign Funding          (13 rounds left)

Player : Risk Taker (Bankrupt)
	
=============== Current Market Conditions ==============

Inflation : -3%         Current Loan Interest  : 7.81%

----------- Market Condition (09 rounds left) ----------

Market Boom     : Southern Province    (+15%)

Market Decline  : Northern Province    (-15%)

--------------- Regional Development Cards -------------

Transport Strike                   -40% (09 rounds left)

--------------------------------------------------------
Conservative Banker rolled 9.
Conservative Banker moves from Square 5 to Square 14.

Conservative Banker Landed on Maharagama.

Conservative Banker do not have enough cash to pay rent.
Cash Balance : LKR 0.
Required Amount : LKR 305

Conservative Banker decided to sell a property.

Auction Started.
Property :
	Bambalapitiya
Opening Bid : 
	LKR 1519.

Bidders : [ <Opportunistic Trader> ]

Opportunistic Trader bids LKR 1519.

Conservative Banker sold Bambalapitiya for LKR 1519 in the auction.
Cash Balance : LKR 1519.

Opportunistic Trader wins the auction.
Opportunistic Trader purchased Bambalapitiya for LKR 1519.
Remaining Balance : LKR 664.

Rent Paid : LKR 305.
Owner : Aggressive Investor.

Opportunistic Trader rolled 5.
Opportunistic Trader moves from Square 1 to Square 6.

Opportunistic Trader Landed on Colombo Fort Railway Station.

Opportunistic Trader do not have enough cash to pay rent.
Cash Balance : LKR 664.
Required Amount : LKR 750

Opportunistic Trader decided to sell a property.

Auction Started.
Property :
	Maradana
Opening Bid : 
	LKR 1093.

Bidders : [ <Conservative Banker> ]

Conservative Banker bids LKR 1093.

Opportunistic Trader sold Maradana for LKR 1093 in the auction.
Cash Balance : LKR 1757.

Conservative Banker wins the auction.
Conservative Banker purchased Maradana for LKR 1093.
Remaining Balance : LKR 121.

Rent Paid : LKR 750.
Owner : Aggressive Investor.

Aggressive Investor rolled 11.
Aggressive Investor moves from Square 3 to Square 14.

Aggressive Investor Landed on Maharagama.

Aggressive Investor renovated buildings in Nuwara Eliya for LKR 251.
Remaining Balance : LKR 1650.

Aggressive Investor renovated buildings in Galle Face for LKR 125.
Remaining Balance : LKR 1524.

Conservative Banker rolled 7.
Conservative Banker moves from Square 14 to Square 21.

Conservative Banker Landed on Free Parking.

Opportunistic Trader rolled 6.
Opportunistic Trader moves from Square 6 to Square 12.

Opportunistic Trader Landed on Nugegoda.

Rent Paid : LKR 282.
Owner : Conservative Banker.

Aggressive Investor rolled 6.
Aggressive Investor moves from Square 14 to Square 20.

Aggressive Investor Landed on Ja-Ela.

Rent Paid : LKR 435.
Owner : Opportunistic Trader.

Conservative Banker rolled 10.
Conservative Banker moves from Square 21 to Square 31.

Conservative Banker Landed on Go To Jail.

Conservative Banker is in Jail.
Conservative Banker moves from Square 31 to Square 11.

Opportunistic Trader rolled 9.
Opportunistic Trader moves from Square 12 to Square 21.

Opportunistic Trader Landed on Free Parking.

Aggressive Investor rolled 7.
Aggressive Investor moves from Square 20 to Square 27.

Aggressive Investor Landed on Galle Fort.

Auction Started.
Property :
	Galle Fort
Opening Bid : 
	LKR 4543.

Bidders : []

No bidder property goes back to bank.

Opportunistic Trader rolled 4.
Opportunistic Trader moves from Square 21 to Square 25.

Opportunistic Trader Landed on Katugastota.

Rent Paid : LKR 543.
Owner : Conservative Banker.

Aggressive Investor rolled 8.
Aggressive Investor moves from Square 27 to Square 35.

Aggressive Investor Landed on Trincomalee.

Conservative Banker got out of Jail by paying bail of LKR 300.

Conservative Banker rolled 9.
Conservative Banker moves from Square 11 to Square 20.

Conservative Banker Landed on Ja-Ela.

Rent Paid : LKR 435.
Owner : Opportunistic Trader.

Opportunistic Trader rolled 7.
Opportunistic Trader moves from Square 25 to Square 32.

Opportunistic Trader Landed on Jaffna Town.

Rent Paid : LKR 652.
Owner : Aggressive Investor.

Aggressive Investor rolled 7.
Aggressive Investor moves from Square 35 to Square 2.

Aggressive Investor passed GO.
Collected LKR 2000.
Current Balance LKR 3741.

Aggressive Investor Landed on Pettah.

Auction Started.
Property :
	Pettah
Opening Bid : 
	LKR 911.

Bidders : []

No bidder property goes back to bank.

Conservative Banker rolled 4.
Conservative Banker moves from Square 20 to Square 24.

Conservative Banker Landed on Peradeniya.

Auction Started.
Property :
	Peradeniya
Opening Bid : 
	LKR 3445.

Bidders : []

No bidder property goes back to bank.

Opportunistic Trader rolled 9.
Opportunistic Trader moves from Square 32 to Square 1.

Opportunistic Trader passed GO.
Collected LKR 2000.
Current Balance LKR 2400.

Aggressive Investor rolled 7.
Aggressive Investor moves from Square 2 to Square 9.

Aggressive Investor Landed on Wellawatta.

Auction Started.
Property :
	Wellawatta
Opening Bid : 
	LKR 1640.

Bidders : [ <Opportunistic Trader> ]

Opportunistic Trader bids LKR 1640.

Opportunistic Trader wins the auction.
Opportunistic Trader purchased Wellawatta for LKR 1640.
Remaining Balance : LKR 760.

Conservative Banker rolled 9.
Conservative Banker moves from Square 24 to Square 33.

Conservative Banker Landed on Nallur.

Opportunistic Trader rolled 6.
Opportunistic Trader moves from Square 1 to Square 7.

Opportunistic Trader Landed on Bambalapitiya.

Aggressive Investor rolled 11.
Aggressive Investor moves from Square 9 to Square 20.

Aggressive Investor Landed on Ja-Ela.

Rent Paid : LKR 435.
Owner : Opportunistic Trader.

Conservative Banker rolled 6.
Conservative Banker moves from Square 33 to Square 39.

Conservative Banker Landed on Bank of Ceylon.

Conservative Banker obtained a secured loan.
Loan Amount : LKR 16133.
Outstanding Loan Amount : LKR 16133.

Collateral : 
	Maradana
	Nugegoda
	Ceylon Electricity Board
	Kottawa
	Kandy Railway Station
	Negombo
	Katunayake
	Katugastota
	Hikkaduwa
	Nallur

Interest Rate : 7.81%.
Duration : 20.

Opportunistic Trader rolled 8.
Opportunistic Trader moves from Square 7 to Square 15.

Opportunistic Trader Landed on Kottawa.

Rent Paid : LKR 326.
Owner : Conservative Banker.

Aggressive Investor rolled 9.
Aggressive Investor moves from Square 20 to Square 29.

Aggressive Investor Landed on National Water Supply and Drainage Board.

Conservative Banker rolled 7.
Conservative Banker moves from Square 39 to Square 6.

Conservative Banker passed GO.
Collected LKR 2000.
Current Balance LKR 18670.

Conservative Banker Landed on Colombo Fort Railway Station.

Conservative Banker settled outstanding taxes of LKR 12392.

Rent Paid : LKR 750.
Owner : Aggressive Investor.


=================== Round 22 Summary ===================

Player : Opportunistic Trader 
	 Cash             : LKR     869
	 Net Worth        : LKR   13266
	 Properties       :           3
	 Hotels           :           0
	 Outstanding Loan : LKR       0

	 Active National Event Cards : 
	 Housing Subsidy          (07 rounds left)
	 Port Expansion           (12 rounds left)
	 Festival Season          (12 rounds left)
	 Currency Depreciation    (01 rounds left)

Player : Aggressive Investor 
	 Cash             : LKR    4056
	 Net Worth        : LKR   55551
	 Properties       :           5
	 Hotels           :           0
	 Outstanding Loan : LKR   11734

	 Active National Event Cards : 
	 Stock Market Rise        (07 rounds left)

Player : Conservative Banker 
	 Cash             : LKR    5528
	 Net Worth        : LKR   40031
	 Properties       :           8
	 Hotels           :           0
	 Outstanding Loan : LKR   17393

	 Active National Event Cards : 
	 Economic Downturn        (09 rounds left)
	 Interest Rate Cut        (09 rounds left)
	 Interest Rate Increase   (10 rounds left)
	 Foreign Funding          (12 rounds left)

Player : Risk Taker (Bankrupt)
	
=============== Current Market Conditions ==============

Inflation : -3%         Current Loan Interest  : 7.81%

----------- Market Condition (08 rounds left) ----------

Market Boom     : Southern Province    (+15%)

Market Decline  : Northern Province    (-15%)

--------------- Regional Development Cards -------------

Transport Strike                   -40% (08 rounds left)

--------------------------------------------------------
Opportunistic Trader rolled 3.
Opportunistic Trader moves from Square 15 to Square 18.

Opportunistic Trader Landed on Sri Lanka Insurance.

Basic Property Insurance purchased.
Property : Bambalapitiya.
Premium : LKR 152.

Basic Property Insurance purchased.
Property : Wellawatta.
Premium : LKR 164.

Not enough money to purchase insurance premium.

Aggressive Investor rolled 8.
Aggressive Investor moves from Square 29 to Square 37.

Aggressive Investor Landed on National Event Card.

Aggressive Investor draws Insurance Discount Card.
Premiums reduced by 20%.

Conservative Banker rolled 9.
Conservative Banker moves from Square 6 to Square 15.

Conservative Banker Landed on Kottawa.

Opportunistic Trader rolled 8.
Opportunistic Trader moves from Square 18 to Square 26.

Opportunistic Trader Landed on Galle Railway Station.

Opportunistic Trader do not have enough cash to pay rent.
Cash Balance : LKR 553.
Required Amount : LKR 750

Opportunistic Trader decided to sell a property.

Auction Started.
Property :
	Bambalapitiya
Opening Bid : 
	LKR 1519.

Bidders : [ <Conservative Banker> ]

Conservative Banker bids LKR 1519.

Opportunistic Trader sold Bambalapitiya for LKR 1519 in the auction.
Cash Balance : LKR 2072.

Conservative Banker wins the auction.
Conservative Banker purchased Bambalapitiya for LKR 1519.
Remaining Balance : LKR 4009.

Rent Paid : LKR 750.
Owner : Aggressive Investor.

Aggressive Investor rolled 6.
Aggressive Investor moves from Square 37 to Square 3.

Aggressive Investor passed GO.
Collected LKR 2000.
Current Balance LKR 6806.

Aggressive Investor Landed on Community Development Fund.

Community Development Fund Amount : LKR 5193.
Aggressive Investor paid Full Community Development Fund Amount.
Remaining Balance : LKR 1613.

Conservative Banker rolled 7.
Conservative Banker moves from Square 15 to Square 22.

Conservative Banker Landed on Kandy City.

Auction Started.
Property :
	Kandy City
Opening Bid : 
	LKR 3267.

Bidders : [ <Conservative Banker> ]

Conservative Banker bids LKR 3267.

Conservative Banker wins the auction.
Conservative Banker purchased Kandy City for LKR 3267.
Remaining Balance : LKR 742.

Opportunistic Trader rolled 8.
Opportunistic Trader moves from Square 26 to Square 34.

Opportunistic Trader Landed on Ceylinco Insurance.

Comprehensive Insurance purchased.
Property : Ja-Ela.
Premium : LKR 608.

Aggressive Investor rolled 9.
Aggressive Investor moves from Square 3 to Square 12.

Aggressive Investor Landed on Nugegoda.

Rent Paid : LKR 282.
Owner : Conservative Banker.

Conservative Banker rolled 5.
Conservative Banker moves from Square 22 to Square 27.

Conservative Banker Landed on Galle Fort.

Auction Started.
Property :
	Galle Fort
Opening Bid : 
	LKR 4543.

Bidders : []

No bidder property goes back to bank.

Opportunistic Trader rolled 11.
Opportunistic Trader moves from Square 34 to Square 5.

Opportunistic Trader passed GO.
Collected LKR 2000.
Current Balance LKR 2714.

Opportunistic Trader Landed on Income Tax.

Income Tax Amount : LKR 1811.
Opportunistic Trader paid Full Income Tax Amount.
Remaining Balance : LKR 903.

Aggressive Investor rolled 7.
Aggressive Investor moves from Square 12 to Square 19.

Aggressive Investor Landed on Katunayake.

Rent Paid : LKR 402.
Owner : Conservative Banker.

Conservative Banker rolled 7.
Conservative Banker moves from Square 27 to Square 34.

Conservative Banker Landed on Ceylinco Insurance.

Comprehensive Insurance purchased.
Property : Maradana.
Premium : LKR 219.

Comprehensive Insurance purchased.
Property : Bambalapitiya.
Premium : LKR 304.

Comprehensive Insurance renewed.
Property : Nugegoda.
Premium : LKR 425.

Not enough money to renew insurance premium.

Not enough money to purchase insurance premium.

Not enough money to renew insurance premium.

Not enough money to renew insurance premium.

Opportunistic Trader rolled 7.
Opportunistic Trader moves from Square 5 to Square 12.

Opportunistic Trader Landed on Nugegoda.

Rent Paid : LKR 282.
Owner : Conservative Banker.

Aggressive Investor rolled 7.
Aggressive Investor moves from Square 19 to Square 26.

Aggressive Investor Landed on Galle Railway Station.

Conservative Banker rolled 8.
Conservative Banker moves from Square 34 to Square 2.

Conservative Banker passed GO.
Collected LKR 2000.
Current Balance LKR 2760.

Conservative Banker Landed on Pettah.

Auction Started.
Property :
	Pettah
Opening Bid : 
	LKR 911.

Bidders : [ <Conservative Banker> ]

Conservative Banker bids LKR 911.

Conservative Banker wins the auction.
Conservative Banker purchased Pettah for LKR 911.
Remaining Balance : LKR 1849.


=================== Round 23 Summary ===================

Player : Opportunistic Trader 
	 Cash             : LKR     621
	 Net Worth        : LKR    9979
	 Properties       :           2
	 Hotels           :           0
	 Outstanding Loan : LKR       0

	 Active National Event Cards : 
	 Housing Subsidy          (06 rounds left)
	 Port Expansion           (11 rounds left)
	 Festival Season          (11 rounds left)

Player : Aggressive Investor 
	 Cash             : LKR     929
	 Net Worth        : LKR   52424
	 Properties       :           5
	 Hotels           :           0
	 Outstanding Loan : LKR   11734

	 Active National Event Cards : 
	 Stock Market Rise        (06 rounds left)
	 Insurance Discount       (14 rounds left)

Player : Conservative Banker 
	 Cash             : LKR    1849
	 Net Worth        : LKR   47650
	 Properties       :          11
	 Hotels           :           0
	 Outstanding Loan : LKR   17492

	 Active National Event Cards : 
	 Economic Downturn        (08 rounds left)
	 Interest Rate Cut        (08 rounds left)
	 Interest Rate Increase   (09 rounds left)
	 Foreign Funding          (11 rounds left)

Player : Risk Taker (Bankrupt)
	
=============== Current Market Conditions ==============

Inflation : -3%         Current Loan Interest  : 7.81%

----------- Market Condition (07 rounds left) ----------

Market Boom     : Southern Province    (+15%)

Market Decline  : Northern Province    (-15%)

--------------- Regional Development Cards -------------

Transport Strike                   -40% (07 rounds left)

--------------------------------------------------------
Opportunistic Trader rolled 8.
Opportunistic Trader moves from Square 12 to Square 20.

Opportunistic Trader Landed on Ja-Ela.

Aggressive Investor rolled 11.
Aggressive Investor moves from Square 26 to Square 37.

Aggressive Investor Landed on National Event Card.

Aggressive Investor draws Property Revaluation Card.
Random property group appreciates by 15%.

Conservative Banker rolled 7.
Conservative Banker moves from Square 2 to Square 9.

Conservative Banker Landed on Wellawatta.

Rent Paid : LKR 217.
Owner : Opportunistic Trader.

Opportunistic Trader rolled 10.
Opportunistic Trader moves from Square 20 to Square 30.

Opportunistic Trader Landed on Hikkaduwa.

Opportunistic Trader do not have enough cash to pay rent.
Cash Balance : LKR 838.
Required Amount : LKR 883

Opportunistic Trader decided to sell a property.

Auction Started.
Property :
	Wellawatta
Opening Bid : 
	LKR 1640.

Bidders : []

No bidder property goes back to owner.

Opportunistic Trader sold Wellawatta to Bank of Ceylon for LKR 1350.

Rent Paid : LKR 883.
Owner : Conservative Banker.

Aggressive Investor rolled 7.
Aggressive Investor moves from Square 37 to Square 4.

Aggressive Investor passed GO.
Collected LKR 2000.
Current Balance LKR 2929.

Aggressive Investor Landed on Maradana.

Rent Paid : LKR 130.
Owner : Conservative Banker.

Conservative Banker rolled 3.
Conservative Banker moves from Square 9 to Square 12.

Conservative Banker Landed on Nugegoda.

Opportunistic Trader rolled 9.
Opportunistic Trader moves from Square 30 to Square 39.

Opportunistic Trader Landed on Bank of Ceylon.

Aggressive Investor rolled 7.
Aggressive Investor moves from Square 4 to Square 11.

Aggressive Investor Landed on Jail (Just Visiting).

Conservative Banker rolled 9.
Conservative Banker moves from Square 12 to Square 21.

Conservative Banker Landed on Free Parking.

Opportunistic Trader rolled 2.
Opportunistic Trader moves from Square 39 to Square 1.

Opportunistic Trader passed GO.
Collected LKR 2000.
Current Balance LKR 3305.

Aggressive Investor rolled 11.
Aggressive Investor moves from Square 11 to Square 22.

Aggressive Investor Landed on Kandy City.

Rent Paid : LKR 489.
Owner : Conservative Banker.

Conservative Banker rolled 5.
Conservative Banker moves from Square 21 to Square 26.

Conservative Banker Landed on Galle Railway Station.

Rent Paid : LKR 750.
Owner : Aggressive Investor.

Opportunistic Trader rolled 7.
Opportunistic Trader moves from Square 1 to Square 8.

Opportunistic Trader Landed on National Event Cards.

Opportunistic Trader draws Currency Depreciation Card.
Construction costs increase by 10%.

Aggressive Investor rolled 2.
Aggressive Investor moves from Square 22 to Square 24.

Aggressive Investor Landed on Peradeniya.

Auction Started.
Property :
	Peradeniya
Opening Bid : 
	LKR 3962.

Bidders : []

No bidder property goes back to bank.

Conservative Banker rolled 5.
Conservative Banker moves from Square 26 to Square 31.

Conservative Banker Landed on Go To Jail.

Conservative Banker is in Jail.
Conservative Banker moves from Square 31 to Square 11.

Opportunistic Trader rolled 7.
Opportunistic Trader moves from Square 8 to Square 15.

Opportunistic Trader Landed on Kottawa.

Rent Paid : LKR 326.
Owner : Conservative Banker.

Aggressive Investor rolled 2.
Aggressive Investor moves from Square 24 to Square 26.

Aggressive Investor Landed on Galle Railway Station.

Conservative Banker got out of Jail by paying bail of LKR 300.

Conservative Banker rolled 8.
Conservative Banker moves from Square 11 to Square 19.

Conservative Banker Landed on Katunayake.

Opportunistic Trader rolled 11.
Opportunistic Trader moves from Square 15 to Square 26.

Opportunistic Trader Landed on Galle Railway Station.

Rent Paid : LKR 750.
Owner : Aggressive Investor.

Aggressive Investor rolled 8.
Aggressive Investor moves from Square 26 to Square 34.

Aggressive Investor Landed on Ceylinco Insurance.

Basic Property Insurance renewed.
Property : Nuwara Eliya.
Premium : LKR 475.

Conservative Banker rolled 9.
Conservative Banker moves from Square 19 to Square 28.

Conservative Banker Landed on Unawatuna.

Auction Started.
Property :
	Unawatuna
Opening Bid : 
	LKR 4752.

Bidders : []

No bidder property goes back to bank.

Opportunistic Trader rolled 8.
Opportunistic Trader moves from Square 26 to Square 34.

Opportunistic Trader Landed on Ceylinco Insurance.

Comprehensive Insurance renewed.
Property : Ja-Ela.
Premium : LKR 608.

Aggressive Investor rolled 7.
Aggressive Investor moves from Square 34 to Square 1.

Aggressive Investor passed GO.
Collected LKR 2000.
Current Balance LKR 5335.

Conservative Banker rolled 7.
Conservative Banker moves from Square 28 to Square 35.

Conservative Banker Landed on Trincomalee.

Rent Paid : LKR 695.
Owner : Aggressive Investor.

Opportunistic Trader rolled 6.
Opportunistic Trader moves from Square 34 to Square 40.

Opportunistic Trader Landed on Galle Face.

Opportunistic Trader do not have enough cash to pay rent.
Cash Balance : LKR 1621.
Required Amount : LKR 2608

Opportunistic Trader decided to sell a property.

Auction Started.
Property :
	Ja-Ela
Opening Bid : 
	LKR 3038.

Bidders : []

No bidder property goes back to owner.

Opportunistic Trader sold Ja-Ela to Bank of Ceylon for LKR 2500.

Rent Paid : LKR 2608.
Owner : Aggressive Investor.

Aggressive Investor rolled 6.
Aggressive Investor moves from Square 1 to Square 7.

Aggressive Investor Landed on Bambalapitiya.

Rent Paid : LKR 196.
Owner : Conservative Banker.

Conservative Banker rolled 6.
Conservative Banker moves from Square 35 to Square 1.

Conservative Banker passed GO.
Collected LKR 2000.
Current Balance LKR 3911.


=================== Round 24 Summary ===================

Player : Opportunistic Trader 
	 Cash             : LKR    1513
	 Net Worth        : LKR    1513
	 Properties       :           0
	 Hotels           :           0
	 Outstanding Loan : LKR       0

	 Active National Event Cards : 
	 Housing Subsidy          (05 rounds left)
	 Port Expansion           (10 rounds left)
	 Festival Season          (10 rounds left)
	 Currency Depreciation    (15 rounds left)

Player : Aggressive Investor 
	 Cash             : LKR    8442
	 Net Worth        : LKR   59937
	 Properties       :           5
	 Hotels           :           0
	 Outstanding Loan : LKR   11734

	 Active National Event Cards : 
	 Stock Market Rise        (04 rounds left)
	 Insurance Discount       (12 rounds left)
	 Property Revaluation     (13 rounds left)

Player : Conservative Banker 
	 Cash             : LKR    3911
	 Net Worth        : LKR   51754
	 Properties       :          11
	 Hotels           :           0
	 Outstanding Loan : LKR   17500

	 Active National Event Cards : 
	 Economic Downturn        (07 rounds left)
	 Interest Rate Cut        (07 rounds left)
	 Interest Rate Increase   (08 rounds left)
	 Foreign Funding          (10 rounds left)

Player : Risk Taker (Bankrupt)
	
=============== Current Market Conditions ==============

Inflation : -3%         Current Loan Interest  : 7.81%

----------- Market Condition (06 rounds left) ----------

Market Boom     : Southern Province    (+15%)

Market Decline  : Northern Province    (-15%)

--------------- Regional Development Cards -------------

Transport Strike                   -40% (06 rounds left)

--------------------------------------------------------
Opportunistic Trader rolled 6.
Opportunistic Trader moves from Square 40 to Square 6.

Opportunistic Trader passed GO.
Collected LKR 2000.
Current Balance LKR 3513.

Opportunistic Trader Landed on Colombo Fort Railway Station.

Rent Paid : LKR 750.
Owner : Aggressive Investor.

Aggressive Investor rolled 7.
Aggressive Investor moves from Square 7 to Square 14.

Aggressive Investor Landed on Maharagama.

Aggressive Investor renovated buildings in Nuwara Eliya for LKR 248.
Remaining Balance : LKR 8943.

Aggressive Investor renovated buildings in Galle Face for LKR 124.
Remaining Balance : LKR 8819.

Conservative Banker rolled 7.
Conservative Banker moves from Square 1 to Square 8.

Conservative Banker Landed on National Event Cards.

Conservative Banker draws Government Grant Card.
Random player receives LKR 5,000.

Conservative Banker got LKR 5000.

Opportunistic Trader rolled 8.
Opportunistic Trader moves from Square 6 to Square 14.

Opportunistic Trader Landed on Maharagama.

Rent Paid : LKR 305.
Owner : Aggressive Investor.

Aggressive Investor rolled 8.
Aggressive Investor moves from Square 14 to Square 22.

Aggressive Investor Landed on Kandy City.

Rent Paid : LKR 489.
Owner : Conservative Banker.

Conservative Banker rolled 7.
Conservative Banker moves from Square 8 to Square 15.

Conservative Banker Landed on Kottawa.

Opportunistic Trader rolled 6.
Opportunistic Trader moves from Square 14 to Square 20.

Opportunistic Trader Landed on Ja-Ela.

Auction Started.
Property :
	Ja-Ela
Opening Bid : 
	LKR 3038.

Bidders : [ <Conservative Banker> ]

Conservative Banker bids LKR 3038.

Conservative Banker wins the auction.
Conservative Banker purchased Ja-Ela for LKR 3038.
Remaining Balance : LKR 6362.

Aggressive Investor rolled 5.
Aggressive Investor moves from Square 22 to Square 27.

Aggressive Investor Landed on Galle Fort.

Auction Started.
Property :
	Galle Fort
Opening Bid : 
	LKR 4543.

Bidders : [ <Conservative Banker> ]

Conservative Banker bids LKR 4543.

Conservative Banker wins the auction.
Conservative Banker purchased Galle Fort for LKR 4543.
Remaining Balance : LKR 1819.

Conservative Banker rolled 11.
Conservative Banker moves from Square 15 to Square 26.

Conservative Banker Landed on Galle Railway Station.

Rent Paid : LKR 750.
Owner : Aggressive Investor.

Opportunistic Trader rolled 5.
Opportunistic Trader moves from Square 20 to Square 25.

Opportunistic Trader Landed on Katugastota.

Rent Paid : LKR 543.
Owner : Conservative Banker.

Aggressive Investor rolled 9.
Aggressive Investor moves from Square 27 to Square 36.

Aggressive Investor Landed on Jaffna Railway Station.

Conservative Banker rolled 7.
Conservative Banker moves from Square 26 to Square 33.

Conservative Banker Landed on Nallur.

Opportunistic Trader rolled 11.
Opportunistic Trader moves from Square 25 to Square 36.

Opportunistic Trader Landed on Jaffna Railway Station.

Rent Paid : LKR 750.
Owner : Aggressive Investor.

Aggressive Investor rolled 4.
Aggressive Investor moves from Square 36 to Square 40.

Aggressive Investor Landed on Galle Face.

Aggressive Investor constructed one house on Galle Face.
Construction cost : LKR 2487.

Conservative Banker rolled 9.
Conservative Banker moves from Square 33 to Square 2.

Conservative Banker passed GO.
Collected LKR 2000.
Current Balance LKR 3612.

Conservative Banker Landed on Pettah.

Conservative Banker constructed one house on Pettah.
Construction cost : LKR 377.


=================== Round 25 Summary ===================

Player : Opportunistic Trader 
	 Cash             : LKR    1165
	 Net Worth        : LKR    1165
	 Properties       :           0
	 Hotels           :           0
	 Outstanding Loan : LKR       0

	 Active National Event Cards : 
	 Housing Subsidy          (04 rounds left)
	 Port Expansion           (09 rounds left)
	 Festival Season          (09 rounds left)
	 Currency Depreciation    (14 rounds left)

Player : Aggressive Investor 
	 Cash             : LKR    7648
	 Net Worth        : LKR   61836
	 Properties       :           5
	 Hotels           :           0
	 Outstanding Loan : LKR   11734

	 Active National Event Cards : 
	 Stock Market Rise        (04 rounds left)
	 Insurance Discount       (12 rounds left)
	 Property Revaluation     (13 rounds left)

Player : Conservative Banker 
	 Cash             : LKR    3235
	 Net Worth        : LKR   66618
	 Properties       :          13
	 Hotels           :           0
	 Outstanding Loan : LKR   17500

	 Active National Event Cards : 
	 Economic Downturn        (06 rounds left)
	 Interest Rate Cut        (06 rounds left)
	 Interest Rate Increase   (07 rounds left)
	 Foreign Funding          (09 rounds left)

Player : Risk Taker (Bankrupt)
	
=============== Current Market Conditions ==============

Inflation : -3%         Current Loan Interest  : 7.81%

----------- Market Condition (05 rounds left) ----------

Market Boom     : Southern Province    (+15%)

Market Decline  : Northern Province    (-15%)

--------------- Regional Development Cards -------------

Transport Strike                   -40% (05 rounds left)

--------------------------------------------------------
Opportunistic Trader rolled 7.
Opportunistic Trader moves from Square 36 to Square 3.

Opportunistic Trader passed GO.
Collected LKR 2000.
Current Balance LKR 3165.

Opportunistic Trader Landed on Community Development Fund.

Aggressive Investor rolled 6.
Aggressive Investor moves from Square 40 to Square 6.

Aggressive Investor passed GO.
Collected LKR 2000.
Current Balance LKR 9648.

Aggressive Investor Landed on Colombo Fort Railway Station.

Conservative Banker rolled 7.
Conservative Banker moves from Square 2 to Square 9.

Conservative Banker Landed on Wellawatta.

Auction Started.
Property :
	Wellawatta
Opening Bid : 
	LKR 1640.

Bidders : [ <Opportunistic Trader>  <Conservative Banker> ]

Opportunistic Trader bids LKR 1890.
Conservative Banker bids LKR 2140.

Opportunistic Trader bids LKR 2390.
Conservative Banker bids LKR 2640.

Opportunistic Trader bids LKR 2890.
Conservative Banker bids LKR 3140.

Opportunistic Trader withdraws.

Conservative Banker wins the auction.
Conservative Banker purchased Wellawatta for LKR 3140.
Remaining Balance : LKR 95.

Opportunistic Trader rolled 11.
Opportunistic Trader moves from Square 3 to Square 14.

Opportunistic Trader Landed on Maharagama.

Rent Paid : LKR 305.
Owner : Aggressive Investor.

Aggressive Investor rolled 7.
Aggressive Investor moves from Square 6 to Square 13.

Aggressive Investor Landed on Ceylon Electricity Board.

Rent Paid : LKR 28.
Owner : Conservative Banker.

Conservative Banker rolled 9.
Conservative Banker moves from Square 9 to Square 18.

Conservative Banker Landed on Sri Lanka Insurance.

Not enough money to purchase insurance premium.

Not enough money to purchase insurance premium.

Not enough money to renew insurance premium.

Not enough money to renew insurance premium.

Not enough money to purchase insurance premium.

Not enough money to purchase insurance premium.

Not enough money to purchase insurance premium.

Not enough money to renew insurance premium.

Opportunistic Trader rolled 5.
Opportunistic Trader moves from Square 14 to Square 19.

Opportunistic Trader Landed on Katunayake.

Rent Paid : LKR 402.
Owner : Conservative Banker.

Aggressive Investor rolled 5.
Aggressive Investor moves from Square 13 to Square 18.

Aggressive Investor Landed on Sri Lanka Insurance.

Basic Property Insurance renewed.
Property : Galle Face.
Premium : LKR 570.

Conservative Banker rolled 8.
Conservative Banker moves from Square 18 to Square 26.

Conservative Banker Landed on Galle Railway Station.

Conservative Banker do not have enough cash to pay rent.
Cash Balance : LKR 525.
Required Amount : LKR 750

Conservative Banker decided to sell a property.

Auction Started.
Property :
	Pettah
Opening Bid : 
	LKR 911.

Bidders : [ <Opportunistic Trader> ]

Opportunistic Trader bids LKR 911.

Conservative Banker sold Pettah for LKR 911 in the auction.
Cash Balance : LKR 1436.

Opportunistic Trader wins the auction.
Opportunistic Trader purchased Pettah for LKR 911.
Remaining Balance : LKR 1547.

Rent Paid : LKR 750.
Owner : Aggressive Investor.

Opportunistic Trader rolled 6.
Opportunistic Trader moves from Square 19 to Square 25.

Opportunistic Trader Landed on Katugastota.

Rent Paid : LKR 543.
Owner : Conservative Banker.

Aggressive Investor rolled 6.
Aggressive Investor moves from Square 18 to Square 24.

Aggressive Investor Landed on Peradeniya.

Auction Started.
Property :
	Peradeniya
Opening Bid : 
	LKR 3962.

Bidders : []

No bidder property goes back to bank.

Conservative Banker rolled 7.
Conservative Banker moves from Square 26 to Square 33.

Conservative Banker Landed on Nallur.

Opportunistic Trader rolled 4.
Opportunistic Trader moves from Square 25 to Square 29.

Opportunistic Trader Landed on National Water Supply and Drainage Board.

Rent Paid : LKR 16.
Owner : Aggressive Investor.

Aggressive Investor rolled 6.
Aggressive Investor moves from Square 24 to Square 30.

Aggressive Investor Landed on Hikkaduwa.

Rent Paid : LKR 883.
Owner : Conservative Banker.

Conservative Banker rolled 6.
Conservative Banker moves from Square 33 to Square 39.

Conservative Banker Landed on Bank of Ceylon.

Conservative Banker extended the loan of LKR 17500.
Duration : 20.

Opportunistic Trader rolled 9.
Opportunistic Trader moves from Square 29 to Square 38.

Opportunistic Trader Landed on Nuwara Eliya.

Opportunistic Trader do not have enough cash to pay rent.
Cash Balance : LKR 988.
Required Amount : LKR 3258

Opportunistic Trader decided to sell a property.

Auction Started.
Property :
	Pettah
Opening Bid : 
	LKR 911.

Bidders : [ <Conservative Banker> ]

Conservative Banker bids LKR 911.

Opportunistic Trader sold Pettah for LKR 911 in the auction.
Cash Balance : LKR 1899.

Conservative Banker wins the auction.
Conservative Banker purchased Pettah for LKR 911.
Remaining Balance : LKR 1201.

Opportunistic Trader has been declared bankrupt.
Remaining assets transferred to the Bank.

Aggressive Investor rolled 7.
Aggressive Investor moves from Square 30 to Square 37.

Aggressive Investor Landed on National Event Card.

Aggressive Investor draws National Disaster Card.
Random developed property damaged.

Building Collapse occurred.
Affected Property : 
	Maradana

Comprehensive Insurance doesn't cover Building Collapse.

Conservative Banker Paid the repair cost : LKR 219.

Conservative Banker rolled 4.
Conservative Banker moves from Square 39 to Square 3.

Conservative Banker passed GO.
Collected LKR 2000.
Current Balance LKR 2982.

Conservative Banker Landed on Community Development Fund.

Community Development Fund Amount : LKR 8677.
Conservative Banker partially paid Community Development Fund.
Remaining Balance : LKR 0.


=================== Round 26 Summary ===================

Player : Opportunistic Trader (Bankrupt)
	
Player : Aggressive Investor 
	 Cash             : LKR    9238
	 Net Worth        : LKR   63426
	 Properties       :           5
	 Hotels           :           0
	 Outstanding Loan : LKR   11734

	 Active National Event Cards : 
	 Stock Market Rise        (03 rounds left)
	 Insurance Discount       (11 rounds left)
	 Property Revaluation     (12 rounds left)
	 National Disaster        (01 rounds left)

Player : Conservative Banker 
	 Cash             : LKR       0
	 Net Worth        : LKR   60592
	 Properties       :          14
	 Hotels           :           0
	 Outstanding Loan : LKR   17500

	 Active National Event Cards : 
	 Economic Downturn        (05 rounds left)
	 Interest Rate Cut        (05 rounds left)
	 Interest Rate Increase   (06 rounds left)
	 Foreign Funding          (08 rounds left)

Player : Risk Taker (Bankrupt)
	
=============== Current Market Conditions ==============

Inflation : -3%         Current Loan Interest  : 7.81%

----------- Market Condition (04 rounds left) ----------

Market Boom     : Southern Province    (+15%)

Market Decline  : Northern Province    (-15%)

--------------- Regional Development Cards -------------

Transport Strike                   -40% (04 rounds left)

--------------------------------------------------------
Aggressive Investor rolled 4.
Aggressive Investor moves from Square 37 to Square 1.

Aggressive Investor passed GO.
Collected LKR 2000.
Current Balance LKR 11238.

Conservative Banker rolled 10.
Conservative Banker moves from Square 3 to Square 13.

Conservative Banker Landed on Ceylon Electricity Board.

Aggressive Investor rolled 7.
Aggressive Investor moves from Square 1 to Square 8.

Aggressive Investor Landed on National Event Cards.

Aggressive Investor draws Tourism Hype Card.
Hotels earn double rent for 5 rounds.

Conservative Banker rolled 5.
Conservative Banker moves from Square 13 to Square 18.

Conservative Banker Landed on Sri Lanka Insurance.

Not enough money to purchase insurance premium.

Not enough money to purchase insurance premium.

Not enough money to renew insurance premium.

Not enough money to renew insurance premium.

Not enough money to purchase insurance premium.

Not enough money to purchase insurance premium.

Not enough money to purchase insurance premium.

Not enough money to renew insurance premium.

Aggressive Investor rolled 6.
Aggressive Investor moves from Square 8 to Square 14.

Aggressive Investor Landed on Maharagama.

Aggressive Investor renovated buildings in Nuwara Eliya for LKR 248.
Remaining Balance : LKR 10989.

Aggressive Investor renovated buildings in Galle Face for LKR 248.
Remaining Balance : LKR 10740.

Conservative Banker rolled 7.
Conservative Banker moves from Square 18 to Square 25.

Conservative Banker Landed on Katugastota.

Aggressive Investor rolled 4.
Aggressive Investor moves from Square 14 to Square 18.

Aggressive Investor Landed on Sri Lanka Insurance.

Basic Property Insurance renewed.
Property : Galle Face.
Premium : LKR 570.

Conservative Banker rolled 4.
Conservative Banker moves from Square 25 to Square 29.

Conservative Banker Landed on National Water Supply and Drainage Board.

Conservative Banker do not have enough cash to pay rent.
Cash Balance : LKR 0.
Required Amount : LKR 16

Conservative Banker decided to sell a property.

Auction Started.
Property :
	Pettah
Opening Bid : 
	LKR 911.

Bidders : []

No bidder property goes back to owner.

Conservative Banker sold Pettah to Bank of Ceylon for LKR 750.

Rent Paid : LKR 16.
Owner : Aggressive Investor.

Aggressive Investor rolled 4.
Aggressive Investor moves from Square 18 to Square 22.

Aggressive Investor Landed on Kandy City.

Rent Paid : LKR 489.
Owner : Conservative Banker.

Conservative Banker rolled 4.
Conservative Banker moves from Square 29 to Square 33.

Conservative Banker Landed on Nallur.

Aggressive Investor rolled 8.
Aggressive Investor moves from Square 22 to Square 30.

Aggressive Investor Landed on Hikkaduwa.

Rent Paid : LKR 883.
Owner : Conservative Banker.

Conservative Banker rolled 5.
Conservative Banker moves from Square 33 to Square 38.

Conservative Banker Landed on Nuwara Eliya.

Conservative Banker do not have enough cash to pay rent.
Cash Balance : LKR 2106.
Required Amount : LKR 6516

Conservative Banker decided to sell a property.

Auction Started.
Property :
	Bambalapitiya
Opening Bid : 
	LKR 1519.

Bidders : []

No bidder property goes back to owner.

Conservative Banker sold Bambalapitiya to Bank of Ceylon for LKR 1250.

Conservative Banker decided to sell a property.

Auction Started.
Property :
	Wellawatta
Opening Bid : 
	LKR 1640.

Bidders : []

No bidder property goes back to owner.

Conservative Banker sold Wellawatta to Bank of Ceylon for LKR 1350.

Conservative Banker decided to sell a property.

Auction Started.
Property :
	Ja-Ela
Opening Bid : 
	LKR 3038.

Bidders : []

No bidder property goes back to owner.

Conservative Banker sold Ja-Ela to Bank of Ceylon for LKR 2500.

Rent Paid : LKR 6516.
Owner : Aggressive Investor.

Aggressive Investor rolled 9.
Aggressive Investor moves from Square 30 to Square 39.

Aggressive Investor Landed on Bank of Ceylon.

Aggressive Investor decided to refinance existing loan.

Aggressive Investor obtained a secured loan.
Loan Amount : LKR 17783.
Outstanding Loan Amount : LKR 18728.

Collateral : 
	Colombo Fort Railway Station
	Maharagama
	Galle Railway Station
	National Water Supply and Drainage Board
	Jaffna Town
	Trincomalee
	Jaffna Railway Station
	Nuwara Eliya
	Galle Face

Interest Rate : 7.81%.
Duration : 20.

Conservative Banker rolled 5.
Conservative Banker moves from Square 38 to Square 3.

Conservative Banker passed GO.
Collected LKR 2000.
Current Balance LKR 2690.

Conservative Banker Landed on Community Development Fund.

Community Development Fund Amount : LKR 7132.
Conservative Banker partially paid Community Development Fund.
Remaining Balance : LKR 0.


=================== Round 27 Summary ===================

Player : Opportunistic Trader (Bankrupt)
	
Player : Aggressive Investor 
	 Cash             : LKR   22324
	 Net Worth        : LKR   69518
	 Properties       :           5
	 Hotels           :           0
	 Outstanding Loan : LKR   18728

	 Active National Event Cards : 
	 Tourism Hype             (05 rounds left)
	 Stock Market Rise        (02 rounds left)
	 Insurance Discount       (10 rounds left)
	 Property Revaluation     (11 rounds left)

Player : Conservative Banker 
	 Cash             : LKR       0
	 Net Worth        : LKR   41930
	 Properties       :          10
	 Hotels           :           0
	 Outstanding Loan : LKR   17500

	 Active National Event Cards : 
	 Economic Downturn        (04 rounds left)
	 Interest Rate Cut        (04 rounds left)
	 Interest Rate Increase   (05 rounds left)
	 Foreign Funding          (07 rounds left)

Player : Risk Taker (Bankrupt)
	
=============== Current Market Conditions ==============

Inflation : -3%         Current Loan Interest  : 7.81%

----------- Market Condition (03 rounds left) ----------

Market Boom     : Southern Province    (+15%)

Market Decline  : Northern Province    (-15%)

--------------- Regional Development Cards -------------

Transport Strike                   -40% (03 rounds left)

--------------------------------------------------------
Aggressive Investor rolled 6.
Aggressive Investor moves from Square 39 to Square 5.

Aggressive Investor passed GO.
Collected LKR 2000.
Current Balance LKR 24324.

Aggressive Investor Landed on Income Tax.

Income Tax Amount : LKR 10650.
Aggressive Investor paid Full Income Tax Amount.
Remaining Balance : LKR 13674.

Conservative Banker rolled 3.
Conservative Banker moves from Square 3 to Square 6.

Conservative Banker Landed on Colombo Fort Railway Station.

Conservative Banker do not have enough cash to pay rent.
Cash Balance : LKR 0.
Required Amount : LKR 750

Conservative Banker decided to sell a property.

Auction Started.
Property :
	Kandy City
Opening Bid : 
	LKR 3757.

Bidders : []

No bidder property goes back to owner.

Conservative Banker sold Kandy City to Bank of Ceylon for LKR 2750.

Rent Paid : LKR 750.
Owner : Aggressive Investor.

Aggressive Investor rolled 6.
Aggressive Investor moves from Square 5 to Square 11.

Aggressive Investor Landed on Jail (Just Visiting).

Conservative Banker rolled 5.
Conservative Banker moves from Square 6 to Square 11.

Conservative Banker Landed on Jail (Just Visiting).

Aggressive Investor rolled 10.
Aggressive Investor moves from Square 11 to Square 21.

Aggressive Investor Landed on Free Parking.

Conservative Banker rolled 2.
Conservative Banker moves from Square 11 to Square 13.

Conservative Banker Landed on Ceylon Electricity Board.

Aggressive Investor rolled 9.
Aggressive Investor moves from Square 21 to Square 30.

Aggressive Investor Landed on Hikkaduwa.

Rent Paid : LKR 883.
Owner : Conservative Banker.

Conservative Banker rolled 8.
Conservative Banker moves from Square 13 to Square 21.

Conservative Banker Landed on Free Parking.

Aggressive Investor rolled 3.
Aggressive Investor moves from Square 30 to Square 33.

Aggressive Investor Landed on Nallur.

Rent Paid : LKR 678.
Owner : Conservative Banker.

Conservative Banker rolled 8.
Conservative Banker moves from Square 21 to Square 29.

Conservative Banker Landed on National Water Supply and Drainage Board.

Rent Paid : LKR 32.
Owner : Aggressive Investor.

Aggressive Investor rolled 5.
Aggressive Investor moves from Square 33 to Square 38.

Aggressive Investor Landed on Nuwara Eliya.

Aggressive Investor constructed one house on Nuwara Eliya.
Construction cost : LKR 2487.

Aggressive Investor renovated buildings in Nuwara Eliya for LKR 373.
Remaining Balance : LKR 10035.

Aggressive Investor renovated buildings in Galle Face for LKR 248.
Remaining Balance : LKR 9786.

Conservative Banker rolled 9.
Conservative Banker moves from Square 29 to Square 38.

Conservative Banker Landed on Nuwara Eliya.

Conservative Banker do not have enough cash to pay rent.
Cash Balance : LKR 3529.
Required Amount : LKR 10860

Conservative Banker decided to sell a property.

Auction Started.
Property :
	Galle Fort
Opening Bid : 
	LKR 4543.

Bidders : []

No bidder property goes back to owner.

Conservative Banker sold Galle Fort to Bank of Ceylon for LKR 3738.

Conservative Banker has been declared bankrupt.
Remaining assets transferred to the Bank.

Auction Started.
Property :
	Maradana
Opening Bid : 
	LKR 1093.

Bidders : []

No bidder property goes back to bank.

Auction Started.
Property :
	Nugegoda
Opening Bid : 
	LKR 2127.

Bidders : [ <Aggressive Investor> ]

Aggressive Investor bids LKR 2127.

Aggressive Investor wins the auction.
Aggressive Investor purchased Nugegoda for LKR 2127.
Remaining Balance : LKR 7659.

Auction Started.
Property :
	Ceylon Electricity Board
Opening Bid : 
	LKR 911.

Bidders : [ <Aggressive Investor> ]

Aggressive Investor bids LKR 911.

Aggressive Investor wins the auction.
Aggressive Investor purchased Ceylon Electricity Board for LKR 911.
Remaining Balance : LKR 6748.

Auction Started.
Property :
	Kottawa
Opening Bid : 
	LKR 2431.

Bidders : [ <Aggressive Investor> ]

Aggressive Investor bids LKR 2431.

Aggressive Investor wins the auction.
Aggressive Investor purchased Kottawa for LKR 2431.
Remaining Balance : LKR 4317.

Auction Started.
Property :
	Kandy Railway Station
Opening Bid : 
	LKR 1049.

Bidders : [ <Aggressive Investor> ]

Aggressive Investor bids LKR 1049.

Aggressive Investor wins the auction.
Aggressive Investor purchased Kandy Railway Station for LKR 1049.
Remaining Balance : LKR 3268.

Auction Started.
Property :
	Negombo
Opening Bid : 
	LKR 2734.

Bidders : []

No bidder property goes back to bank.

Auction Started.
Property :
	Katunayake
Opening Bid : 
	LKR 2855.

Bidders : []

No bidder property goes back to bank.

Auction Started.
Property :
	Katugastota
Opening Bid : 
	LKR 4100.

Bidders : []

No bidder property goes back to bank.

Auction Started.
Property :
	Hikkaduwa
Opening Bid : 
	LKR 4892.

Bidders : []

No bidder property goes back to bank.

Auction Started.
Property :
	Nallur
Opening Bid : 
	LKR 3216.

Bidders : [ <Aggressive Investor> ]

Aggressive Investor bids LKR 3216.

Aggressive Investor wins the auction.
Aggressive Investor purchased Nallur for LKR 3216.
Remaining Balance : LKR 52.


=================== Round 28 Summary ===================

Player : Opportunistic Trader (Bankrupt)
	
Player : Aggressive Investor 
	 Cash             : LKR      52
	 Net Worth        : LKR   70780
	 Properties       :           8
	 Hotels           :           0
	 Outstanding Loan : LKR   19246

	 Active National Event Cards : 
	 Tourism Hype             (04 rounds left)
	 Stock Market Rise        (01 rounds left)
	 Insurance Discount       (09 rounds left)
	 Property Revaluation     (10 rounds left)

Player : Conservative Banker (Bankrupt)
	
Player : Risk Taker (Bankrupt)
	
=============== Current Market Conditions ==============

Inflation : -3%         Current Loan Interest  : 7.81%

----------- Market Condition (02 rounds left) ----------

Market Boom     : Southern Province    (+15%)

Market Decline  : Northern Province    (-15%)

--------------- Regional Development Cards -------------

Transport Strike                   -40% (02 rounds left)

--------------------------------------------------------
========================================================
                       GAME OVER
========================================================

Winner               : Aggressive Investor
Total Cash           : LKR     52
Total Property Value : LKR  65497
Outstanding Loans    : LKR  19246
Net Worth            : LKR  70780

--------------------------------------------------------
